date,team_1,team_2,winner,target,team_1_win_rate,team_2_win_rate,win_rate_difference,team_1_recent_win_rate,team_2_recent_win_rate,recent_form_difference,team_1_h2h_win_rate,team_2_h2h_win_rate,h2h_difference,team_1_won_toss,team_1_batted_first,toss_winner,toss_decision,venue,city,team_1_venue_win_rate,team_2_venue_win_rate,venue_win_rate_difference,team_1_city_win_rate,team_2_city_win_rate,city_win_rate_difference,team_1_toss_and_bat
2008-04-18,Royal Challengers Bangalore,Kolkata Knight Riders,Kolkata Knight Riders,1,0.5,0.5,0.0,0.5,0.5,0.0,0.5,0.5,0.0,1,0,Royal Challengers Bangalore,field,M Chinnaswamy Stadium,Bangalore,0.5,0.5,0.0,0.5,0.5,0.0,0
2008-04-19,Kings XI Punjab,Chennai Super Kings,Chennai Super Kings,1,0.5,0.5,0.0,0.5,0.5,0.0,0.5,0.5,0.0,0,0,Chennai Super Kings,bat,"Punjab Cricket Association Stadium, Mohali",Chandigarh,0.5,0.5,0.0,0.5,0.5,0.0,0
2008-04-19,Delhi Daredevils,Rajasthan Royals,Delhi Daredevils,0,0.5,0.5,0.0,0.5,0.5,0.0,0.5,0.5,0.0,0,0,Rajasthan Royals,bat,Feroz Shah Kotla,Delhi,0.5,0.5,0.0,0.5,0.5,0.0,0
2008-04-20,Kolkata Knight Riders,Deccan Chargers,Kolkata Knight Riders,0,1.0,0.5,0.5,1.0,0.5,0.5,0.5,0.5,0.0,0,0,Deccan Chargers,bat,Eden Gardens,Kolkata,0.5,0.5,0.0,0.5,0.5,0.0,0
2008-04-20,Mumbai Indians,Royal Challengers Bangalore,Royal Challengers Bangalore,1,0.5,0.0,0.5,0.5,0.0,0.5,0.5,0.5,0.0,1,1,Mumbai Indians,bat,Wankhede Stadium,Mumbai,0.5,0.5,0.0,0.5,0.5,0.0,1
2008-04-21,Rajasthan Royals,Kings XI Punjab,Rajasthan Royals,0,0.0,0.0,0.0,0.0,0.0,0.0,0.5,0.5,0.0,0,0,Kings XI Punjab,bat,Sawai Mansingh Stadium,Jaipur,0.5,0.5,0.0,0.5,0.5,0.0,0
2008-04-22,Deccan Chargers,Delhi Daredevils,Delhi Daredevils,1,0.0,1.0,-1.0,0.0,1.0,-1.0,0.5,0.5,0.0,1,1,Deccan Chargers,bat,"Rajiv Gandhi International Stadium, Uppal",Hyderabad,0.5,0.5,0.0,0.5,0.5,0.0,1
2008-04-23,Chennai Super Kings,Mumbai Indians,Chennai Super Kings,0,1.0,0.0,1.0,1.0,0.0,1.0,0.5,0.5,0.0,0,1,Mumbai Indians,field,"MA Chidambaram Stadium, Chepauk",Chennai,0.5,0.5,0.0,0.5,0.5,0.0,0
2008-04-24,Deccan Chargers,Rajasthan Royals,Rajasthan Royals,1,0.0,0.5,-0.5,0.0,0.5,-0.5,0.5,0.5,0.0,0,1,Rajasthan Royals,field,"Rajiv Gandhi International Stadium, Uppal",Hyderabad,0.0,0.5,-0.5,0.0,0.5,-0.5,0
2008-04-25,Kings XI Punjab,Mumbai Indians,Kings XI Punjab,0,0.0,0.0,0.0,0.0,0.0,0.0,0.5,0.5,0.0,0,1,Mumbai Indians,field,"Punjab Cricket Association Stadium, Mohali",Chandigarh,0.0,0.5,-0.5,0.0,0.5,-0.5,0
2008-04-26,Chennai Super Kings,Kolkata Knight Riders,Chennai Super Kings,0,1.0,1.0,0.0,1.0,1.0,0.0,0.5,0.5,0.0,0,0,Kolkata Knight Riders,bat,"MA Chidambaram Stadium, Chepauk",Chennai,1.0,0.5,0.5,1.0,0.5,0.5,0
2008-04-26,Royal Challengers Bangalore,Rajasthan Royals,Rajasthan Royals,1,0.5,0.6666666666666666,-0.16666666666666663,0.5,0.6666666666666666,-0.16666666666666663,0.5,0.5,0.0,0,1,Rajasthan Royals,field,M Chinnaswamy Stadium,Bangalore,0.0,0.5,-0.5,0.0,0.5,-0.5,0
2008-04-27,Mumbai Indians,Deccan Chargers,Deccan Chargers,1,0.0,0.0,0.0,0.0,0.0,0.0,0.5,0.5,0.0,0,1,Deccan Chargers,field,Dr DY Patil Sports Academy,Mumbai,0.5,0.5,0.0,0.0,0.5,-0.5,0
2008-04-27,Kings XI Punjab,Delhi Daredevils,Kings XI Punjab,0,0.3333333333333333,1.0,-0.6666666666666667,0.3333333333333333,1.0,-0.6666666666666667,0.5,0.5,0.0,0,0,Delhi Daredevils,bat,"Punjab Cricket Association Stadium, Mohali",Chandigarh,0.5,0.5,0.0,0.5,0.5,0.0,0
2008-04-28,Royal Challengers Bangalore,Chennai Super Kings,Chennai Super Kings,1,0.3333333333333333,1.0,-0.6666666666666667,0.3333333333333333,1.0,-0.6666666666666667,0.5,0.5,0.0,0,0,Chennai Super Kings,bat,M Chinnaswamy Stadium,Bangalore,0.0,0.5,-0.5,0.0,0.5,-0.5,0
2008-04-29,Kolkata Knight Riders,Mumbai Indians,Mumbai Indians,1,0.6666666666666666,0.0,0.6666666666666666,0.6666666666666666,0.0,0.6666666666666666,0.5,0.5,0.0,1,1,Kolkata Knight Riders,bat,Eden Gardens,Kolkata,1.0,0.5,0.5,1.0,0.5,0.5,1
2008-04-30,Delhi Daredevils,Royal Challengers Bangalore,Delhi Daredevils,0,0.6666666666666666,0.25,0.41666666666666663,0.6666666666666666,0.25,0.41666666666666663,0.5,0.5,0.0,0,1,Royal Challengers Bangalore,field,Feroz Shah Kotla,Delhi,1.0,0.5,0.5,1.0,0.5,0.5,0
2008-05-01,Deccan Chargers,Kings XI Punjab,Kings XI Punjab,1,0.25,0.5,-0.25,0.25,0.5,-0.25,0.5,0.5,0.0,0,1,Kings XI Punjab,field,"Rajiv Gandhi International Stadium, Uppal",Hyderabad,0.0,0.5,-0.5,0.0,0.5,-0.5,0
2008-05-01,Rajasthan Royals,Kolkata Knight Riders,Rajasthan Royals,0,0.75,0.5,0.25,0.75,0.5,0.25,0.5,0.5,0.0,1,1,Rajasthan Royals,bat,Sawai Mansingh Stadium,Jaipur,1.0,0.5,0.5,1.0,0.5,0.5,1
2008-05-02,Chennai Super Kings,Delhi Daredevils,Delhi Daredevils,1,1.0,0.75,0.25,1.0,0.75,0.25,0.5,0.5,0.0,1,1,Chennai Super Kings,bat,"MA Chidambaram Stadium, Chepauk",Chennai,1.0,0.5,0.5,1.0,0.5,0.5,1
2008-05-03,Royal Challengers Bangalore,Deccan Chargers,Royal Challengers Bangalore,0,0.2,0.2,0.0,0.2,0.2,0.0,0.5,0.5,0.0,0,1,Deccan Chargers,field,M Chinnaswamy Stadium,Bangalore,0.0,0.5,-0.5,0.0,0.5,-0.5,0
2008-05-03,Kings XI Punjab,Kolkata Knight Riders,Kings XI Punjab,0,0.6,0.4,0.19999999999999996,0.6,0.4,0.19999999999999996,0.5,0.5,0.0,1,1,Kings XI Punjab,bat,"Punjab Cricket Association Stadium, Mohali",Chandigarh,0.6666666666666666,0.5,0.16666666666666663,0.6666666666666666,0.5,0.16666666666666663,1
2008-05-04,Mumbai Indians,Delhi Daredevils,Mumbai Indians,0,0.2,0.8,-0.6000000000000001,0.2,0.8,-0.6000000000000001,0.5,0.5,0.0,0,1,Delhi Daredevils,field,Dr DY Patil Sports Academy,Mumbai,0.0,0.5,-0.5,0.0,0.5,-0.5,0
2008-05-04,Rajasthan Royals,Chennai Super Kings,Rajasthan Royals,0,0.8,0.8,0.0,0.8,0.8,0.0,0.5,0.5,0.0,0,0,Chennai Super Kings,bat,Sawai Mansingh Stadium,Jaipur,1.0,0.5,0.5,1.0,0.5,0.5,0
2008-05-05,Royal Challengers Bangalore,Kings XI Punjab,Kings XI Punjab,1,0.3333333333333333,0.6666666666666666,-0.3333333333333333,0.4,0.8,-0.4,0.5,0.5,0.0,0,1,Kings XI Punjab,field,M Chinnaswamy Stadium,Bangalore,0.25,0.5,-0.25,0.25,0.5,-0.25,0
2008-05-06,Chennai Super Kings,Deccan Chargers,Deccan Chargers,1,0.6666666666666666,0.16666666666666666,0.5,0.6,0.2,0.39999999999999997,0.5,0.5,0.0,0,1,Deccan Chargers,field,"MA Chidambaram Stadium, Chepauk",Chennai,0.6666666666666666,0.5,0.16666666666666663,0.6666666666666666,0.5,0.16666666666666663,0
2008-05-07,Mumbai Indians,Rajasthan Royals,Mumbai Indians,0,0.3333333333333333,0.8333333333333334,-0.5,0.4,1.0,-0.6,0.5,0.5,0.0,1,0,Mumbai Indians,field,Dr DY Patil Sports Academy,Mumbai,0.5,0.5,0.0,0.3333333333333333,0.5,-0.16666666666666669,0
2008-05-08,Kolkata Knight Riders,Royal Challengers Bangalore,Kolkata Knight Riders,0,0.3333333333333333,0.2857142857142857,0.047619047619047616,0.2,0.2,0.0,1.0,0.0,1.0,1,1,Kolkata Knight Riders,bat,Eden Gardens,Kolkata,0.5,0.5,0.0,0.5,0.5,0.0,1
2008-05-08,Delhi Daredevils,Chennai Super Kings,Chennai Super Kings,1,0.6666666666666666,0.5714285714285714,0.09523809523809523,0.6,0.4,0.19999999999999996,1.0,0.0,1.0,0,1,Chennai Super Kings,field,Feroz Shah Kotla,Delhi,1.0,0.5,0.5,1.0,0.5,0.5,0
2008-05-09,Rajasthan Royals,Deccan Chargers,Rajasthan Royals,0,0.7142857142857143,0.2857142857142857,0.4285714285714286,0.8,0.4,0.4,1.0,0.0,1.0,1,0,Rajasthan Royals,field,Sawai Mansingh Stadium,Jaipur,1.0,0.5,0.5,1.0,0.5,0.5,0
2008-05-10,Chennai Super Kings,Kings XI Punjab,Chennai Super Kings,0,0.625,0.7142857142857143,-0.0892857142857143,0.4,1.0,-0.6,1.0,0.0,1.0,0,1,Kings XI Punjab,field,"MA Chidambaram Stadium, Chepauk",Chennai,0.5,0.5,0.0,0.5,0.5,0.0,0
2008-05-11,Deccan Chargers,Kolkata Knight Riders,Kolkata Knight Riders,1,0.25,0.42857142857142855,-0.17857142857142855,0.4,0.2,0.2,0.0,1.0,-1.0,0,0,Kolkata Knight Riders,bat,"Rajiv Gandhi International Stadium, Uppal",Hyderabad,0.0,0.5,-0.5,0.0,0.5,-0.5,0
2008-05-11,Rajasthan Royals,Delhi Daredevils,Rajasthan Royals,0,0.75,0.5714285714285714,0.1785714285714286,0.8,0.4,0.4,0.0,1.0,-1.0,1,0,Rajasthan Royals,field,Sawai Mansingh Stadium,Jaipur,1.0,0.5,0.5,1.0,0.5,0.5,0
2008-05-12,Kings XI Punjab,Royal Challengers Bangalore,Kings XI Punjab,0,0.625,0.25,0.375,0.8,0.2,0.6000000000000001,1.0,0.0,1.0,0,0,Royal Challengers Bangalore,bat,"Punjab Cricket Association Stadium, Mohali",Chandigarh,0.75,0.5,0.25,0.75,0.5,0.25,0
2008-05-13,Kolkata Knight Riders,Delhi Daredevils,Kolkata Knight Riders,0,0.5,0.5,0.0,0.4,0.4,0.0,0.5,0.5,0.0,1,1,Kolkata Knight Riders,bat,Eden Gardens,Kolkata,0.6666666666666666,0.5,0.16666666666666663,0.6666666666666666,0.5,0.16666666666666663,1
2008-05-14,Mumbai Indians,Chennai Super Kings,Mumbai Indians,0,0.42857142857142855,0.6666666666666666,-0.23809523809523808,0.6,0.4,0.19999999999999996,0.0,1.0,-1.0,1,0,Mumbai Indians,field,Wankhede Stadium,Mumbai,0.0,0.5,-0.5,0.5,0.5,0.0,0
2008-05-15,Delhi Daredevils,Deccan Chargers,Delhi Daredevils,0,0.4444444444444444,0.2222222222222222,0.2222222222222222,0.2,0.2,0.0,1.0,0.0,1.0,0,1,Deccan Chargers,field,Feroz Shah Kotla,Delhi,0.6666666666666666,0.5,0.16666666666666663,0.6666666666666666,0.5,0.16666666666666663,0
2008-05-16,Mumbai Indians,Kolkata Knight Riders,Mumbai Indians,0,0.5,0.5555555555555556,-0.05555555555555558,0.8,0.6,0.20000000000000007,1.0,0.0,1.0,1,0,Mumbai Indians,field,Wankhede Stadium,Mumbai,0.5,0.5,0.0,0.6,0.5,0.09999999999999998,0
2008-05-17,Rajasthan Royals,Royal Challengers Bangalore,Rajasthan Royals,0,0.7777777777777778,0.2222222222222222,0.5555555555555556,0.8,0.2,0.6000000000000001,1.0,0.0,1.0,0,1,Royal Challengers Bangalore,field,Sawai Mansingh Stadium,Jaipur,1.0,0.5,0.5,1.0,0.5,0.5,0
2008-05-17,Delhi Daredevils,Kings XI Punjab,Kings XI Punjab,1,0.5,0.6666666666666666,-0.16666666666666663,0.2,0.8,-0.6000000000000001,0.0,1.0,-1.0,1,1,Delhi Daredevils,bat,Feroz Shah Kotla,Delhi,0.75,0.5,0.25,0.75,0.5,0.25,1
2008-05-18,Deccan Chargers,Mumbai Indians,Mumbai Indians,1,0.2,0.5555555555555556,-0.35555555555555557,0.2,1.0,-0.8,1.0,0.0,1.0,1,0,Deccan Chargers,field,"Rajiv Gandhi International Stadium, Uppal",Hyderabad,0.0,0.5,-0.5,0.0,0.5,-0.5,0
2008-05-18,Kolkata Knight Riders,Chennai Super Kings,Chennai Super Kings,1,0.5,0.6,-0.09999999999999998,0.6,0.4,0.19999999999999996,0.0,1.0,-1.0,1,1,Kolkata Knight Riders,bat,Eden Gardens,Kolkata,0.75,0.5,0.25,0.75,0.5,0.25,1
2008-05-19,Royal Challengers Bangalore,Delhi Daredevils,Delhi Daredevils,1,0.2,0.45454545454545453,-0.2545454545454545,0.2,0.2,0.0,0.0,1.0,-1.0,0,1,Delhi Daredevils,field,M Chinnaswamy Stadium,Bangalore,0.2,0.5,-0.3,0.2,0.5,-0.3,0
2008-05-20,Kolkata Knight Riders,Rajasthan Royals,Rajasthan Royals,1,0.45454545454545453,0.8,-0.3454545454545455,0.6,0.8,-0.20000000000000007,0.0,1.0,-1.0,0,1,Rajasthan Royals,field,Eden Gardens,Kolkata,0.6,0.5,0.09999999999999998,0.6,0.5,0.09999999999999998,0
2008-05-21,Mumbai Indians,Kings XI Punjab,Kings XI Punjab,1,0.6,0.7,-0.09999999999999998,1.0,0.8,0.19999999999999996,0.0,1.0,-1.0,1,0,Mumbai Indians,field,Wankhede Stadium,Mumbai,0.6666666666666666,0.5,0.16666666666666663,0.6666666666666666,0.5,0.16666666666666663,0
2008-05-21,Chennai Super Kings,Royal Challengers Bangalore,Royal Challengers Bangalore,1,0.6363636363636364,0.18181818181818182,0.45454545454545453,0.6,0.0,0.6,1.0,0.0,1.0,0,0,Royal Challengers Bangalore,bat,"MA Chidambaram Stadium, Chepauk",Chennai,0.6,0.5,0.09999999999999998,0.6,0.5,0.09999999999999998,0
2008-05-23,Kings XI Punjab,Deccan Chargers,Kings XI Punjab,0,0.7272727272727273,0.18181818181818182,0.5454545454545454,0.8,0.2,0.6000000000000001,1.0,0.0,1.0,1,0,Kings XI Punjab,field,"Punjab Cricket Association Stadium, Mohali",Chandigarh,0.8,0.5,0.30000000000000004,0.8,0.5,0.30000000000000004,0
2008-05-24,Delhi Daredevils,Mumbai Indians,Delhi Daredevils,0,0.5,0.5454545454545454,-0.045454545454545414,0.4,0.8,-0.4,0.0,1.0,-1.0,1,0,Delhi Daredevils,field,Feroz Shah Kotla,Delhi,0.6,0.5,0.09999999999999998,0.6,0.5,0.09999999999999998,0
2008-05-24,Chennai Super Kings,Rajasthan Royals,Rajasthan Royals,1,0.5833333333333334,0.8181818181818182,-0.23484848484848486,0.6,0.8,-0.20000000000000007,0.0,1.0,-1.0,0,0,Rajasthan Royals,bat,"MA Chidambaram Stadium, Chepauk",Chennai,0.5,0.5,0.0,0.5,0.5,0.0,0
2008-05-25,Deccan Chargers,Royal Challengers Bangalore,Royal Challengers Bangalore,1,0.16666666666666666,0.25,-0.08333333333333334,0.0,0.2,-0.2,0.0,1.0,-1.0,1,1,Deccan Chargers,bat,"Rajiv Gandhi International Stadium, Uppal",Hyderabad,0.0,0.5,-0.5,0.0,0.5,-0.5,1
2008-05-25,Kolkata Knight Riders,Kings XI Punjab,Kolkata Knight Riders,0,0.4166666666666667,0.75,-0.3333333333333333,0.4,0.8,-0.4,0.0,1.0,-1.0,0,0,Kings XI Punjab,bat,Eden Gardens,Kolkata,0.5,0.5,0.0,0.5,0.5,0.0,0
2008-05-26,Rajasthan Royals,Mumbai Indians,Rajasthan Royals,0,0.8333333333333334,0.5,0.33333333333333337,1.0,0.6,0.4,0.0,1.0,-1.0,1,0,Rajasthan Royals,field,Sawai Mansingh Stadium,Jaipur,1.0,0.5,0.5,1.0,0.5,0.5,0
2008-05-27,Deccan Chargers,Chennai Super Kings,Chennai Super Kings,1,0.15384615384615385,0.5384615384615384,-0.3846153846153846,0.0,0.4,-0.4,1.0,0.0,1.0,1,1,Deccan Chargers,bat,"Rajiv Gandhi International Stadium, Uppal",Hyderabad,0.0,0.5,-0.5,0.0,0.5,-0.5,1
2008-05-28,Kings XI Punjab,Rajasthan Royals,Kings XI Punjab,0,0.6923076923076923,0.8461538461538461,-0.15384615384615385,0.8,1.0,-0.19999999999999996,0.0,1.0,-1.0,0,1,Rajasthan Royals,field,"Punjab Cricket Association Stadium, Mohali",Chandigarh,0.8333333333333334,0.5,0.33333333333333337,0.8333333333333334,0.5,0.33333333333333337,0
2008-05-28,Royal Challengers Bangalore,Mumbai Indians,Mumbai Indians,1,0.3076923076923077,0.46153846153846156,-0.15384615384615385,0.4,0.4,0.0,1.0,0.0,1.0,0,1,Mumbai Indians,field,M Chinnaswamy Stadium,Bangalore,0.16666666666666666,0.5,-0.33333333333333337,0.16666666666666666,0.5,-0.33333333333333337,0
2008-05-30,Delhi Daredevils,Rajasthan Royals,Rajasthan Royals,1,0.5384615384615384,0.7857142857142857,-0.24725274725274726,0.6,0.8,-0.20000000000000007,0.5,0.5,0.0,1,0,Delhi Daredevils,field,Wankhede Stadium,Mumbai,0.5,0.5,0.0,0.0,0.0,0.0,0
2008-05-31,Chennai Super Kings,Kings XI Punjab,Chennai Super Kings,0,0.5714285714285714,0.7142857142857143,-0.1428571428571429,0.4,0.8,-0.4,1.0,0.0,1.0,0,0,Kings XI Punjab,bat,Wankhede Stadium,Mumbai,0.0,1.0,-1.0,0.0,1.0,-1.0,0
2008-06-01,Chennai Super Kings,Rajasthan Royals,Rajasthan Royals,1,0.6,0.8,-0.20000000000000007,0.6,0.8,-0.20000000000000007,0.0,1.0,-1.0,0,1,Rajasthan Royals,field,Dr DY Patil Sports Academy,Mumbai,0.5,0.0,0.5,0.5,0.5,0.0,0
2009-04-18,Chennai Super Kings,Mumbai Indians,Mumbai Indians,1,0.5625,0.5,0.0625,0.4,0.4,0.0,0.5,0.5,0.0,1,0,Chennai Super Kings,field,Newlands,Cape Town,0.5,0.5,0.0,0.5,0.5,0.0,0
2009-04-18,Royal Challengers Bangalore,Rajasthan Royals,Royal Challengers Bangalore,0,0.2857142857142857,0.8125,-0.5267857142857143,0.4,0.8,-0.4,0.0,1.0,-1.0,1,1,Royal Challengers Bangalore,bat,Newlands,Cape Town,0.5,0.5,0.0,0.5,0.5,0.0,1
2009-04-19,Delhi Daredevils,Kings XI Punjab,Delhi Daredevils,0,0.5,0.6666666666666666,-0.16666666666666663,0.6,0.6,0.0,0.0,1.0,-1.0,1,0,Delhi Daredevils,field,Newlands,Cape Town,0.5,0.5,0.0,0.5,0.5,0.0,0
2009-04-19,Deccan Chargers,Kolkata Knight Riders,Deccan Chargers,0,0.14285714285714285,0.46153846153846156,-0.3186813186813187,0.0,0.4,-0.4,0.0,1.0,-1.0,0,0,Kolkata Knight Riders,bat,Newlands,Cape Town,0.5,0.5,0.0,0.5,0.5,0.0,0
2009-04-20,Royal Challengers Bangalore,Chennai Super Kings,Chennai Super Kings,1,0.3333333333333333,0.5294117647058824,-0.19607843137254904,0.6,0.4,0.19999999999999996,0.5,0.5,0.0,0,0,Chennai Super Kings,bat,St George's Park,Port Elizabeth,0.5,0.5,0.0,0.5,0.5,0.0,0
2009-04-21,Kings XI Punjab,Kolkata Knight Riders,Kolkata Knight Riders,1,0.625,0.42857142857142855,0.19642857142857145,0.4,0.2,0.2,0.5,0.5,0.0,0,1,Kolkata Knight Riders,field,Kingsmead,Durban,0.5,0.5,0.0,0.5,0.5,0.0,0
2009-04-22,Royal Challengers Bangalore,Deccan Chargers,Deccan Chargers,1,0.3125,0.2,0.11249999999999999,0.6,0.2,0.39999999999999997,1.0,0.0,1.0,0,0,Deccan Chargers,bat,Newlands,Cape Town,1.0,1.0,0.0,1.0,1.0,0.0,0
2009-04-23,Chennai Super Kings,Delhi Daredevils,Delhi Daredevils,1,0.5555555555555556,0.5333333333333333,0.022222222222222254,0.6,0.6,0.0,0.5,0.5,0.0,0,0,Delhi Daredevils,bat,Kingsmead,Durban,0.5,0.5,0.0,0.5,0.5,0.0,0
2009-04-24,Royal Challengers Bangalore,Kings XI Punjab,Kings XI Punjab,1,0.29411764705882354,0.5882352941176471,-0.29411764705882354,0.4,0.2,0.2,0.0,1.0,-1.0,1,1,Royal Challengers Bangalore,bat,Kingsmead,Durban,0.5,0.0,0.5,0.5,0.0,0.5,1
2009-04-25,Deccan Chargers,Mumbai Indians,Deccan Chargers,0,0.25,0.5333333333333333,-0.2833333333333333,0.4,0.4,0.0,0.5,0.5,0.0,1,1,Deccan Chargers,bat,Kingsmead,Durban,0.5,0.5,0.0,0.5,0.5,0.0,1
2009-04-26,Royal Challengers Bangalore,Delhi Daredevils,Delhi Daredevils,1,0.2777777777777778,0.5625,-0.2847222222222222,0.2,0.8,-0.6000000000000001,0.0,1.0,-1.0,1,1,Royal Challengers Bangalore,bat,St George's Park,Port Elizabeth,0.0,0.5,-0.5,0.0,0.5,-0.5,1
2009-04-26,Kings XI Punjab,Rajasthan Royals,Kings XI Punjab,0,0.6111111111111112,0.7647058823529411,-0.15359477124182996,0.4,0.6,-0.19999999999999996,0.5,0.5,0.0,1,1,Kings XI Punjab,bat,Newlands,Cape Town,0.0,0.0,0.0,0.0,0.0,0.0,1
2009-04-27,Chennai Super Kings,Deccan Chargers,Deccan Chargers,1,0.5263157894736842,0.29411764705882354,0.23219814241486064,0.4,0.6,-0.19999999999999996,0.5,0.5,0.0,0,1,Deccan Chargers,field,Kingsmead,Durban,0.0,1.0,-1.0,0.0,1.0,-1.0,0
2009-04-27,Kolkata Knight Riders,Mumbai Indians,Mumbai Indians,1,0.4666666666666667,0.5,-0.033333333333333326,0.4,0.4,0.0,0.0,1.0,-1.0,0,0,Mumbai Indians,bat,St George's Park,Port Elizabeth,0.5,0.5,0.0,0.5,0.5,0.0,0
2009-04-28,Delhi Daredevils,Rajasthan Royals,Rajasthan Royals,1,0.5882352941176471,0.7222222222222222,-0.13398692810457513,0.8,0.4,0.4,0.3333333333333333,0.6666666666666666,-0.3333333333333333,1,1,Delhi Daredevils,bat,SuperSport Park,Centurion,0.5,0.5,0.0,0.5,0.5,0.0,1
2009-04-29,Kings XI Punjab,Mumbai Indians,Kings XI Punjab,0,0.631578947368421,0.5294117647058824,0.10216718266253866,0.4,0.6,-0.19999999999999996,1.0,0.0,1.0,1,1,Kings XI Punjab,bat,Kingsmead,Durban,0.5,0.0,0.5,0.5,0.0,0.5,1
2009-04-29,Royal Challengers Bangalore,Kolkata Knight Riders,Royal Challengers Bangalore,0,0.2631578947368421,0.4375,-0.1743421052631579,0.2,0.4,-0.2,0.0,1.0,-1.0,0,0,Kolkata Knight Riders,bat,Kingsmead,Durban,0.0,1.0,-1.0,0.0,1.0,-1.0,0
2009-04-30,Chennai Super Kings,Rajasthan Royals,Chennai Super Kings,0,0.5,0.7368421052631579,-0.23684210526315785,0.2,0.6,-0.39999999999999997,0.0,1.0,-1.0,0,1,Rajasthan Royals,field,SuperSport Park,Centurion,0.5,1.0,-0.5,0.5,1.0,-0.5,0
2009-04-30,Deccan Chargers,Delhi Daredevils,Delhi Daredevils,1,0.3333333333333333,0.5555555555555556,-0.22222222222222227,0.8,0.6,0.20000000000000007,0.0,1.0,-1.0,0,1,Delhi Daredevils,field,SuperSport Park,Centurion,0.5,0.0,0.5,0.5,0.0,0.5,0
2009-05-01,Royal Challengers Bangalore,Kings XI Punjab,Royal Challengers Bangalore,0,0.3,0.65,-0.35000000000000003,0.2,0.6,-0.39999999999999997,0.0,1.0,-1.0,1,1,Royal Challengers Bangalore,bat,Kingsmead,Durban,0.5,0.6666666666666666,-0.16666666666666663,0.5,0.6666666666666666,-0.16666666666666663,1
2009-05-01,Kolkata Knight Riders,Mumbai Indians,Mumbai Indians,1,0.4117647058823529,0.5,-0.08823529411764708,0.4,0.6,-0.19999999999999996,0.0,1.0,-1.0,0,0,Mumbai Indians,bat,Buffalo Park,East London,0.5,0.5,0.0,0.5,0.5,0.0,0
2009-05-02,Deccan Chargers,Rajasthan Royals,Rajasthan Royals,1,0.3157894736842105,0.7,-0.38421052631578945,0.8,0.4,0.4,0.0,1.0,-1.0,1,1,Deccan Chargers,bat,St George's Park,Port Elizabeth,0.5,0.5,0.0,0.5,0.5,0.0,1
2009-05-02,Chennai Super Kings,Delhi Daredevils,Chennai Super Kings,0,0.5238095238095238,0.5789473684210527,-0.05513784461152882,0.4,0.8,-0.4,0.3333333333333333,0.6666666666666666,-0.3333333333333333,0,1,Delhi Daredevils,field,New Wanderers Stadium,Johannesburg,0.5,0.5,0.0,0.5,0.5,0.0,0
2009-05-03,Royal Challengers Bangalore,Mumbai Indians,Royal Challengers Bangalore,0,0.3333333333333333,0.5263157894736842,-0.19298245614035087,0.4,0.6,-0.19999999999999996,0.5,0.5,0.0,0,0,Mumbai Indians,bat,New Wanderers Stadium,Johannesburg,0.5,0.5,0.0,0.5,0.5,0.0,0
2009-05-03,Kings XI Punjab,Kolkata Knight Riders,Kings XI Punjab,0,0.6190476190476191,0.3888888888888889,0.23015873015873017,0.6,0.2,0.39999999999999997,0.3333333333333333,0.6666666666666666,-0.3333333333333333,0,0,Kolkata Knight Riders,bat,St George's Park,Port Elizabeth,0.5,0.0,0.5,0.5,0.0,0.5,0
2009-05-04,Chennai Super Kings,Deccan Chargers,Chennai Super Kings,0,0.5454545454545454,0.3,0.24545454545454543,0.6,0.6,0.0,0.3333333333333333,0.6666666666666666,-0.3333333333333333,1,1,Chennai Super Kings,bat,Buffalo Park,East London,0.5,0.5,0.0,0.5,0.5,0.0,1
2009-05-05,Kings XI Punjab,Rajasthan Royals,Rajasthan Royals,1,0.6363636363636364,0.7142857142857143,-0.07792207792207795,0.8,0.4,0.4,0.6666666666666666,0.3333333333333333,0.3333333333333333,1,0,Kings XI Punjab,field,Kingsmead,Durban,0.5,0.5,0.0,0.5,0.5,0.0,0
2009-05-05,Delhi Daredevils,Kolkata Knight Riders,Delhi Daredevils,0,0.55,0.3684210526315789,0.18157894736842112,0.6,0.2,0.39999999999999997,0.0,1.0,-1.0,0,0,Kolkata Knight Riders,bat,Kingsmead,Durban,1.0,0.5,0.5,1.0,0.5,0.5,0
2009-05-06,Deccan Chargers,Mumbai Indians,Deccan Chargers,0,0.2857142857142857,0.5,-0.2142857142857143,0.4,0.4,0.0,0.6666666666666666,0.3333333333333333,0.3333333333333333,1,1,Deccan Chargers,bat,SuperSport Park,Centurion,0.0,0.5,-0.5,0.0,0.5,-0.5,1
2009-05-07,Royal Challengers Bangalore,Rajasthan Royals,Rajasthan Royals,1,0.36363636363636365,0.7272727272727273,-0.36363636363636365,0.6,0.6,0.0,0.3333333333333333,0.6666666666666666,-0.3333333333333333,0,1,Rajasthan Royals,field,SuperSport Park,Centurion,0.5,0.5,0.0,0.5,0.5,0.0,0
2009-05-07,Chennai Super Kings,Kings XI Punjab,Chennai Super Kings,0,0.5652173913043478,0.6086956521739131,-0.0434782608695653,0.6,0.6,0.0,1.0,0.0,1.0,1,1,Chennai Super Kings,bat,SuperSport Park,Centurion,1.0,0.5,0.5,1.0,0.5,0.5,1
2009-05-08,Delhi Daredevils,Mumbai Indians,Delhi Daredevils,0,0.5714285714285714,0.47619047619047616,0.09523809523809523,0.6,0.4,0.19999999999999996,0.5,0.5,0.0,0,0,Mumbai Indians,bat,Buffalo Park,East London,0.5,1.0,-0.5,0.5,1.0,-0.5,0
2009-05-09,Deccan Chargers,Kings XI Punjab,Kings XI Punjab,1,0.3181818181818182,0.5833333333333334,-0.2651515151515152,0.4,0.4,0.0,0.0,1.0,-1.0,0,1,Kings XI Punjab,field,De Beers Diamond Oval,Kimberley,0.5,0.5,0.0,0.5,0.5,0.0,0
2009-05-09,Chennai Super Kings,Rajasthan Royals,Chennai Super Kings,0,0.5833333333333334,0.7391304347826086,-0.15579710144927528,0.8,0.8,0.0,0.25,0.75,-0.5,0,0,Rajasthan Royals,bat,De Beers Diamond Oval,Kimberley,0.5,0.5,0.0,0.5,0.5,0.0,0
2009-05-10,Royal Challengers Bangalore,Mumbai Indians,Mumbai Indians,1,0.34782608695652173,0.45454545454545453,-0.1067193675889328,0.6,0.2,0.39999999999999997,0.6666666666666666,0.3333333333333333,0.3333333333333333,0,0,Mumbai Indians,bat,St George's Park,Port Elizabeth,0.0,1.0,-1.0,0.0,1.0,-1.0,0
2009-05-10,Delhi Daredevils,Kolkata Knight Riders,Delhi Daredevils,0,0.5909090909090909,0.35,0.24090909090909096,0.6,0.0,0.6,0.5,0.5,0.0,1,0,Delhi Daredevils,field,New Wanderers Stadium,Johannesburg,0.0,0.5,-0.5,0.0,0.5,-0.5,0
2009-05-11,Deccan Chargers,Rajasthan Royals,Deccan Chargers,0,0.30434782608695654,0.7083333333333334,-0.40398550724637683,0.2,0.6,-0.39999999999999997,0.0,1.0,-1.0,1,1,Deccan Chargers,bat,De Beers Diamond Oval,Kimberley,0.0,0.0,0.0,0.0,0.0,0.0,1
2009-05-12,Royal Challengers Bangalore,Kolkata Knight Riders,Royal Challengers Bangalore,0,0.3333333333333333,0.3333333333333333,0.0,0.6,0.0,0.6,0.3333333333333333,0.6666666666666666,-0.3333333333333333,1,0,Royal Challengers Bangalore,field,SuperSport Park,Centurion,0.0,0.5,-0.5,0.0,0.5,-0.5,0
2009-05-12,Kings XI Punjab,Mumbai Indians,Mumbai Indians,1,0.6,0.4782608695652174,0.12173913043478257,0.4,0.4,0.0,1.0,0.0,1.0,1,1,Kings XI Punjab,bat,SuperSport Park,Centurion,0.0,0.0,0.0,0.0,0.0,0.0,1
2009-05-13,Deccan Chargers,Delhi Daredevils,Delhi Daredevils,1,0.3333333333333333,0.6086956521739131,-0.27536231884057977,0.4,0.8,-0.4,0.0,1.0,-1.0,1,0,Deccan Chargers,field,Kingsmead,Durban,1.0,1.0,0.0,1.0,1.0,0.0,0
2009-05-14,Royal Challengers Bangalore,Chennai Super Kings,Royal Challengers Bangalore,0,0.36,0.6,-0.24,0.6,1.0,-0.4,0.3333333333333333,0.6666666666666666,-0.3333333333333333,0,0,Chennai Super Kings,bat,Kingsmead,Durban,0.6666666666666666,0.0,0.6666666666666666,0.6666666666666666,0.0,0.6666666666666666,0
2009-05-14,Mumbai Indians,Rajasthan Royals,Rajasthan Royals,1,0.5,0.68,-0.18000000000000005,0.4,0.6,-0.19999999999999996,0.5,0.5,0.0,0,0,Rajasthan Royals,bat,Kingsmead,Durban,0.0,1.0,-1.0,0.0,1.0,-1.0,0
2009-05-15,Delhi Daredevils,Kings XI Punjab,Kings XI Punjab,1,0.625,0.5769230769230769,0.04807692307692313,0.8,0.4,0.4,0.3333333333333333,0.6666666666666666,-0.3333333333333333,0,1,Kings XI Punjab,field,OUTsurance Oval,Bloemfontein,0.5,0.5,0.0,0.5,0.5,0.0,0
2009-05-16,Chennai Super Kings,Mumbai Indians,Chennai Super Kings,0,0.5769230769230769,0.48,0.09692307692307689,0.8,0.4,0.4,0.3333333333333333,0.6666666666666666,-0.3333333333333333,0,0,Mumbai Indians,bat,St George's Park,Port Elizabeth,1.0,1.0,0.0,1.0,1.0,0.0,0
2009-05-16,Deccan Chargers,Kolkata Knight Riders,Deccan Chargers,0,0.32,0.3181818181818182,0.0018181818181818299,0.4,0.0,0.4,0.3333333333333333,0.6666666666666666,-0.3333333333333333,1,0,Deccan Chargers,field,New Wanderers Stadium,Johannesburg,0.5,0.0,0.5,0.5,0.0,0.5,0
2009-05-17,Deccan Chargers,Kings XI Punjab,Kings XI Punjab,1,0.34615384615384615,0.5925925925925926,-0.24643874643874641,0.6,0.4,0.19999999999999996,0.0,1.0,-1.0,1,0,Deccan Chargers,field,New Wanderers Stadium,Johannesburg,1.0,0.5,0.5,1.0,0.5,0.5,0
2009-05-17,Delhi Daredevils,Rajasthan Royals,Delhi Daredevils,0,0.6,0.6923076923076923,-0.09230769230769231,0.8,0.6,0.20000000000000007,0.25,0.75,-0.5,1,1,Delhi Daredevils,bat,OUTsurance Oval,Bloemfontein,0.0,0.5,-0.5,0.0,0.5,-0.5,1
2009-05-18,Chennai Super Kings,Kolkata Knight Riders,Kolkata Knight Riders,1,0.5925925925925926,0.30434782608695654,0.288244766505636,0.8,0.0,0.8,1.0,0.0,1.0,1,1,Chennai Super Kings,bat,SuperSport Park,Centurion,1.0,0.0,1.0,1.0,0.0,1.0,1
2009-05-19,Royal Challengers Bangalore,Delhi Daredevils,Royal Challengers Bangalore,0,0.38461538461538464,0.6153846153846154,-0.23076923076923078,0.6,0.8,-0.20000000000000007,0.0,1.0,-1.0,0,0,Delhi Daredevils,bat,New Wanderers Stadium,Johannesburg,1.0,0.5,0.5,1.0,0.5,0.5,0
2009-05-20,Kolkata Knight Riders,Rajasthan Royals,Kolkata Knight Riders,0,0.3333333333333333,0.6666666666666666,-0.3333333333333333,0.2,0.4,-0.2,0.0,1.0,-1.0,1,0,Kolkata Knight Riders,field,Kingsmead,Durban,0.3333333333333333,1.0,-0.6666666666666667,0.3333333333333333,1.0,-0.6666666666666667,0
2009-05-20,Chennai Super Kings,Kings XI Punjab,Chennai Super Kings,0,0.5714285714285714,0.6071428571428571,-0.0357142857142857,0.6,0.6,0.0,1.0,0.0,1.0,1,1,Chennai Super Kings,bat,Kingsmead,Durban,0.0,0.4,-0.4,0.0,0.4,-0.4,1
2009-05-21,Delhi Daredevils,Mumbai Indians,Delhi Daredevils,0,0.5925925925925926,0.46153846153846156,0.131054131054131,0.6,0.4,0.19999999999999996,0.6666666666666666,0.3333333333333333,0.3333333333333333,1,0,Delhi Daredevils,field,SuperSport Park,Centurion,0.5,0.5,0.0,0.5,0.5,0.0,0
2009-05-21,Royal Challengers Bangalore,Deccan Chargers,Royal Challengers Bangalore,0,0.4074074074074074,0.3333333333333333,0.07407407407407407,0.6,0.4,0.19999999999999996,0.6666666666666666,0.3333333333333333,0.3333333333333333,1,1,Royal Challengers Bangalore,bat,SuperSport Park,Centurion,0.5,0.5,0.0,0.5,0.5,0.0,1
2009-05-22,Delhi Daredevils,Deccan Chargers,Deccan Chargers,1,0.6071428571428571,0.32142857142857145,0.28571428571428564,0.6,0.4,0.19999999999999996,1.0,0.0,1.0,0,1,Deccan Chargers,field,SuperSport Park,Centurion,0.6666666666666666,0.3333333333333333,0.3333333333333333,0.6666666666666666,0.3333333333333333,0.3333333333333333,0
2009-05-23,Royal Challengers Bangalore,Chennai Super Kings,Royal Challengers Bangalore,0,0.42857142857142855,0.5862068965517241,-0.15763546798029554,0.8,0.6,0.20000000000000007,0.5,0.5,0.0,1,0,Royal Challengers Bangalore,field,New Wanderers Stadium,Johannesburg,1.0,1.0,0.0,1.0,1.0,0.0,0
2009-05-24,Royal Challengers Bangalore,Deccan Chargers,Deccan Chargers,1,0.4482758620689655,0.3448275862068966,0.10344827586206895,1.0,0.4,0.6,0.75,0.25,0.5,1,0,Royal Challengers Bangalore,field,New Wanderers Stadium,Johannesburg,1.0,0.5,0.5,1.0,0.5,0.5,0
2010-03-12,Deccan Chargers,Kolkata Knight Riders,Kolkata Knight Riders,1,0.36666666666666664,0.36,0.006666666666666654,0.6,0.4,0.19999999999999996,0.5,0.5,0.0,1,0,Deccan Chargers,field,Dr DY Patil Sports Academy,Mumbai,1.0,0.5,0.5,1.0,0.0,1.0,0
2010-03-13,Mumbai Indians,Rajasthan Royals,Mumbai Indians,0,0.4444444444444444,0.6428571428571429,-0.19841269841269848,0.4,0.2,0.2,0.3333333333333333,0.6666666666666666,-0.3333333333333333,1,1,Mumbai Indians,bat,Brabourne Stadium,Mumbai,0.5,0.5,0.0,0.5714285714285714,0.6666666666666666,-0.09523809523809523,1
2010-03-13,Kings XI Punjab,Delhi Daredevils,Delhi Daredevils,1,0.5862068965517241,0.5862068965517241,0.0,0.6,0.4,0.19999999999999996,0.75,0.25,0.5,0,1,Delhi Daredevils,field,"Punjab Cricket Association Stadium, Mohali",Chandigarh,0.8571428571428571,0.0,0.8571428571428571,0.8571428571428571,0.0,0.8571428571428571,0
2010-03-14,Kolkata Knight Riders,Royal Challengers Bangalore,Kolkata Knight Riders,0,0.38461538461538464,0.43333333333333335,-0.04871794871794871,0.6,0.8,-0.20000000000000007,0.5,0.5,0.0,1,0,Kolkata Knight Riders,field,Eden Gardens,Kolkata,0.5714285714285714,0.0,0.5714285714285714,0.5714285714285714,0.0,0.5714285714285714,0
2010-03-14,Chennai Super Kings,Deccan Chargers,Deccan Chargers,1,0.5666666666666667,0.3548387096774194,0.21182795698924728,0.4,0.4,0.0,0.5,0.5,0.0,0,0,Deccan Chargers,bat,"MA Chidambaram Stadium, Chepauk",Chennai,0.42857142857142855,1.0,-0.5714285714285714,0.42857142857142855,1.0,-0.5714285714285714,0
2010-03-15,Rajasthan Royals,Delhi Daredevils,Delhi Daredevils,1,0.6206896551724138,0.6,0.020689655172413834,0.2,0.6,-0.39999999999999997,0.6,0.4,0.19999999999999996,0,1,Delhi Daredevils,field,"Sardar Patel Stadium, Motera",Ahmedabad,0.5,0.5,0.0,0.5,0.5,0.0,0
2010-03-16,Royal Challengers Bangalore,Kings XI Punjab,Royal Challengers Bangalore,0,0.41935483870967744,0.5666666666666667,-0.14731182795698922,0.6,0.4,0.19999999999999996,0.25,0.75,-0.5,0,0,Kings XI Punjab,bat,M Chinnaswamy Stadium,Bangalore,0.14285714285714285,1.0,-0.8571428571428572,0.14285714285714285,1.0,-0.8571428571428572,0
2010-03-16,Kolkata Knight Riders,Chennai Super Kings,Chennai Super Kings,1,0.4074074074074074,0.5483870967741935,-0.14097968936678612,0.8,0.4,0.4,0.3333333333333333,0.6666666666666666,-0.3333333333333333,0,0,Chennai Super Kings,bat,Eden Gardens,Kolkata,0.625,1.0,-0.375,0.625,1.0,-0.375,0
2010-03-17,Delhi Daredevils,Mumbai Indians,Mumbai Indians,1,0.6129032258064516,0.4642857142857143,0.14861751152073732,0.6,0.4,0.19999999999999996,0.75,0.25,0.5,1,0,Delhi Daredevils,field,Feroz Shah Kotla,Delhi,0.6666666666666666,0.0,0.6666666666666666,0.6666666666666666,0.0,0.6666666666666666,0
2010-03-18,Royal Challengers Bangalore,Rajasthan Royals,Royal Challengers Bangalore,0,0.4375,0.6,-0.16249999999999998,0.6,0.2,0.39999999999999997,0.25,0.75,-0.5,1,0,Royal Challengers Bangalore,field,M Chinnaswamy Stadium,Bangalore,0.25,1.0,-0.75,0.25,1.0,-0.75,0
2010-03-19,Delhi Daredevils,Chennai Super Kings,Chennai Super Kings,1,0.59375,0.5625,0.03125,0.6,0.4,0.19999999999999996,0.5,0.5,0.0,1,1,Delhi Daredevils,bat,Feroz Shah Kotla,Delhi,0.5714285714285714,1.0,-0.4285714285714286,0.5714285714285714,1.0,-0.4285714285714286,1
2010-03-19,Deccan Chargers,Kings XI Punjab,Deccan Chargers,0,0.375,0.5483870967741935,-0.1733870967741935,0.6,0.4,0.19999999999999996,0.0,1.0,-1.0,0,1,Kings XI Punjab,field,Barabati Stadium,Cuttack,0.5,0.5,0.0,0.5,0.5,0.0,0
2010-03-20,Mumbai Indians,Royal Challengers Bangalore,Royal Challengers Bangalore,1,0.4827586206896552,0.45454545454545453,0.028213166144200663,0.4,0.6,-0.19999999999999996,0.5,0.5,0.0,1,1,Mumbai Indians,bat,Brabourne Stadium,Mumbai,1.0,0.5,0.5,0.625,1.0,-0.375,1
2010-03-20,Rajasthan Royals,Kolkata Knight Riders,Rajasthan Royals,0,0.5806451612903226,0.39285714285714285,0.18778801843317977,0.0,0.8,-0.8,0.6666666666666666,0.3333333333333333,0.3333333333333333,1,1,Rajasthan Royals,bat,"Sardar Patel Stadium, Motera",Ahmedabad,0.0,0.5,-0.5,0.0,0.5,-0.5,1
2010-03-21,Deccan Chargers,Delhi Daredevils,Deccan Chargers,0,0.3939393939393939,0.5757575757575758,-0.18181818181818188,0.8,0.4,0.4,0.2,0.8,-0.6000000000000001,1,1,Deccan Chargers,bat,Barabati Stadium,Cuttack,1.0,0.5,0.5,1.0,0.5,0.5,1
2010-03-22,Mumbai Indians,Kolkata Knight Riders,Mumbai Indians,0,0.4666666666666667,0.3793103448275862,0.08735632183908049,0.4,0.6,-0.19999999999999996,1.0,0.0,1.0,0,0,Kolkata Knight Riders,bat,Brabourne Stadium,Mumbai,0.5,0.5,0.0,0.5555555555555556,0.5,0.05555555555555558,0
2010-03-23,Royal Challengers Bangalore,Chennai Super Kings,Royal Challengers Bangalore,0,0.47058823529411764,0.5757575757575758,-0.10516934046345816,0.6,0.6,0.0,0.6,0.4,0.19999999999999996,0,1,Chennai Super Kings,field,M Chinnaswamy Stadium,Bangalore,0.3333333333333333,1.0,-0.6666666666666667,0.3333333333333333,1.0,-0.6666666666666667,0
2010-03-24,Kings XI Punjab,Rajasthan Royals,Rajasthan Royals,1,0.53125,0.59375,-0.0625,0.2,0.2,0.0,0.5,0.5,0.0,1,0,Kings XI Punjab,field,"Punjab Cricket Association Stadium, Mohali",Chandigarh,0.75,0.0,0.75,0.75,0.0,0.75,0
2010-03-25,Chennai Super Kings,Mumbai Indians,Mumbai Indians,1,0.5588235294117647,0.4838709677419355,0.07495256166982922,0.4,0.6,-0.19999999999999996,0.5,0.5,0.0,0,1,Mumbai Indians,field,"Brabourne Stadium, Mumbai",Mumbai,0.5,0.5,0.0,0.3333333333333333,0.6,-0.26666666666666666,0
2010-03-25,Royal Challengers Bangalore,Delhi Daredevils,Delhi Daredevils,1,0.4857142857142857,0.5588235294117647,-0.07310924369747901,0.8,0.4,0.4,0.25,0.75,-0.5,1,0,Royal Challengers Bangalore,field,M Chinnaswamy Stadium,Bangalore,0.4,1.0,-0.6,0.4,1.0,-0.6,0
2010-03-26,Rajasthan Royals,Deccan Chargers,Rajasthan Royals,0,0.6060606060606061,0.4117647058823529,0.19429590017825316,0.4,0.8,-0.4,0.75,0.25,0.5,0,0,Deccan Chargers,bat,"Sardar Patel Stadium, Motera",Ahmedabad,0.5,0.5,0.0,0.5,0.5,0.0,0
2010-03-27,Kings XI Punjab,Kolkata Knight Riders,Kolkata Knight Riders,1,0.5151515151515151,0.36666666666666664,0.1484848484848485,0.0,0.4,-0.4,0.5,0.5,0.0,0,0,Kolkata Knight Riders,bat,"Punjab Cricket Association Stadium, Mohali",Chandigarh,0.6666666666666666,0.0,0.6666666666666666,0.6666666666666666,0.0,0.6666666666666666,0
2010-03-28,Rajasthan Royals,Chennai Super Kings,Rajasthan Royals,0,0.6176470588235294,0.5428571428571428,0.07478991596638662,0.6,0.4,0.19999999999999996,0.6,0.4,0.19999999999999996,1,1,Rajasthan Royals,bat,"Sardar Patel Stadium, Motera",Ahmedabad,0.6666666666666666,0.5,0.16666666666666663,0.6666666666666666,0.5,0.16666666666666663,1
2010-03-28,Deccan Chargers,Mumbai Indians,Mumbai Indians,1,0.4,0.5,-0.09999999999999998,0.6,0.8,-0.20000000000000007,0.75,0.25,0.5,1,0,Deccan Chargers,field,Dr DY Patil Sports Academy,Mumbai,0.5,0.6666666666666666,-0.16666666666666663,0.5,0.6363636363636364,-0.13636363636363635,0
2010-03-29,Delhi Daredevils,Kolkata Knight Riders,Delhi Daredevils,0,0.5714285714285714,0.3870967741935484,0.18433179723502302,0.4,0.4,0.0,0.6666666666666666,0.3333333333333333,0.3333333333333333,1,1,Delhi Daredevils,bat,Feroz Shah Kotla,Delhi,0.5,0.5,0.0,0.5,0.5,0.0,1
2010-03-30,Mumbai Indians,Kings XI Punjab,Mumbai Indians,0,0.5151515151515151,0.5,0.015151515151515138,0.8,0.0,0.8,0.25,0.75,-0.5,1,0,Mumbai Indians,field,Brabourne Stadium,Mumbai,0.6666666666666666,0.5,0.16666666666666663,0.6666666666666666,0.5,0.16666666666666663,0
2010-03-31,Chennai Super Kings,Royal Challengers Bangalore,Chennai Super Kings,0,0.5277777777777778,0.4722222222222222,0.05555555555555558,0.4,0.8,-0.4,0.3333333333333333,0.6666666666666666,-0.3333333333333333,0,0,Royal Challengers Bangalore,bat,"MA Chidambaram Stadium, Chepauk",Chennai,0.375,1.0,-0.625,0.375,1.0,-0.625,0
2010-03-31,Delhi Daredevils,Rajasthan Royals,Delhi Daredevils,0,0.5833333333333334,0.6285714285714286,-0.04523809523809519,0.4,0.8,-0.4,0.5,0.5,0.0,1,1,Delhi Daredevils,bat,Feroz Shah Kotla,Delhi,0.5555555555555556,0.0,0.5555555555555556,0.5555555555555556,0.0,0.5555555555555556,1
2010-04-01,Kolkata Knight Riders,Deccan Chargers,Kolkata Knight Riders,0,0.375,0.3888888888888889,-0.013888888888888895,0.2,0.6,-0.39999999999999997,0.6,0.4,0.19999999999999996,1,1,Kolkata Knight Riders,bat,Eden Gardens,Kolkata,0.5555555555555556,0.0,0.5555555555555556,0.5555555555555556,0.0,0.5555555555555556,1
2010-04-02,Kings XI Punjab,Royal Challengers Bangalore,Royal Challengers Bangalore,1,0.4857142857142857,0.4594594594594595,0.026254826254826225,0.0,0.6,-0.6,0.6,0.4,0.19999999999999996,1,1,Kings XI Punjab,bat,"Punjab Cricket Association Stadium, Mohali",Chandigarh,0.6,0.0,0.6,0.6,0.0,0.6,1
2010-04-03,Mumbai Indians,Deccan Chargers,Mumbai Indians,0,0.5294117647058824,0.3783783783783784,0.15103338632750396,0.8,0.4,0.4,0.4,0.6,-0.19999999999999996,1,1,Mumbai Indians,bat,Brabourne Stadium,Mumbai,0.75,0.5,0.25,0.6923076923076923,0.3333333333333333,0.358974358974359,1
2010-04-03,Chennai Super Kings,Rajasthan Royals,Chennai Super Kings,0,0.5405405405405406,0.6111111111111112,-0.07057057057057059,0.4,0.8,-0.4,0.3333333333333333,0.6666666666666666,-0.3333333333333333,1,1,Chennai Super Kings,bat,"MA Chidambaram Stadium, Chepauk",Chennai,0.4444444444444444,1.0,-0.5555555555555556,0.4444444444444444,1.0,-0.5555555555555556,1
2010-04-04,Delhi Daredevils,Royal Challengers Bangalore,Delhi Daredevils,0,0.5945945945945946,0.47368421052631576,0.12091038406827886,0.6,0.6,0.0,0.8,0.2,0.6000000000000001,1,1,Delhi Daredevils,bat,Feroz Shah Kotla,Delhi,0.6,0.0,0.6,0.6,0.0,0.6,1
2010-04-04,Kolkata Knight Riders,Kings XI Punjab,Kings XI Punjab,1,0.3939393939393939,0.4722222222222222,-0.07828282828282829,0.4,0.0,0.4,0.6,0.4,0.19999999999999996,1,1,Kolkata Knight Riders,bat,Eden Gardens,Kolkata,0.6,0.0,0.6,0.6,0.0,0.6,1
2010-04-05,Deccan Chargers,Rajasthan Royals,Rajasthan Royals,1,0.3684210526315789,0.5945945945945946,-0.2261735419630157,0.2,0.6,-0.39999999999999997,0.2,0.8,-0.6000000000000001,0,0,Rajasthan Royals,bat,"Vidarbha Cricket Association Stadium, Jamtha",Nagpur,0.5,0.5,0.0,0.5,0.5,0.0,0
2010-04-06,Chennai Super Kings,Mumbai Indians,Chennai Super Kings,0,0.5526315789473685,0.5428571428571428,0.009774436090225658,0.4,1.0,-0.6,0.4,0.6,-0.19999999999999996,1,1,Chennai Super Kings,bat,"MA Chidambaram Stadium, Chepauk",Chennai,0.5,0.0,0.5,0.5,0.0,0.5,1
2010-04-07,Kolkata Knight Riders,Delhi Daredevils,Kolkata Knight Riders,0,0.38235294117647056,0.6052631578947368,-0.22291021671826627,0.4,0.8,-0.4,0.25,0.75,-0.5,1,1,Kolkata Knight Riders,bat,Eden Gardens,Kolkata,0.5454545454545454,0.0,0.5454545454545454,0.5454545454545454,0.0,0.5454545454545454,1
2010-04-07,Rajasthan Royals,Kings XI Punjab,Rajasthan Royals,0,0.6052631578947368,0.4864864864864865,0.11877667140825032,0.6,0.2,0.39999999999999997,0.6,0.4,0.19999999999999996,0,0,Kings XI Punjab,bat,Sawai Mansingh Stadium,Jaipur,1.0,0.0,1.0,1.0,0.0,1.0,0
2010-04-08,Royal Challengers Bangalore,Deccan Chargers,Deccan Chargers,1,0.46153846153846156,0.358974358974359,0.10256410256410259,0.4,0.0,0.4,0.6,0.4,0.19999999999999996,0,1,Deccan Chargers,field,M Chinnaswamy Stadium,Bangalore,0.36363636363636365,0.0,0.36363636363636365,0.36363636363636365,0.0,0.36363636363636365,0
2010-04-09,Kings XI Punjab,Mumbai Indians,Kings XI Punjab,0,0.47368421052631576,0.5277777777777778,-0.05409356725146203,0.2,0.8,-0.6000000000000001,0.6,0.4,0.19999999999999996,0,0,Mumbai Indians,bat,"Punjab Cricket Association Stadium, Mohali",Chandigarh,0.5454545454545454,0.0,0.5454545454545454,0.5454545454545454,0.0,0.5454545454545454,0
2010-04-10,Deccan Chargers,Chennai Super Kings,Deccan Chargers,0,0.375,0.5641025641025641,-0.1891025641025641,0.2,0.6,-0.39999999999999997,0.6,0.4,0.19999999999999996,0,0,Chennai Super Kings,bat,"Vidarbha Cricket Association Stadium, Jamtha",Nagpur,0.0,0.5,-0.5,0.0,0.5,-0.5,0
2010-04-10,Royal Challengers Bangalore,Kolkata Knight Riders,Royal Challengers Bangalore,0,0.45,0.4,0.04999999999999999,0.2,0.6,-0.39999999999999997,0.4,0.6,-0.19999999999999996,1,0,Royal Challengers Bangalore,field,M Chinnaswamy Stadium,Bangalore,0.3333333333333333,1.0,-0.6666666666666667,0.3333333333333333,1.0,-0.6666666666666667,0
2010-04-11,Delhi Daredevils,Kings XI Punjab,Kings XI Punjab,1,0.5897435897435898,0.48717948717948717,0.10256410256410259,0.8,0.4,0.4,0.4,0.6,-0.19999999999999996,1,1,Delhi Daredevils,bat,Feroz Shah Kotla,Delhi,0.6363636363636364,1.0,-0.36363636363636365,0.6363636363636364,1.0,-0.36363636363636365,1
2010-04-11,Rajasthan Royals,Mumbai Indians,Mumbai Indians,1,0.6153846153846154,0.5135135135135135,0.10187110187110193,0.6,0.6,0.0,0.5,0.5,0.0,1,0,Rajasthan Royals,field,Sawai Mansingh Stadium,Jaipur,1.0,0.0,1.0,1.0,0.0,1.0,0
2010-04-12,Deccan Chargers,Royal Challengers Bangalore,Deccan Chargers,0,0.3902439024390244,0.4634146341463415,-0.07317073170731708,0.4,0.4,0.0,0.5,0.5,0.0,0,1,Royal Challengers Bangalore,field,"Vidarbha Cricket Association Stadium, Jamtha",Nagpur,0.5,0.5,0.0,0.5,0.5,0.0,0
2010-04-13,Mumbai Indians,Delhi Daredevils,Mumbai Indians,0,0.5263157894736842,0.575,-0.048684210526315774,0.6,0.6,0.0,0.4,0.6,-0.19999999999999996,1,1,Mumbai Indians,bat,Brabourne Stadium,Mumbai,0.8,0.5,0.30000000000000004,0.7142857142857143,0.0,0.7142857142857143,1
2010-04-13,Chennai Super Kings,Kolkata Knight Riders,Chennai Super Kings,0,0.55,0.3888888888888889,0.16111111111111115,0.6,0.4,0.19999999999999996,0.75,0.25,0.5,0,0,Kolkata Knight Riders,bat,"MA Chidambaram Stadium, Chepauk",Chennai,0.5454545454545454,0.0,0.5454545454545454,0.5454545454545454,0.0,0.5454545454545454,0
2010-04-14,Rajasthan Royals,Royal Challengers Bangalore,Royal Challengers Bangalore,1,0.6,0.4523809523809524,0.1476190476190476,0.4,0.4,0.0,0.6,0.4,0.19999999999999996,1,1,Rajasthan Royals,bat,Sawai Mansingh Stadium,Jaipur,0.8888888888888888,0.0,0.8888888888888888,0.8888888888888888,0.0,0.8888888888888888,1
2010-04-15,Chennai Super Kings,Delhi Daredevils,Delhi Daredevils,1,0.5609756097560976,0.5609756097560976,0.0,0.8,0.4,0.4,0.6,0.4,0.19999999999999996,1,1,Chennai Super Kings,bat,"MA Chidambaram Stadium, Chepauk",Chennai,0.5833333333333334,1.0,-0.41666666666666663,0.5833333333333334,1.0,-0.41666666666666663,1
2010-04-16,Kings XI Punjab,Deccan Chargers,Deccan Chargers,1,0.5,0.40476190476190477,0.09523809523809523,0.6,0.6,0.0,0.8,0.2,0.6000000000000001,0,1,Deccan Chargers,field,Himachal Pradesh Cricket Association Stadium,Dharamsala,0.5,0.5,0.0,0.5,0.5,0.0,0
2010-04-17,Royal Challengers Bangalore,Mumbai Indians,Mumbai Indians,1,0.46511627906976744,0.5384615384615384,-0.073345259391771,0.4,0.6,-0.19999999999999996,0.6,0.4,0.19999999999999996,1,0,Royal Challengers Bangalore,field,M Chinnaswamy Stadium,Bangalore,0.38461538461538464,1.0,-0.6153846153846154,0.38461538461538464,1.0,-0.6153846153846154,0
2010-04-17,Kolkata Knight Riders,Rajasthan Royals,Kolkata Knight Riders,0,0.3783783783783784,0.5853658536585366,-0.20698747528015815,0.4,0.4,0.0,0.25,0.75,-0.5,0,0,Rajasthan Royals,bat,Eden Gardens,Kolkata,0.5833333333333334,1.0,-0.41666666666666663,0.5833333333333334,1.0,-0.41666666666666663,0
2010-04-18,Kings XI Punjab,Chennai Super Kings,Chennai Super Kings,1,0.4878048780487805,0.5476190476190477,-0.059814169570267195,0.6,0.6,0.0,0.0,1.0,-1.0,0,1,Chennai Super Kings,field,Himachal Pradesh Cricket Association Stadium,Dharamsala,0.0,0.5,-0.5,0.0,0.5,-0.5,0
2010-04-18,Delhi Daredevils,Deccan Chargers,Deccan Chargers,1,0.5714285714285714,0.4186046511627907,0.15282392026578068,0.4,0.8,-0.4,0.6666666666666666,0.3333333333333333,0.3333333333333333,0,0,Deccan Chargers,bat,Feroz Shah Kotla,Delhi,0.5833333333333334,0.0,0.5833333333333334,0.5833333333333334,0.0,0.5833333333333334,0
2010-04-19,Kolkata Knight Riders,Mumbai Indians,Kolkata Knight Riders,0,0.39473684210526316,0.55,-0.15526315789473688,0.4,0.6,-0.19999999999999996,0.0,1.0,-1.0,0,0,Mumbai Indians,bat,Eden Gardens,Kolkata,0.6153846153846154,1.0,-0.3846153846153846,0.6153846153846154,1.0,-0.3846153846153846,0
2010-04-21,Royal Challengers Bangalore,Mumbai Indians,Mumbai Indians,1,0.45454545454545453,0.5365853658536586,-0.08203991130820404,0.4,0.6,-0.19999999999999996,0.5,0.5,0.0,0,0,Mumbai Indians,bat,Dr DY Patil Sports Academy,Mumbai,0.5,0.75,-0.25,1.0,0.7333333333333333,0.2666666666666667,0
2010-04-22,Chennai Super Kings,Deccan Chargers,Chennai Super Kings,0,0.5581395348837209,0.4318181818181818,0.1263213530655391,0.6,1.0,-0.4,0.3333333333333333,0.6666666666666666,-0.3333333333333333,1,1,Chennai Super Kings,bat,Dr DY Patil Sports Academy,Mumbai,0.0,0.3333333333333333,-0.3333333333333333,0.25,0.25,0.0,1
2010-04-24,Royal Challengers Bangalore,Deccan Chargers,Royal Challengers Bangalore,0,0.4444444444444444,0.4222222222222222,0.0222222222222222,0.4,0.8,-0.4,0.42857142857142855,0.5714285714285714,-0.14285714285714285,0,0,Deccan Chargers,bat,Dr DY Patil Sports Academy,Mumbai,0.0,0.25,-0.25,0.6666666666666666,0.2,0.4666666666666666,0
2010-04-25,Chennai Super Kings,Mumbai Indians,Chennai Super Kings,0,0.5681818181818182,0.5476190476190477,0.02056277056277056,0.6,0.8,-0.20000000000000007,0.5,0.5,0.0,1,1,Chennai Super Kings,bat,Dr DY Patil Sports Academy,Mumbai,0.5,0.8,-0.30000000000000004,0.4,0.75,-0.35,1
2011-04-08,Chennai Super Kings,Kolkata Knight Riders,Chennai Super Kings,0,0.5777777777777777,0.41025641025641024,0.16752136752136748,0.8,0.6,0.20000000000000007,0.8,0.2,0.6000000000000001,1,1,Chennai Super Kings,bat,"MA Chidambaram Stadium, Chepauk",Chennai,0.5384615384615384,0.0,0.5384615384615384,0.5384615384615384,0.0,0.5384615384615384,1
2011-04-09,Deccan Chargers,Rajasthan Royals,Rajasthan Royals,1,0.41304347826086957,0.5714285714285714,-0.15838509316770183,0.6,0.4,0.19999999999999996,0.16666666666666666,0.8333333333333334,-0.6666666666666667,0,1,Rajasthan Royals,field,"Rajiv Gandhi International Stadium, Uppal",Hyderabad,0.0,1.0,-1.0,0.0,1.0,-1.0,0
2011-04-09,Kochi Tuskers Kerala,Royal Challengers Bangalore,Royal Challengers Bangalore,1,0.5,0.45652173913043476,0.043478260869565244,0.5,0.4,0.09999999999999998,0.5,0.5,0.0,1,1,Kochi Tuskers Kerala,bat,Nehru Stadium,Kochi,0.5,0.5,0.0,0.5,0.5,0.0,1
2011-04-10,Delhi Daredevils,Mumbai Indians,Mumbai Indians,1,0.5581395348837209,0.5348837209302325,0.023255813953488413,0.2,0.6,-0.39999999999999997,0.5,0.5,0.0,1,1,Delhi Daredevils,bat,Feroz Shah Kotla,Delhi,0.5384615384615384,0.5,0.038461538461538436,0.5384615384615384,0.5,0.038461538461538436,1
2011-04-10,Pune Warriors,Kings XI Punjab,Pune Warriors,0,0.5,0.47619047619047616,0.023809523809523836,0.5,0.4,0.09999999999999998,0.5,0.5,0.0,0,0,Kings XI Punjab,bat,Dr DY Patil Sports Academy,Mumbai,0.5,0.5,0.0,0.5,0.3333333333333333,0.16666666666666669,0
2011-04-11,Kolkata Knight Riders,Deccan Chargers,Kolkata Knight Riders,0,0.4,0.40425531914893614,-0.004255319148936121,0.4,0.4,0.0,0.6666666666666666,0.3333333333333333,0.3333333333333333,1,1,Kolkata Knight Riders,bat,Eden Gardens,Kolkata,0.6428571428571429,0.0,0.6428571428571429,0.6428571428571429,0.0,0.6428571428571429,1
2011-04-12,Rajasthan Royals,Delhi Daredevils,Rajasthan Royals,0,0.5813953488372093,0.5454545454545454,0.03594080338266392,0.4,0.2,0.2,0.42857142857142855,0.5714285714285714,-0.14285714285714285,0,0,Delhi Daredevils,bat,Sawai Mansingh Stadium,Jaipur,0.8,0.0,0.8,0.8,0.0,0.8,0
2011-04-12,Royal Challengers Bangalore,Mumbai Indians,Mumbai Indians,1,0.46808510638297873,0.5454545454545454,-0.07736943907156668,0.6,0.6,0.0,0.42857142857142855,0.5714285714285714,-0.14285714285714285,0,1,Mumbai Indians,field,M Chinnaswamy Stadium,Bangalore,0.35714285714285715,1.0,-0.6428571428571428,0.35714285714285715,1.0,-0.6428571428571428,0
2011-04-13,Kings XI Punjab,Chennai Super Kings,Kings XI Punjab,0,0.46511627906976744,0.5869565217391305,-0.12184024266936305,0.4,0.8,-0.4,0.0,1.0,-1.0,1,0,Kings XI Punjab,field,"Punjab Cricket Association Stadium, Mohali",Chandigarh,0.5833333333333334,1.0,-0.41666666666666663,0.5833333333333334,1.0,-0.41666666666666663,0
2011-04-13,Pune Warriors,Kochi Tuskers Kerala,Pune Warriors,0,1.0,0.0,1.0,1.0,0.0,1.0,0.5,0.5,0.0,0,0,Kochi Tuskers Kerala,bat,Dr DY Patil Sports Academy,Mumbai,1.0,0.5,0.5,1.0,0.5,0.5,0
2011-04-14,Deccan Chargers,Royal Challengers Bangalore,Deccan Chargers,0,0.3958333333333333,0.4583333333333333,-0.0625,0.2,0.4,-0.2,0.5,0.5,0.0,0,1,Royal Challengers Bangalore,field,"Rajiv Gandhi International Stadium, Uppal",Hyderabad,0.0,1.0,-1.0,0.0,1.0,-1.0,0
2011-04-15,Rajasthan Royals,Kolkata Knight Riders,Kolkata Knight Riders,1,0.5909090909090909,0.4146341463414634,0.17627494456762755,0.4,0.6,-0.19999999999999996,0.6,0.4,0.19999999999999996,0,1,Kolkata Knight Riders,field,Sawai Mansingh Stadium,Jaipur,0.8181818181818182,0.0,0.8181818181818182,0.8181818181818182,0.0,0.8181818181818182,0
2011-04-15,Mumbai Indians,Kochi Tuskers Kerala,Kochi Tuskers Kerala,1,0.5555555555555556,0.0,0.5555555555555556,0.6,0.0,0.6,0.5,0.5,0.0,0,1,Kochi Tuskers Kerala,field,Wankhede Stadium,Mumbai,0.5,0.5,0.0,0.7058823529411765,0.0,0.7058823529411765,0
2011-04-16,Deccan Chargers,Kings XI Punjab,Kings XI Punjab,1,0.40816326530612246,0.4772727272727273,-0.06910946196660483,0.2,0.4,-0.2,0.3333333333333333,0.6666666666666666,-0.3333333333333333,0,1,Kings XI Punjab,field,"Rajiv Gandhi International Stadium, Uppal",Hyderabad,0.1111111111111111,1.0,-0.8888888888888888,0.1111111111111111,1.0,-0.8888888888888888,0
2011-04-16,Chennai Super Kings,Royal Challengers Bangalore,Chennai Super Kings,0,0.574468085106383,0.4489795918367347,0.12548849326964834,0.8,0.4,0.4,0.42857142857142855,0.5714285714285714,-0.14285714285714285,1,1,Chennai Super Kings,bat,"MA Chidambaram Stadium, Chepauk",Chennai,0.5714285714285714,0.5,0.0714285714285714,0.5714285714285714,0.5,0.0714285714285714,1
2011-04-17,Pune Warriors,Delhi Daredevils,Delhi Daredevils,1,1.0,0.5333333333333333,0.4666666666666667,1.0,0.2,0.8,0.5,0.5,0.0,0,1,Delhi Daredevils,field,Dr DY Patil Sports Academy,Mumbai,1.0,0.0,1.0,1.0,0.0,1.0,0
2011-04-17,Kolkata Knight Riders,Rajasthan Royals,Kolkata Knight Riders,0,0.42857142857142855,0.5777777777777777,-0.14920634920634918,0.8,0.4,0.4,0.5,0.5,0.0,1,0,Kolkata Knight Riders,field,Eden Gardens,Kolkata,0.6666666666666666,0.5,0.16666666666666663,0.6666666666666666,0.5,0.16666666666666663,0
2011-04-18,Kochi Tuskers Kerala,Chennai Super Kings,Kochi Tuskers Kerala,0,0.3333333333333333,0.5833333333333334,-0.25000000000000006,0.3333333333333333,0.8,-0.46666666666666673,0.5,0.5,0.0,1,0,Kochi Tuskers Kerala,field,Nehru Stadium,Kochi,0.0,0.5,-0.5,0.0,0.5,-0.5,0
2011-04-19,Delhi Daredevils,Deccan Chargers,Deccan Chargers,1,0.5434782608695652,0.4,0.14347826086956517,0.4,0.2,0.2,0.5714285714285714,0.42857142857142855,0.14285714285714285,0,0,Deccan Chargers,bat,Feroz Shah Kotla,Delhi,0.5,0.5,0.0,0.5,0.5,0.0,0
2011-04-20,Mumbai Indians,Pune Warriors,Mumbai Indians,0,0.5434782608695652,0.6666666666666666,-0.12318840579710144,0.6,0.6666666666666666,-0.06666666666666665,0.5,0.5,0.0,0,0,Pune Warriors,bat,Wankhede Stadium,Mumbai,0.4,0.5,-0.09999999999999998,0.6666666666666666,0.6666666666666666,0.0,0
2011-04-20,Kolkata Knight Riders,Kochi Tuskers Kerala,Kochi Tuskers Kerala,1,0.4418604651162791,0.5,-0.05813953488372092,0.8,0.5,0.30000000000000004,0.5,0.5,0.0,1,0,Kolkata Knight Riders,field,Eden Gardens,Kolkata,0.6875,0.5,0.1875,0.6875,0.5,0.1875,0
2011-04-21,Kings XI Punjab,Rajasthan Royals,Kings XI Punjab,0,0.4888888888888889,0.5652173913043478,-0.07632850241545891,0.4,0.4,0.0,0.3333333333333333,0.6666666666666666,-0.3333333333333333,0,1,Rajasthan Royals,field,"Punjab Cricket Association Stadium, Mohali",Chandigarh,0.6153846153846154,0.5,0.11538461538461542,0.6153846153846154,0.5,0.11538461538461542,0
2011-04-22,Mumbai Indians,Chennai Super Kings,Mumbai Indians,0,0.5531914893617021,0.5714285714285714,-0.018237082066869248,0.6,0.6,0.0,0.42857142857142855,0.5714285714285714,-0.14285714285714285,0,1,Chennai Super Kings,field,Wankhede Stadium,Mumbai,0.5,0.5,0.0,0.6842105263157895,0.5,0.1842105263157895,0
2011-04-22,Kolkata Knight Riders,Royal Challengers Bangalore,Royal Challengers Bangalore,1,0.4318181818181818,0.44,-0.008181818181818179,0.6,0.4,0.19999999999999996,0.5,0.5,0.0,0,1,Royal Challengers Bangalore,field,Eden Gardens,Kolkata,0.6470588235294118,0.0,0.6470588235294118,0.6470588235294118,0.0,0.6470588235294118,0
2011-04-23,Delhi Daredevils,Kings XI Punjab,Delhi Daredevils,0,0.5319148936170213,0.5,0.03191489361702127,0.2,0.6,-0.39999999999999997,0.3333333333333333,0.6666666666666666,-0.3333333333333333,0,1,Kings XI Punjab,field,Feroz Shah Kotla,Delhi,0.4666666666666667,1.0,-0.5333333333333333,0.4666666666666667,1.0,-0.5333333333333333,0
2011-04-24,Rajasthan Royals,Kochi Tuskers Kerala,Rajasthan Royals,0,0.5531914893617021,0.6,-0.04680851063829783,0.4,0.6,-0.19999999999999996,0.5,0.5,0.0,1,0,Rajasthan Royals,field,Sawai Mansingh Stadium,Jaipur,0.75,0.5,0.25,0.75,0.5,0.25,0
2011-04-24,Deccan Chargers,Mumbai Indians,Mumbai Indians,1,0.4117647058823529,0.5625,-0.15073529411764708,0.4,0.8,-0.4,0.5,0.5,0.0,1,0,Deccan Chargers,field,"Rajiv Gandhi International Stadium, Uppal",Hyderabad,0.1,1.0,-0.9,0.1,1.0,-0.9,0
2011-04-25,Chennai Super Kings,Pune Warriors,Chennai Super Kings,0,0.56,0.5,0.06000000000000005,0.4,0.5,-0.09999999999999998,0.5,0.5,0.0,0,1,Pune Warriors,field,"MA Chidambaram Stadium, Chepauk",Chennai,0.6,0.5,0.09999999999999998,0.6,0.5,0.09999999999999998,0
2011-04-26,Delhi Daredevils,Royal Challengers Bangalore,Royal Challengers Bangalore,1,0.5416666666666666,0.45098039215686275,0.09068627450980388,0.4,0.4,0.0,0.8333333333333334,0.16666666666666666,0.6666666666666667,0,1,Royal Challengers Bangalore,field,Feroz Shah Kotla,Delhi,0.5,0.0,0.5,0.5,0.0,0.5,0
2011-04-27,Pune Warriors,Chennai Super Kings,Chennai Super Kings,1,0.4,0.5686274509803921,-0.1686274509803921,0.4,0.4,0.0,0.0,1.0,-1.0,1,1,Pune Warriors,bat,Dr DY Patil Sports Academy,Mumbai,0.6666666666666666,0.6666666666666666,0.0,0.5,0.42857142857142855,0.07142857142857145,1
2011-04-27,Kochi Tuskers Kerala,Deccan Chargers,Deccan Chargers,1,0.5,0.40384615384615385,0.09615384615384615,0.6,0.4,0.19999999999999996,0.5,0.5,0.0,1,0,Kochi Tuskers Kerala,field,Nehru Stadium,Kochi,0.5,0.5,0.0,0.5,0.5,0.0,0
2011-04-28,Delhi Daredevils,Kolkata Knight Riders,Kolkata Knight Riders,1,0.5306122448979592,0.4222222222222222,0.108390022675737,0.4,0.6,-0.19999999999999996,0.6,0.4,0.19999999999999996,1,0,Delhi Daredevils,field,Feroz Shah Kotla,Delhi,0.47058823529411764,0.0,0.47058823529411764,0.47058823529411764,0.0,0.47058823529411764,0
2011-04-29,Rajasthan Royals,Mumbai Indians,Rajasthan Royals,0,0.5625,0.5714285714285714,-0.008928571428571397,0.4,0.8,-0.4,0.4,0.6,-0.19999999999999996,1,0,Rajasthan Royals,field,Sawai Mansingh Stadium,Jaipur,0.7692307692307693,0.5,0.2692307692307693,0.7692307692307693,0.5,0.2692307692307693,0
2011-04-29,Royal Challengers Bangalore,Pune Warriors,Royal Challengers Bangalore,0,0.46153846153846156,0.3333333333333333,0.12820512820512825,0.4,0.2,0.2,0.5,0.5,0.0,0,1,Pune Warriors,field,M Chinnaswamy Stadium,Bangalore,0.3333333333333333,0.5,-0.16666666666666669,0.3333333333333333,0.5,-0.16666666666666669,0
2011-04-30,Kochi Tuskers Kerala,Delhi Daredevils,Delhi Daredevils,1,0.42857142857142855,0.52,-0.09142857142857147,0.6,0.4,0.19999999999999996,0.5,0.5,0.0,0,0,Delhi Daredevils,bat,Nehru Stadium,Kochi,0.3333333333333333,0.5,-0.16666666666666669,0.3333333333333333,0.5,-0.16666666666666669,0
2011-04-30,Kolkata Knight Riders,Kings XI Punjab,Kolkata Knight Riders,0,0.43478260869565216,0.48936170212765956,-0.0545790934320074,0.6,0.6,0.0,0.5,0.5,0.0,1,0,Kolkata Knight Riders,field,Eden Gardens,Kolkata,0.6111111111111112,0.5,0.11111111111111116,0.6111111111111112,0.5,0.11111111111111116,0
2011-05-01,Rajasthan Royals,Pune Warriors,Rajasthan Royals,0,0.5714285714285714,0.2857142857142857,0.2857142857142857,0.4,0.0,0.4,0.5,0.5,0.0,1,0,Rajasthan Royals,field,Sawai Mansingh Stadium,Jaipur,0.7857142857142857,0.5,0.2857142857142857,0.7857142857142857,0.5,0.2857142857142857,0
2011-05-01,Chennai Super Kings,Deccan Chargers,Chennai Super Kings,0,0.5769230769230769,0.41509433962264153,0.16182873730043534,0.6,0.6,0.0,0.42857142857142855,0.5714285714285714,-0.14285714285714285,1,1,Chennai Super Kings,bat,"MA Chidambaram Stadium, Chepauk",Chennai,0.625,1.0,-0.375,0.625,1.0,-0.375,1
2011-05-02,Mumbai Indians,Kings XI Punjab,Mumbai Indians,0,0.56,0.4791666666666667,0.08083333333333337,0.6,0.6,0.0,0.3333333333333333,0.6666666666666666,-0.3333333333333333,0,1,Kings XI Punjab,field,Wankhede Stadium,Mumbai,0.5714285714285714,0.5,0.0714285714285714,0.7,0.25,0.44999999999999996,0
2011-05-02,Delhi Daredevils,Kochi Tuskers Kerala,Kochi Tuskers Kerala,1,0.5294117647058824,0.375,0.15441176470588236,0.4,0.4,0.0,1.0,0.0,1.0,0,1,Kochi Tuskers Kerala,field,Feroz Shah Kotla,Delhi,0.4444444444444444,0.5,-0.05555555555555558,0.4444444444444444,0.5,-0.05555555555555558,0
2011-05-03,Deccan Chargers,Kolkata Knight Riders,Kolkata Knight Riders,1,0.4074074074074074,0.44680851063829785,-0.039401103230890466,0.4,0.6,-0.19999999999999996,0.2857142857142857,0.7142857142857143,-0.4285714285714286,1,0,Deccan Chargers,field,"Rajiv Gandhi International Stadium, Uppal",Hyderabad,0.09090909090909091,1.0,-0.9090909090909091,0.09090909090909091,1.0,-0.9090909090909091,0
2011-05-04,Pune Warriors,Mumbai Indians,Mumbai Indians,1,0.25,0.5686274509803921,-0.31862745098039214,0.0,0.8,-0.8,0.0,1.0,-1.0,1,0,Pune Warriors,field,Dr DY Patil Sports Academy,Mumbai,0.5,0.6666666666666666,-0.16666666666666663,0.4,0.7142857142857143,-0.3142857142857143,0
2011-05-04,Chennai Super Kings,Rajasthan Royals,Chennai Super Kings,0,0.5849056603773585,0.58,0.004905660377358512,0.6,0.6,0.0,0.42857142857142855,0.5714285714285714,-0.14285714285714285,0,0,Rajasthan Royals,bat,"MA Chidambaram Stadium, Chepauk",Chennai,0.6470588235294118,0.5,0.1470588235294118,0.6470588235294118,0.5,0.1470588235294118,0
2011-05-05,Kochi Tuskers Kerala,Kolkata Knight Riders,Kochi Tuskers Kerala,0,0.4444444444444444,0.4583333333333333,-0.013888888888888895,0.4,0.6,-0.19999999999999996,1.0,0.0,1.0,0,1,Kolkata Knight Riders,field,Nehru Stadium,Kochi,0.25,0.5,-0.25,0.25,0.5,-0.25,0
2011-05-05,Deccan Chargers,Delhi Daredevils,Delhi Daredevils,1,0.4,0.5192307692307693,-0.11923076923076925,0.4,0.4,0.0,0.5,0.5,0.0,0,1,Delhi Daredevils,field,"Rajiv Gandhi International Stadium, Uppal",Hyderabad,0.08333333333333333,1.0,-0.9166666666666666,0.08333333333333333,1.0,-0.9166666666666666,0
2011-05-06,Royal Challengers Bangalore,Kings XI Punjab,Royal Challengers Bangalore,0,0.4716981132075472,0.46938775510204084,0.0023103581055063382,0.6,0.4,0.19999999999999996,0.5,0.5,0.0,0,1,Kings XI Punjab,field,M Chinnaswamy Stadium,Bangalore,0.375,0.5,-0.125,0.375,0.5,-0.125,0
2011-05-07,Kolkata Knight Riders,Chennai Super Kings,Kolkata Knight Riders,0,0.4489795918367347,0.5925925925925926,-0.14361300075585787,0.6,0.8,-0.20000000000000007,0.16666666666666666,0.8333333333333334,-0.6666666666666667,0,0,Chennai Super Kings,bat,Eden Gardens,Kolkata,0.631578947368421,1.0,-0.368421052631579,0.631578947368421,1.0,-0.368421052631579,0
2011-05-07,Mumbai Indians,Delhi Daredevils,Mumbai Indians,0,0.5769230769230769,0.5283018867924528,0.04862119013062405,0.8,0.4,0.4,0.5714285714285714,0.42857142857142855,0.14285714285714285,0,1,Delhi Daredevils,field,Wankhede Stadium,Mumbai,0.625,0.0,0.625,0.7272727272727273,0.25,0.4772727272727273,0
2011-05-08,Royal Challengers Bangalore,Kochi Tuskers Kerala,Royal Challengers Bangalore,0,0.48148148148148145,0.5,-0.018518518518518545,0.8,0.4,0.4,1.0,0.0,1.0,0,0,Kochi Tuskers Kerala,bat,M Chinnaswamy Stadium,Bangalore,0.4117647058823529,0.5,-0.08823529411764708,0.4117647058823529,0.5,-0.08823529411764708,0
2011-05-08,Kings XI Punjab,Pune Warriors,Pune Warriors,1,0.46,0.2222222222222222,0.2377777777777778,0.2,0.0,0.2,0.0,1.0,-1.0,1,1,Kings XI Punjab,bat,"Punjab Cricket Association Stadium, Mohali",Chandigarh,0.6428571428571429,0.5,0.1428571428571429,0.6428571428571429,0.5,0.1428571428571429,1
2011-05-09,Rajasthan Royals,Chennai Super Kings,Chennai Super Kings,1,0.5686274509803921,0.5818181818181818,-0.013190730837789655,0.6,0.8,-0.20000000000000007,0.5,0.5,0.0,1,0,Rajasthan Royals,field,Sawai Mansingh Stadium,Jaipur,0.8,0.0,0.8,0.8,0.0,0.8,0
2011-05-10,Deccan Chargers,Pune Warriors,Pune Warriors,1,0.39285714285714285,0.3,0.09285714285714286,0.2,0.2,0.0,0.5,0.5,0.0,1,1,Deccan Chargers,bat,"Rajiv Gandhi International Stadium, Uppal",Hyderabad,0.07692307692307693,0.5,-0.4230769230769231,0.07692307692307693,0.5,-0.4230769230769231,1
2011-05-10,Kings XI Punjab,Mumbai Indians,Kings XI Punjab,0,0.45098039215686275,0.5849056603773585,-0.13392526822049572,0.0,0.8,-0.8,0.5714285714285714,0.42857142857142855,0.14285714285714285,0,1,Mumbai Indians,field,"Punjab Cricket Association Stadium, Mohali",Chandigarh,0.6,0.0,0.6,0.6,0.0,0.6,0
2011-05-11,Rajasthan Royals,Royal Challengers Bangalore,Royal Challengers Bangalore,1,0.5576923076923077,0.4909090909090909,0.0667832167832168,0.6,1.0,-0.4,0.5,0.5,0.0,0,1,Royal Challengers Bangalore,field,Sawai Mansingh Stadium,Jaipur,0.75,0.5,0.25,0.75,0.5,0.25,0
2011-05-12,Chennai Super Kings,Delhi Daredevils,Chennai Super Kings,0,0.5892857142857143,0.5185185185185185,0.07076719576719581,0.8,0.4,0.4,0.5,0.5,0.0,1,1,Chennai Super Kings,bat,"MA Chidambaram Stadium, Chepauk",Chennai,0.6666666666666666,1.0,-0.33333333333333337,0.6666666666666666,1.0,-0.33333333333333337,1
2011-05-13,Kochi Tuskers Kerala,Kings XI Punjab,Kings XI Punjab,1,0.45454545454545453,0.46153846153846156,-0.006993006993007034,0.4,0.2,0.2,0.5,0.5,0.0,0,1,Kings XI Punjab,field,Holkar Cricket Stadium,Indore,0.5,0.5,0.0,0.5,0.5,0.0,0
2011-05-14,Royal Challengers Bangalore,Kolkata Knight Riders,Royal Challengers Bangalore,0,0.5,0.46,0.03999999999999998,1.0,0.8,0.19999999999999996,0.5714285714285714,0.42857142857142855,0.14285714285714285,1,0,Royal Challengers Bangalore,field,M Chinnaswamy Stadium,Bangalore,0.4444444444444444,0.5,-0.05555555555555558,0.4444444444444444,0.5,-0.05555555555555558,0
2011-05-14,Mumbai Indians,Deccan Chargers,Deccan Chargers,1,0.5740740740740741,0.38596491228070173,0.18810916179337234,0.6,0.2,0.39999999999999997,0.5714285714285714,0.42857142857142855,0.14285714285714285,0,0,Deccan Chargers,bat,Wankhede Stadium,Mumbai,0.6666666666666666,0.5,0.16666666666666663,0.7391304347826086,0.16666666666666666,0.572463768115942,0
2011-05-15,Kings XI Punjab,Delhi Daredevils,Kings XI Punjab,0,0.4716981132075472,0.509090909090909,-0.03739279588336186,0.4,0.4,0.0,0.5714285714285714,0.42857142857142855,0.14285714285714285,0,1,Delhi Daredevils,field,Himachal Pradesh Cricket Association Stadium,Dharamsala,0.0,0.5,-0.5,0.0,0.5,-0.5,0
2011-05-15,Kochi Tuskers Kerala,Rajasthan Royals,Kochi Tuskers Kerala,0,0.4166666666666667,0.5471698113207547,-0.13050314465408802,0.4,0.4,0.0,0.0,1.0,-1.0,1,0,Kochi Tuskers Kerala,field,Holkar Cricket Stadium,Indore,0.0,0.5,-0.5,0.0,0.5,-0.5,0
2011-05-16,Pune Warriors,Deccan Chargers,Deccan Chargers,1,0.36363636363636365,0.39655172413793105,-0.0329153605015674,0.4,0.2,0.2,1.0,0.0,1.0,0,1,Deccan Chargers,field,Dr DY Patil Sports Academy,Mumbai,0.4,0.2,0.2,0.3333333333333333,0.2857142857142857,0.047619047619047616,0
2011-05-17,Kings XI Punjab,Royal Challengers Bangalore,Kings XI Punjab,0,0.48148148148148145,0.5087719298245614,-0.027290448343079976,0.6,1.0,-0.4,0.42857142857142855,0.5714285714285714,-0.14285714285714285,1,1,Kings XI Punjab,bat,Himachal Pradesh Cricket Association Stadium,Dharamsala,0.3333333333333333,0.5,-0.16666666666666669,0.3333333333333333,0.5,-0.16666666666666669,1
2011-05-18,Chennai Super Kings,Kochi Tuskers Kerala,Chennai Super Kings,0,0.5964912280701754,0.46153846153846156,0.13495276653171384,0.8,0.6,0.20000000000000007,0.0,1.0,-1.0,1,1,Chennai Super Kings,bat,"MA Chidambaram Stadium, Chepauk",Chennai,0.6842105263157895,0.5,0.1842105263157895,0.6842105263157895,0.5,0.1842105263157895,1
2011-05-19,Pune Warriors,Kolkata Knight Riders,Kolkata Knight Riders,1,0.3333333333333333,0.45098039215686275,-0.11764705882352944,0.4,0.6,-0.19999999999999996,0.5,0.5,0.0,0,1,Kolkata Knight Riders,field,Dr DY Patil Sports Academy,Mumbai,0.3333333333333333,1.0,-0.6666666666666667,0.2857142857142857,0.3333333333333333,-0.047619047619047616,0
2011-05-20,Mumbai Indians,Rajasthan Royals,Rajasthan Royals,1,0.5636363636363636,0.5370370370370371,0.02659932659932651,0.6,0.2,0.39999999999999997,0.5,0.5,0.0,1,1,Mumbai Indians,bat,Wankhede Stadium,Mumbai,0.6,1.0,-0.4,0.7083333333333334,0.5,0.20833333333333337,1
2011-05-21,Kings XI Punjab,Deccan Chargers,Deccan Chargers,1,0.4909090909090909,0.4067796610169492,0.08412942989214173,0.8,0.4,0.4,0.7142857142857143,0.2857142857142857,0.4285714285714286,1,0,Kings XI Punjab,field,Himachal Pradesh Cricket Association Stadium,Dharamsala,0.5,1.0,-0.5,0.5,1.0,-0.5,0
2011-05-22,Royal Challengers Bangalore,Chennai Super Kings,Royal Challengers Bangalore,0,0.5,0.603448275862069,-0.10344827586206895,0.8,0.8,0.0,0.5,0.5,0.0,1,0,Royal Challengers Bangalore,field,M Chinnaswamy Stadium,Bangalore,0.47368421052631576,0.5,-0.026315789473684237,0.47368421052631576,0.5,-0.026315789473684237,0
2011-05-22,Kolkata Knight Riders,Mumbai Indians,Mumbai Indians,1,0.46153846153846156,0.5535714285714286,-0.09203296703296704,0.6,0.4,0.19999999999999996,0.16666666666666666,0.8333333333333334,-0.6666666666666667,0,1,Mumbai Indians,field,Eden Gardens,Kolkata,0.65,0.5,0.15000000000000002,0.65,0.5,0.15000000000000002,0
2011-05-24,Royal Challengers Bangalore,Chennai Super Kings,Chennai Super Kings,1,0.5084745762711864,0.5932203389830508,-0.0847457627118644,0.8,0.6,0.20000000000000007,0.5555555555555556,0.4444444444444444,0.11111111111111116,0,1,Chennai Super Kings,field,Wankhede Stadium,Mumbai,1.0,0.3333333333333333,0.6666666666666667,0.75,0.5,0.25,0
2011-05-25,Mumbai Indians,Kolkata Knight Riders,Mumbai Indians,0,0.5614035087719298,0.4528301886792453,0.1085733200926845,0.4,0.4,0.0,0.8571428571428571,0.14285714285714285,0.7142857142857142,1,0,Mumbai Indians,field,Wankhede Stadium,Mumbai,0.5454545454545454,0.0,0.5454545454545454,0.68,0.5,0.18000000000000005,0
2011-05-27,Royal Challengers Bangalore,Mumbai Indians,Royal Challengers Bangalore,0,0.5,0.5689655172413793,-0.06896551724137934,0.6,0.4,0.19999999999999996,0.375,0.625,-0.25,0,1,Mumbai Indians,field,"MA Chidambaram Stadium, Chepauk",Chennai,0.3333333333333333,0.0,0.3333333333333333,0.3333333333333333,0.0,0.3333333333333333,0
2011-05-28,Chennai Super Kings,Royal Challengers Bangalore,Chennai Super Kings,0,0.6,0.5081967213114754,0.09180327868852456,0.8,0.6,0.20000000000000007,0.5,0.5,0.0,1,1,Chennai Super Kings,bat,"MA Chidambaram Stadium, Chepauk",Chennai,0.7,0.5,0.19999999999999996,0.7,0.5,0.19999999999999996,1
2012-04-04,Chennai Super Kings,Mumbai Indians,Mumbai Indians,1,0.6065573770491803,0.559322033898305,0.0472353431508753,0.8,0.4,0.4,0.5,0.5,0.0,0,1,Mumbai Indians,field,"MA Chidambaram Stadium, Chepauk",Chennai,0.7142857142857143,0.0,0.7142857142857143,0.7142857142857143,0.0,0.7142857142857143,0
2012-04-05,Kolkata Knight Riders,Delhi Daredevils,Delhi Daredevils,1,0.4444444444444444,0.5,-0.05555555555555558,0.4,0.2,0.2,0.5,0.5,0.0,0,1,Delhi Daredevils,field,Eden Gardens,Kolkata,0.6190476190476191,0.0,0.6190476190476191,0.6190476190476191,0.0,0.6190476190476191,0
2012-04-06,Mumbai Indians,Pune Warriors,Pune Warriors,1,0.5666666666666667,0.3076923076923077,0.25897435897435894,0.6,0.4,0.19999999999999996,1.0,0.0,1.0,1,0,Mumbai Indians,field,Wankhede Stadium,Mumbai,0.5833333333333334,0.0,0.5833333333333334,0.6923076923076923,0.25,0.4423076923076923,0
2012-04-06,Rajasthan Royals,Kings XI Punjab,Rajasthan Royals,0,0.5454545454545454,0.48214285714285715,0.06331168831168826,0.2,0.8,-0.6000000000000001,0.5714285714285714,0.42857142857142855,0.14285714285714285,0,1,Kings XI Punjab,field,Sawai Mansingh Stadium,Jaipur,0.7058823529411765,0.0,0.7058823529411765,0.7058823529411765,0.0,0.7058823529411765,0
2012-04-07,Deccan Chargers,Chennai Super Kings,Chennai Super Kings,1,0.4166666666666667,0.5967741935483871,-0.18010752688172044,0.6,0.6,0.0,0.5,0.5,0.0,1,0,Deccan Chargers,field,Dr. Y.S. Rajasekhara Reddy ACA-VDCA Cricket Stadium,Visakhapatnam,0.5,0.5,0.0,0.5,0.5,0.0,0
2012-04-07,Royal Challengers Bangalore,Delhi Daredevils,Royal Challengers Bangalore,0,0.5,0.5087719298245614,-0.00877192982456143,0.4,0.4,0.0,0.2857142857142857,0.7142857142857143,-0.4285714285714286,0,1,Delhi Daredevils,field,M Chinnaswamy Stadium,Bangalore,0.5,1.0,-0.5,0.5,1.0,-0.5,0
2012-04-08,Pune Warriors,Kings XI Punjab,Pune Warriors,0,0.35714285714285715,0.47368421052631576,-0.11654135338345861,0.6,0.6,0.0,1.0,0.0,1.0,1,1,Pune Warriors,bat,Subrata Roy Sahara Stadium,Pune,0.5,0.5,0.0,0.5,0.5,0.0,1
2012-04-08,Rajasthan Royals,Kolkata Knight Riders,Rajasthan Royals,0,0.5535714285714286,0.43636363636363634,0.11720779220779226,0.4,0.2,0.2,0.42857142857142855,0.5714285714285714,-0.14285714285714285,0,1,Kolkata Knight Riders,field,Sawai Mansingh Stadium,Jaipur,0.7222222222222222,0.5,0.2222222222222222,0.7222222222222222,0.5,0.2222222222222222,0
2012-04-09,Deccan Chargers,Mumbai Indians,Mumbai Indians,1,0.4098360655737705,0.5573770491803278,-0.14754098360655732,0.6,0.6,0.0,0.5,0.5,0.0,1,1,Deccan Chargers,bat,Dr. Y.S. Rajasekhara Reddy ACA-VDCA Cricket Stadium,Visakhapatnam,0.0,0.5,-0.5,0.0,0.5,-0.5,1
2012-04-10,Delhi Daredevils,Chennai Super Kings,Delhi Daredevils,0,0.5,0.6031746031746031,-0.10317460317460314,0.2,0.6,-0.39999999999999997,0.42857142857142855,0.5714285714285714,-0.14285714285714285,1,0,Delhi Daredevils,field,Feroz Shah Kotla,Delhi,0.42105263157894735,1.0,-0.5789473684210527,0.42105263157894735,1.0,-0.5789473684210527,0
2012-04-10,Royal Challengers Bangalore,Kolkata Knight Riders,Kolkata Knight Riders,1,0.5079365079365079,0.42857142857142855,0.07936507936507936,0.6,0.2,0.39999999999999997,0.625,0.375,0.25,1,0,Royal Challengers Bangalore,field,M Chinnaswamy Stadium,Bangalore,0.5238095238095238,0.3333333333333333,0.19047619047619052,0.5238095238095238,0.3333333333333333,0.19047619047619052,0
2012-04-11,Mumbai Indians,Rajasthan Royals,Mumbai Indians,0,0.5645161290322581,0.5614035087719298,0.003112620260328325,0.6,0.6,0.0,0.42857142857142855,0.5714285714285714,-0.14285714285714285,0,1,Rajasthan Royals,field,Wankhede Stadium,Mumbai,0.5384615384615384,1.0,-0.46153846153846156,0.6666666666666666,0.6,0.06666666666666665,0
2012-04-12,Chennai Super Kings,Royal Challengers Bangalore,Chennai Super Kings,0,0.59375,0.5,0.09375,0.6,0.4,0.19999999999999996,0.5454545454545454,0.45454545454545453,0.09090909090909088,0,0,Royal Challengers Bangalore,bat,"MA Chidambaram Stadium, Chepauk",Chennai,0.6818181818181818,0.4,0.28181818181818175,0.6818181818181818,0.4,0.28181818181818175,0
2012-04-12,Kings XI Punjab,Pune Warriors,Kings XI Punjab,0,0.46551724137931033,0.4,0.06551724137931031,0.4,0.6,-0.19999999999999996,0.0,1.0,-1.0,1,0,Kings XI Punjab,field,"Punjab Cricket Association Stadium, Mohali",Chandigarh,0.625,1.0,-0.375,0.625,1.0,-0.375,0
2012-04-13,Kolkata Knight Riders,Rajasthan Royals,Kolkata Knight Riders,0,0.43859649122807015,0.5517241379310345,-0.11312764670296432,0.2,0.6,-0.39999999999999997,0.5,0.5,0.0,0,0,Rajasthan Royals,bat,Eden Gardens,Kolkata,0.5909090909090909,0.3333333333333333,0.2575757575757576,0.5909090909090909,0.3333333333333333,0.2575757575757576,0
2012-04-14,Pune Warriors,Chennai Super Kings,Pune Warriors,0,0.375,0.6,-0.22499999999999998,0.4,0.6,-0.19999999999999996,0.0,1.0,-1.0,0,0,Chennai Super Kings,bat,Subrata Roy Sahara Stadium,Pune,1.0,0.5,0.5,1.0,0.5,0.5,0
2012-04-15,Kolkata Knight Riders,Kings XI Punjab,Kings XI Punjab,1,0.4482758620689655,0.4745762711864407,-0.026300409117475165,0.4,0.4,0.0,0.5714285714285714,0.42857142857142855,0.14285714285714285,1,0,Kolkata Knight Riders,field,Eden Gardens,Kolkata,0.6086956521739131,0.3333333333333333,0.27536231884057977,0.6086956521739131,0.3333333333333333,0.27536231884057977,0
2012-04-15,Royal Challengers Bangalore,Rajasthan Royals,Rajasthan Royals,1,0.49230769230769234,0.5423728813559322,-0.050065189048239866,0.4,0.6,-0.19999999999999996,0.5714285714285714,0.42857142857142855,0.14285714285714285,0,0,Rajasthan Royals,bat,M Chinnaswamy Stadium,Bangalore,0.5,0.5,0.0,0.5,0.5,0.0,0
2012-04-16,Mumbai Indians,Delhi Daredevils,Delhi Daredevils,1,0.5714285714285714,0.5084745762711864,0.06295399515738498,0.6,0.4,0.19999999999999996,0.625,0.375,0.25,0,1,Delhi Daredevils,field,Wankhede Stadium,Mumbai,0.5714285714285714,0.0,0.5714285714285714,0.6785714285714286,0.2,0.4785714285714286,0
2012-04-17,Rajasthan Royals,Deccan Chargers,Rajasthan Royals,0,0.55,0.4032258064516129,0.14677419354838717,0.6,0.6,0.0,0.8571428571428571,0.14285714285714285,0.7142857142857142,0,0,Deccan Chargers,bat,Sawai Mansingh Stadium,Jaipur,0.7368421052631579,0.0,0.7368421052631579,0.7368421052631579,0.0,0.7368421052631579,0
2012-04-17,Royal Challengers Bangalore,Pune Warriors,Royal Challengers Bangalore,0,0.48484848484848486,0.4117647058823529,0.07308377896613194,0.2,0.6,-0.39999999999999997,1.0,0.0,1.0,0,0,Pune Warriors,bat,M Chinnaswamy Stadium,Bangalore,0.4782608695652174,0.0,0.4782608695652174,0.4782608695652174,0.0,0.4782608695652174,0
2012-04-18,Kings XI Punjab,Kolkata Knight Riders,Kolkata Knight Riders,1,0.48333333333333334,0.4406779661016949,0.04265536723163843,0.4,0.4,0.0,0.5,0.5,0.0,1,1,Kings XI Punjab,bat,"Punjab Cricket Association Stadium, Mohali",Chandigarh,0.6470588235294118,0.5,0.1470588235294118,0.6470588235294118,0.5,0.1470588235294118,1
2012-04-19,Delhi Daredevils,Deccan Chargers,Delhi Daredevils,0,0.5166666666666667,0.3968253968253968,0.11984126984126992,0.6,0.4,0.19999999999999996,0.5555555555555556,0.4444444444444444,0.11111111111111116,0,0,Deccan Chargers,bat,Feroz Shah Kotla,Delhi,0.45,0.6666666666666666,-0.21666666666666662,0.45,0.6666666666666666,-0.21666666666666662,0
2012-04-19,Chennai Super Kings,Pune Warriors,Chennai Super Kings,0,0.5909090909090909,0.3888888888888889,0.20202020202020204,0.4,0.6,-0.19999999999999996,0.6666666666666666,0.3333333333333333,0.3333333333333333,0,1,Pune Warriors,field,"MA Chidambaram Stadium, Chepauk",Chennai,0.6956521739130435,0.0,0.6956521739130435,0.6956521739130435,0.0,0.6956521739130435,0
2012-04-20,Kings XI Punjab,Royal Challengers Bangalore,Royal Challengers Bangalore,1,0.47540983606557374,0.4925373134328358,-0.017127477367262056,0.4,0.4,0.0,0.5,0.5,0.0,0,1,Royal Challengers Bangalore,field,"Punjab Cricket Association Stadium, Mohali",Chandigarh,0.6111111111111112,0.5,0.11111111111111116,0.6111111111111112,0.5,0.11111111111111116,0
2012-04-21,Chennai Super Kings,Rajasthan Royals,Chennai Super Kings,0,0.5970149253731343,0.5573770491803278,0.039637876192806454,0.6,0.6,0.0,0.5555555555555556,0.4444444444444444,0.11111111111111116,0,0,Rajasthan Royals,bat,"MA Chidambaram Stadium, Chepauk",Chennai,0.7083333333333334,0.3333333333333333,0.37500000000000006,0.7083333333333334,0.3333333333333333,0.37500000000000006,0
2012-04-21,Delhi Daredevils,Pune Warriors,Pune Warriors,1,0.5245901639344263,0.3684210526315789,0.15616911130284733,0.8,0.4,0.4,1.0,0.0,1.0,1,0,Delhi Daredevils,field,Feroz Shah Kotla,Delhi,0.47619047619047616,0.5,-0.023809523809523836,0.47619047619047616,0.5,-0.023809523809523836,0
2012-04-22,Mumbai Indians,Kings XI Punjab,Kings XI Punjab,1,0.5625,0.46774193548387094,0.09475806451612906,0.6,0.4,0.19999999999999996,0.375,0.625,-0.25,1,1,Mumbai Indians,bat,Wankhede Stadium,Mumbai,0.5333333333333333,0.3333333333333333,0.2,0.6551724137931034,0.2,0.4551724137931034,1
2012-04-22,Deccan Chargers,Kolkata Knight Riders,Kolkata Knight Riders,1,0.390625,0.45,-0.05937500000000001,0.2,0.6,-0.39999999999999997,0.25,0.75,-0.5,0,1,Kolkata Knight Riders,field,Barabati Stadium,Cuttack,1.0,0.5,0.5,1.0,0.5,0.5,0
2012-04-23,Rajasthan Royals,Royal Challengers Bangalore,Royal Challengers Bangalore,1,0.5483870967741935,0.5,0.048387096774193505,0.4,0.4,0.0,0.5,0.5,0.0,1,0,Rajasthan Royals,field,Sawai Mansingh Stadium,Jaipur,0.75,0.6666666666666666,0.08333333333333337,0.75,0.6666666666666666,0.08333333333333337,0
2012-04-24,Pune Warriors,Delhi Daredevils,Delhi Daredevils,1,0.4,0.5161290322580645,-0.11612903225806448,0.4,0.6,-0.19999999999999996,0.5,0.5,0.0,1,1,Pune Warriors,bat,Subrata Roy Sahara Stadium,Pune,1.0,0.5,0.5,1.0,0.5,0.5,1
2012-04-25,Kings XI Punjab,Mumbai Indians,Mumbai Indians,1,0.47619047619047616,0.5538461538461539,-0.07765567765567771,0.6,0.4,0.19999999999999996,0.6666666666666666,0.3333333333333333,0.3333333333333333,1,1,Kings XI Punjab,bat,"Punjab Cricket Association Stadium, Mohali",Chandigarh,0.5789473684210527,0.0,0.5789473684210527,0.5789473684210527,0.0,0.5789473684210527,1
2012-04-26,Pune Warriors,Deccan Chargers,Deccan Chargers,1,0.38095238095238093,0.38461538461538464,-0.0036630036630037055,0.4,0.0,0.4,0.5,0.5,0.0,0,0,Deccan Chargers,bat,Subrata Roy Sahara Stadium,Pune,0.6666666666666666,0.5,0.16666666666666663,0.6666666666666666,0.5,0.16666666666666663,0
2012-04-27,Delhi Daredevils,Mumbai Indians,Delhi Daredevils,0,0.5238095238095238,0.5606060606060606,-0.036796536796536716,0.8,0.6,0.20000000000000007,0.4444444444444444,0.5555555555555556,-0.11111111111111116,0,1,Mumbai Indians,field,Feroz Shah Kotla,Delhi,0.45454545454545453,0.6666666666666666,-0.2121212121212121,0.45454545454545453,0.6666666666666666,-0.2121212121212121,0
2012-04-28,Chennai Super Kings,Kings XI Punjab,Kings XI Punjab,1,0.6029411764705882,0.46875,0.1341911764705882,0.6,0.4,0.19999999999999996,0.8571428571428571,0.14285714285714285,0.7142857142857142,0,0,Kings XI Punjab,bat,"MA Chidambaram Stadium, Chepauk",Chennai,0.72,0.0,0.72,0.72,0.0,0.72,0
2012-04-28,Kolkata Knight Riders,Royal Challengers Bangalore,Kolkata Knight Riders,0,0.45901639344262296,0.5072463768115942,-0.048229983368971274,0.8,0.6,0.20000000000000007,0.4444444444444444,0.5555555555555556,-0.11111111111111116,1,1,Kolkata Knight Riders,bat,Eden Gardens,Kolkata,0.5833333333333334,0.3333333333333333,0.25000000000000006,0.5833333333333334,0.3333333333333333,0.25000000000000006,1
2012-04-29,Delhi Daredevils,Rajasthan Royals,Delhi Daredevils,0,0.53125,0.5396825396825397,-0.008432539682539653,0.8,0.4,0.4,0.5,0.5,0.0,1,1,Delhi Daredevils,bat,Feroz Shah Kotla,Delhi,0.4782608695652174,0.0,0.4782608695652174,0.4782608695652174,0.0,0.4782608695652174,1
2012-04-29,Mumbai Indians,Deccan Chargers,Mumbai Indians,0,0.5522388059701493,0.3939393939393939,0.15829941203075537,0.4,0.2,0.2,0.5555555555555556,0.4444444444444444,0.11111111111111116,1,0,Mumbai Indians,field,Wankhede Stadium,Mumbai,0.5,1.0,-0.5,0.6333333333333333,0.375,0.2583333333333333,0
2012-04-30,Chennai Super Kings,Kolkata Knight Riders,Kolkata Knight Riders,1,0.5942028985507246,0.46774193548387094,0.12646096306685367,0.6,0.8,-0.20000000000000007,0.7142857142857143,0.2857142857142857,0.4285714285714286,1,1,Chennai Super Kings,bat,"MA Chidambaram Stadium, Chepauk",Chennai,0.6923076923076923,0.0,0.6923076923076923,0.6923076923076923,0.0,0.6923076923076923,1
2012-05-01,Deccan Chargers,Pune Warriors,Deccan Chargers,0,0.3880597014925373,0.36363636363636365,0.024423337856173677,0.2,0.2,0.0,0.6666666666666666,0.3333333333333333,0.3333333333333333,1,1,Deccan Chargers,bat,Barabati Stadium,Cuttack,0.6666666666666666,0.5,0.16666666666666663,0.6666666666666666,0.5,0.16666666666666663,1
2012-05-01,Rajasthan Royals,Delhi Daredevils,Delhi Daredevils,1,0.53125,0.5384615384615384,-0.007211538461538436,0.4,0.8,-0.4,0.4444444444444444,0.5555555555555556,-0.11111111111111116,1,1,Rajasthan Royals,bat,Sawai Mansingh Stadium,Jaipur,0.7142857142857143,0.0,0.7142857142857143,0.7142857142857143,0.0,0.7142857142857143,1
2012-05-02,Royal Challengers Bangalore,Kings XI Punjab,Kings XI Punjab,1,0.5,0.47692307692307695,0.02307692307692305,0.6,0.4,0.19999999999999996,0.5555555555555556,0.4444444444444444,0.11111111111111116,0,1,Kings XI Punjab,field,M Chinnaswamy Stadium,Bangalore,0.5,0.3333333333333333,0.16666666666666669,0.5,0.3333333333333333,0.16666666666666669,0
2012-05-03,Pune Warriors,Mumbai Indians,Mumbai Indians,1,0.34782608695652173,0.5588235294117647,-0.210997442455243,0.2,0.4,-0.2,0.3333333333333333,0.6666666666666666,-0.3333333333333333,0,0,Mumbai Indians,bat,Subrata Roy Sahara Stadium,Pune,0.5,0.5,0.0,0.5,0.5,0.0,0
2012-05-04,Chennai Super Kings,Deccan Chargers,Chennai Super Kings,0,0.5857142857142857,0.39705882352941174,0.188655462184874,0.4,0.4,0.0,0.5555555555555556,0.4444444444444444,0.11111111111111116,1,1,Chennai Super Kings,bat,"MA Chidambaram Stadium, Chepauk",Chennai,0.6666666666666666,0.6666666666666666,0.0,0.6666666666666666,0.6666666666666666,0.0,1
2012-05-05,Kolkata Knight Riders,Pune Warriors,Kolkata Knight Riders,0,0.47619047619047616,0.3333333333333333,0.14285714285714285,0.8,0.2,0.6000000000000001,1.0,0.0,1.0,1,1,Kolkata Knight Riders,bat,Eden Gardens,Kolkata,0.6,0.5,0.09999999999999998,0.6,0.5,0.09999999999999998,1
2012-05-05,Kings XI Punjab,Rajasthan Royals,Rajasthan Royals,1,0.48484848484848486,0.5230769230769231,-0.038228438228438244,0.6,0.2,0.39999999999999997,0.375,0.625,-0.25,0,0,Rajasthan Royals,bat,"Punjab Cricket Association Stadium, Mohali",Chandigarh,0.55,0.3333333333333333,0.21666666666666673,0.55,0.3333333333333333,0.21666666666666673,0
2012-05-06,Mumbai Indians,Chennai Super Kings,Mumbai Indians,0,0.5652173913043478,0.5915492957746479,-0.026331904470300094,0.6,0.6,0.0,0.5555555555555556,0.4444444444444444,0.11111111111111116,1,0,Mumbai Indians,field,Wankhede Stadium,Mumbai,0.5294117647058824,0.5,0.02941176470588236,0.6451612903225806,0.5555555555555556,0.08960573476702505,0
2012-05-06,Royal Challengers Bangalore,Deccan Chargers,Royal Challengers Bangalore,0,0.49295774647887325,0.391304347826087,0.10165339865278628,0.6,0.4,0.19999999999999996,0.4444444444444444,0.5555555555555556,-0.11111111111111116,1,0,Royal Challengers Bangalore,field,M Chinnaswamy Stadium,Bangalore,0.48,0.5,-0.020000000000000018,0.48,0.5,-0.020000000000000018,0
2012-05-07,Delhi Daredevils,Kolkata Knight Riders,Kolkata Knight Riders,1,0.5454545454545454,0.484375,0.061079545454545414,0.8,1.0,-0.19999999999999996,0.5714285714285714,0.42857142857142855,0.14285714285714285,1,1,Delhi Daredevils,bat,Feroz Shah Kotla,Delhi,0.5,0.5,0.0,0.5,0.5,0.0,1
2012-05-08,Pune Warriors,Rajasthan Royals,Rajasthan Royals,1,0.32,0.5303030303030303,-0.21030303030303027,0.0,0.2,-0.2,0.0,1.0,-1.0,1,1,Pune Warriors,bat,Subrata Roy Sahara Stadium,Pune,0.4,0.5,-0.09999999999999998,0.4,0.5,-0.09999999999999998,1
2012-05-08,Deccan Chargers,Kings XI Punjab,Kings XI Punjab,1,0.38571428571428573,0.47761194029850745,-0.09189765458422172,0.4,0.6,-0.19999999999999996,0.375,0.625,-0.25,1,0,Deccan Chargers,field,"Rajiv Gandhi International Stadium, Uppal",Hyderabad,0.07142857142857142,1.0,-0.9285714285714286,0.07142857142857142,1.0,-0.9285714285714286,0
2012-05-09,Mumbai Indians,Royal Challengers Bangalore,Royal Challengers Bangalore,1,0.5714285714285714,0.5,0.0714285714285714,0.8,0.6,0.20000000000000007,0.5555555555555556,0.4444444444444444,0.11111111111111116,0,1,Royal Challengers Bangalore,field,Wankhede Stadium,Mumbai,0.5555555555555556,0.5,0.05555555555555558,0.65625,0.6,0.05625000000000002,0
2012-05-10,Rajasthan Royals,Chennai Super Kings,Chennai Super Kings,1,0.5373134328358209,0.5833333333333334,-0.04601990049751248,0.4,0.4,0.0,0.4,0.6,-0.19999999999999996,0,1,Chennai Super Kings,field,Sawai Mansingh Stadium,Jaipur,0.6818181818181818,0.5,0.18181818181818177,0.6818181818181818,0.5,0.18181818181818177,0
2012-05-10,Deccan Chargers,Delhi Daredevils,Delhi Daredevils,1,0.38028169014084506,0.5373134328358209,-0.15703174269497583,0.2,0.8,-0.6000000000000001,0.4,0.6,-0.19999999999999996,1,1,Deccan Chargers,bat,"Rajiv Gandhi International Stadium, Uppal",Hyderabad,0.06666666666666667,1.0,-0.9333333333333333,0.06666666666666667,1.0,-0.9333333333333333,1
2012-05-11,Pune Warriors,Royal Challengers Bangalore,Royal Challengers Bangalore,1,0.3076923076923077,0.5068493150684932,-0.19915700737618547,0.0,0.6,-0.6,0.0,1.0,-1.0,1,0,Pune Warriors,field,Subrata Roy Sahara Stadium,Pune,0.3333333333333333,0.5,-0.16666666666666669,0.3333333333333333,0.5,-0.16666666666666669,0
2012-05-12,Kolkata Knight Riders,Mumbai Indians,Mumbai Indians,1,0.49230769230769234,0.5633802816901409,-0.07107258938244854,1.0,0.6,0.4,0.125,0.875,-0.75,0,0,Mumbai Indians,bat,Eden Gardens,Kolkata,0.6153846153846154,0.6666666666666666,-0.05128205128205121,0.6153846153846154,0.6666666666666666,-0.05128205128205121,0
2012-05-12,Chennai Super Kings,Delhi Daredevils,Chennai Super Kings,0,0.589041095890411,0.5441176470588235,0.0449234488315875,0.4,0.8,-0.4,0.5,0.5,0.0,1,0,Chennai Super Kings,field,"MA Chidambaram Stadium, Chepauk",Chennai,0.6785714285714286,0.6666666666666666,0.011904761904761973,0.6785714285714286,0.6666666666666666,0.011904761904761973,0
2012-05-13,Rajasthan Royals,Pune Warriors,Rajasthan Royals,0,0.5294117647058824,0.2962962962962963,0.23311546840958608,0.4,0.0,0.4,1.0,0.0,1.0,1,1,Rajasthan Royals,bat,Sawai Mansingh Stadium,Jaipur,0.6521739130434783,0.0,0.6521739130434783,0.6521739130434783,0.0,0.6521739130434783,1
2012-05-13,Kings XI Punjab,Deccan Chargers,Kings XI Punjab,0,0.4852941176470588,0.375,0.11029411764705882,0.6,0.2,0.39999999999999997,0.6666666666666666,0.3333333333333333,0.3333333333333333,0,0,Deccan Chargers,bat,"Punjab Cricket Association Stadium, Mohali",Chandigarh,0.5238095238095238,0.0,0.5238095238095238,0.5238095238095238,0.0,0.5238095238095238,0
2012-05-14,Royal Challengers Bangalore,Mumbai Indians,Mumbai Indians,1,0.5135135135135135,0.5694444444444444,-0.05593093093093093,0.6,0.8,-0.20000000000000007,0.5,0.5,0.0,0,1,Mumbai Indians,field,M Chinnaswamy Stadium,Bangalore,0.5,1.0,-0.5,0.5,1.0,-0.5,0
2012-05-14,Kolkata Knight Riders,Chennai Super Kings,Chennai Super Kings,1,0.48484848484848486,0.5945945945945946,-0.10974610974610977,0.8,0.6,0.20000000000000007,0.375,0.625,-0.25,0,1,Chennai Super Kings,field,Eden Gardens,Kolkata,0.5925925925925926,0.6666666666666666,-0.07407407407407407,0.5925925925925926,0.6666666666666666,-0.07407407407407407,0
2012-05-15,Delhi Daredevils,Kings XI Punjab,Delhi Daredevils,0,0.5362318840579711,0.4927536231884058,0.043478260869565244,0.6,0.8,-0.20000000000000007,0.375,0.625,-0.25,0,0,Kings XI Punjab,bat,Feroz Shah Kotla,Delhi,0.48,0.6666666666666666,-0.18666666666666665,0.48,0.6666666666666666,-0.18666666666666665,0
2012-05-16,Mumbai Indians,Kolkata Knight Riders,Kolkata Knight Riders,1,0.5753424657534246,0.47761194029850745,0.09773052545491717,0.8,0.6,0.20000000000000007,0.8888888888888888,0.1111111111111111,0.7777777777777777,1,0,Mumbai Indians,field,Wankhede Stadium,Mumbai,0.5263157894736842,0.0,0.5263157894736842,0.6363636363636364,0.4,0.23636363636363633,0
2012-05-17,Kings XI Punjab,Chennai Super Kings,Kings XI Punjab,0,0.4857142857142857,0.6,-0.11428571428571427,0.6,0.8,-0.20000000000000007,0.25,0.75,-0.5,1,0,Kings XI Punjab,field,Himachal Pradesh Cricket Association Stadium,Dharamsala,0.4,1.0,-0.6,0.4,1.0,-0.6,0
2012-05-17,Delhi Daredevils,Royal Challengers Bangalore,Royal Challengers Bangalore,1,0.5428571428571428,0.5066666666666667,0.036190476190476106,0.6,0.6,0.0,0.625,0.375,0.25,1,0,Delhi Daredevils,field,Feroz Shah Kotla,Delhi,0.5,0.3333333333333333,0.16666666666666669,0.5,0.3333333333333333,0.16666666666666669,0
2012-05-18,Deccan Chargers,Rajasthan Royals,Deccan Chargers,0,0.3698630136986301,0.5362318840579711,-0.16636887035934095,0.0,0.6,-0.6,0.125,0.875,-0.75,0,0,Rajasthan Royals,bat,"Rajiv Gandhi International Stadium, Uppal",Hyderabad,0.0625,1.0,-0.9375,0.0625,1.0,-0.9375,0
2012-05-19,Kings XI Punjab,Delhi Daredevils,Delhi Daredevils,1,0.49295774647887325,0.5352112676056338,-0.04225352112676051,0.6,0.4,0.19999999999999996,0.5555555555555556,0.4444444444444444,0.11111111111111116,0,1,Delhi Daredevils,field,Himachal Pradesh Cricket Association Stadium,Dharamsala,0.5,0.0,0.5,0.5,0.0,0.5,0
2012-05-19,Pune Warriors,Kolkata Knight Riders,Kolkata Knight Riders,1,0.2857142857142857,0.4852941176470588,-0.19957983193277312,0.0,0.6,-0.6,0.0,1.0,-1.0,0,0,Kolkata Knight Riders,bat,Subrata Roy Sahara Stadium,Pune,0.2857142857142857,0.5,-0.2142857142857143,0.2857142857142857,0.5,-0.2142857142857143,0
2012-05-20,Deccan Chargers,Royal Challengers Bangalore,Deccan Chargers,0,0.3783783783783784,0.5131578947368421,-0.13477951635846375,0.2,0.8,-0.6000000000000001,0.5,0.5,0.0,0,1,Royal Challengers Bangalore,field,"Rajiv Gandhi International Stadium, Uppal",Hyderabad,0.11764705882352941,0.5,-0.38235294117647056,0.11764705882352941,0.5,-0.38235294117647056,0
2012-05-20,Rajasthan Royals,Mumbai Indians,Mumbai Indians,1,0.5285714285714286,0.5675675675675675,-0.03899613899613896,0.6,0.6,0.0,0.5,0.5,0.0,1,1,Rajasthan Royals,bat,Sawai Mansingh Stadium,Jaipur,0.6666666666666666,0.3333333333333333,0.3333333333333333,0.6666666666666666,0.3333333333333333,0.3333333333333333,1
2012-05-22,Delhi Daredevils,Kolkata Knight Riders,Kolkata Knight Riders,1,0.5416666666666666,0.4927536231884058,0.04891304347826081,0.6,0.6,0.0,0.5,0.5,0.0,0,0,Kolkata Knight Riders,bat,Subrata Roy Sahara Stadium,Pune,1.0,1.0,0.0,1.0,1.0,0.0,0
2012-05-23,Chennai Super Kings,Mumbai Indians,Chennai Super Kings,0,0.5921052631578947,0.5733333333333334,0.01877192982456133,0.6,0.6,0.0,0.4,0.6,-0.19999999999999996,0,1,Mumbai Indians,field,M Chinnaswamy Stadium,Bangalore,0.3333333333333333,1.0,-0.6666666666666667,0.3333333333333333,1.0,-0.6666666666666667,0
2012-05-25,Delhi Daredevils,Chennai Super Kings,Chennai Super Kings,1,0.5342465753424658,0.5974025974025974,-0.0631560220601316,0.4,0.8,-0.4,0.4444444444444444,0.5555555555555556,-0.11111111111111116,1,0,Delhi Daredevils,field,"MA Chidambaram Stadium, Chepauk",Chennai,0.5,0.6896551724137931,-0.18965517241379315,0.5,0.6896551724137931,-0.18965517241379315,0
2012-05-27,Kolkata Knight Riders,Chennai Super Kings,Kolkata Knight Riders,0,0.5,0.6025641025641025,-0.10256410256410253,0.6,0.8,-0.20000000000000007,0.3333333333333333,0.6666666666666666,-0.3333333333333333,0,0,Chennai Super Kings,bat,"MA Chidambaram Stadium, Chepauk",Chennai,0.25,0.7,-0.44999999999999996,0.25,0.7,-0.44999999999999996,0
2013-04-03,Kolkata Knight Riders,Delhi Daredevils,Kolkata Knight Riders,0,0.5070422535211268,0.527027027027027,-0.019984773505900222,0.8,0.4,0.4,0.5555555555555556,0.4444444444444444,0.11111111111111116,1,0,Kolkata Knight Riders,field,Eden Gardens,Kolkata,0.5714285714285714,0.3333333333333333,0.23809523809523808,0.5714285714285714,0.3333333333333333,0.23809523809523808,0
2013-04-04,Royal Challengers Bangalore,Mumbai Indians,Royal Challengers Bangalore,0,0.5064935064935064,0.5657894736842105,-0.05929596719070407,0.6,0.6,0.0,0.45454545454545453,0.5454545454545454,-0.09090909090909088,0,1,Mumbai Indians,field,M Chinnaswamy Stadium,Bangalore,0.48148148148148145,0.8,-0.3185185185185186,0.48148148148148145,0.8,-0.3185185185185186,0
2013-04-05,Sunrisers Hyderabad,Pune Warriors,Sunrisers Hyderabad,0,0.5,0.27586206896551724,0.22413793103448276,0.5,0.0,0.5,0.5,0.5,0.0,0,1,Pune Warriors,field,"Rajiv Gandhi International Stadium, Uppal",Hyderabad,0.5,1.0,-0.5,0.5,1.0,-0.5,0
2013-04-06,Delhi Daredevils,Rajasthan Royals,Rajasthan Royals,1,0.52,0.5211267605633803,-0.0011267605633802358,0.2,0.4,-0.2,0.6,0.4,0.19999999999999996,0,0,Rajasthan Royals,bat,Feroz Shah Kotla,Delhi,0.48148148148148145,0.0,0.48148148148148145,0.48148148148148145,0.0,0.48148148148148145,0
2013-04-06,Chennai Super Kings,Mumbai Indians,Mumbai Indians,1,0.5949367088607594,0.5584415584415584,0.03649515041920104,0.6,0.4,0.19999999999999996,0.45454545454545453,0.5454545454545454,-0.09090909090909088,0,0,Mumbai Indians,bat,"MA Chidambaram Stadium, Chepauk",Chennai,0.6774193548387096,0.25,0.42741935483870963,0.6774193548387096,0.25,0.42741935483870963,0
2013-04-07,Pune Warriors,Kings XI Punjab,Kings XI Punjab,1,0.26666666666666666,0.4861111111111111,-0.21944444444444444,0.0,0.6,-0.6,0.75,0.25,0.5,1,1,Pune Warriors,bat,Subrata Roy Sahara Stadium,Pune,0.25,0.0,0.25,0.25,0.0,0.25,1
2013-04-08,Rajasthan Royals,Kolkata Knight Riders,Rajasthan Royals,0,0.5277777777777778,0.5138888888888888,0.01388888888888895,0.4,1.0,-0.6,0.4444444444444444,0.5555555555555556,-0.11111111111111116,0,1,Kolkata Knight Riders,field,Sawai Mansingh Stadium,Jaipur,0.64,0.3333333333333333,0.3066666666666667,0.64,0.3333333333333333,0.3066666666666667,0
2013-04-09,Royal Challengers Bangalore,Sunrisers Hyderabad,Royal Challengers Bangalore,0,0.5128205128205128,1.0,-0.4871794871794872,0.6,1.0,-0.4,0.5,0.5,0.0,0,0,Sunrisers Hyderabad,bat,M Chinnaswamy Stadium,Bangalore,0.5,0.5,0.0,0.5,0.5,0.0,0
2013-04-09,Mumbai Indians,Delhi Daredevils,Mumbai Indians,0,0.5641025641025641,0.5131578947368421,0.05094466936572195,0.4,0.2,0.2,0.5,0.5,0.0,1,1,Mumbai Indians,bat,Wankhede Stadium,Mumbai,0.5,0.3333333333333333,0.16666666666666669,0.6176470588235294,0.3333333333333333,0.2843137254901961,1
2013-04-10,Kings XI Punjab,Chennai Super Kings,Chennai Super Kings,1,0.4931506849315068,0.5875,-0.0943493150684932,0.6,0.4,0.19999999999999996,0.3333333333333333,0.6666666666666666,-0.3333333333333333,0,1,Chennai Super Kings,field,"Punjab Cricket Association Stadium, Mohali",Chandigarh,0.5454545454545454,0.5,0.045454545454545414,0.5454545454545454,0.5,0.045454545454545414,0
2013-04-11,Royal Challengers Bangalore,Kolkata Knight Riders,Royal Challengers Bangalore,0,0.5189873417721519,0.5068493150684932,0.01213802670365871,0.6,0.8,-0.20000000000000007,0.5,0.5,0.0,1,0,Royal Challengers Bangalore,field,M Chinnaswamy Stadium,Bangalore,0.5172413793103449,0.5,0.017241379310344862,0.5172413793103449,0.5,0.017241379310344862,0
2013-04-11,Pune Warriors,Rajasthan Royals,Pune Warriors,0,0.25806451612903225,0.5342465753424658,-0.27618205921343353,0.0,0.6,-0.6,0.0,1.0,-1.0,0,0,Rajasthan Royals,bat,Subrata Roy Sahara Stadium,Pune,0.2222222222222222,1.0,-0.7777777777777778,0.2222222222222222,1.0,-0.7777777777777778,0
2013-04-12,Delhi Daredevils,Sunrisers Hyderabad,Sunrisers Hyderabad,1,0.5064935064935064,0.5,0.00649350649350644,0.0,0.5,-0.5,0.5,0.5,0.0,1,1,Delhi Daredevils,bat,Feroz Shah Kotla,Delhi,0.4642857142857143,0.5,-0.0357142857142857,0.4642857142857143,0.5,-0.0357142857142857,1
2013-04-13,Chennai Super Kings,Royal Challengers Bangalore,Chennai Super Kings,0,0.5925925925925926,0.525,0.06759259259259254,0.6,0.8,-0.20000000000000007,0.5833333333333334,0.4166666666666667,0.16666666666666669,1,0,Chennai Super Kings,field,"MA Chidambaram Stadium, Chepauk",Chennai,0.65625,0.3333333333333333,0.3229166666666667,0.65625,0.3333333333333333,0.3229166666666667,0
2013-04-13,Mumbai Indians,Pune Warriors,Mumbai Indians,0,0.569620253164557,0.28125,0.288370253164557,0.6,0.2,0.39999999999999997,0.75,0.25,0.5,1,1,Mumbai Indians,bat,Wankhede Stadium,Mumbai,0.5238095238095238,0.5,0.023809523809523836,0.6285714285714286,0.3333333333333333,0.29523809523809524,1
2013-04-14,Kolkata Knight Riders,Sunrisers Hyderabad,Kolkata Knight Riders,0,0.5,0.6666666666666666,-0.16666666666666663,0.6,0.6666666666666666,-0.06666666666666665,0.5,0.5,0.0,1,1,Kolkata Knight Riders,bat,Eden Gardens,Kolkata,0.5862068965517241,0.5,0.08620689655172409,0.5862068965517241,0.5,0.08620689655172409,1
2013-04-14,Rajasthan Royals,Kings XI Punjab,Rajasthan Royals,0,0.527027027027027,0.4864864864864865,0.04054054054054046,0.4,0.4,0.0,0.6666666666666666,0.3333333333333333,0.3333333333333333,1,0,Rajasthan Royals,field,Sawai Mansingh Stadium,Jaipur,0.6538461538461539,0.0,0.6538461538461539,0.6538461538461539,0.0,0.6538461538461539,0
2013-04-15,Chennai Super Kings,Pune Warriors,Pune Warriors,1,0.5975609756097561,0.2727272727272727,0.32483370288248337,0.6,0.2,0.39999999999999997,0.75,0.25,0.5,0,0,Pune Warriors,bat,"MA Chidambaram Stadium, Chepauk",Chennai,0.6666666666666666,0.0,0.6666666666666666,0.6666666666666666,0.0,0.6666666666666666,0
2013-04-16,Kings XI Punjab,Kolkata Knight Riders,Kings XI Punjab,0,0.48,0.5066666666666667,-0.026666666666666727,0.4,0.6,-0.19999999999999996,0.4444444444444444,0.5555555555555556,-0.11111111111111116,0,1,Kolkata Knight Riders,field,"Punjab Cricket Association Stadium, Mohali",Chandigarh,0.5217391304347826,0.6666666666666666,-0.14492753623188404,0.5217391304347826,0.6666666666666666,-0.14492753623188404,0
2013-04-17,Pune Warriors,Sunrisers Hyderabad,Sunrisers Hyderabad,1,0.29411764705882354,0.5,-0.20588235294117646,0.4,0.5,-0.09999999999999998,0.0,1.0,-1.0,1,0,Pune Warriors,field,Maharashtra Cricket Association Stadium,Pune,0.5,0.5,0.0,0.3,0.5,-0.2,0
2013-04-17,Rajasthan Royals,Mumbai Indians,Rajasthan Royals,0,0.5333333333333333,0.575,-0.04166666666666663,0.6,0.6,0.0,0.4444444444444444,0.5555555555555556,-0.11111111111111116,1,1,Rajasthan Royals,bat,Sawai Mansingh Stadium,Jaipur,0.6666666666666666,0.5,0.16666666666666663,0.6666666666666666,0.5,0.16666666666666663,1
2013-04-18,Delhi Daredevils,Chennai Super Kings,Chennai Super Kings,1,0.5,0.5903614457831325,-0.09036144578313254,0.0,0.4,-0.4,0.4,0.6,-0.19999999999999996,0,0,Chennai Super Kings,bat,Feroz Shah Kotla,Delhi,0.4482758620689655,0.6666666666666666,-0.2183908045977011,0.4482758620689655,0.6666666666666666,-0.2183908045977011,0
2013-04-19,Sunrisers Hyderabad,Kings XI Punjab,Sunrisers Hyderabad,0,0.6,0.4868421052631579,0.11315789473684207,0.6,0.4,0.19999999999999996,0.5,0.5,0.0,0,0,Kings XI Punjab,bat,"Rajiv Gandhi International Stadium, Uppal",Hyderabad,1.0,1.0,0.0,1.0,1.0,0.0,0
2013-04-20,Kolkata Knight Riders,Chennai Super Kings,Chennai Super Kings,1,0.5,0.5952380952380952,-0.09523809523809523,0.4,0.6,-0.19999999999999996,0.4,0.6,-0.19999999999999996,1,1,Kolkata Knight Riders,bat,Eden Gardens,Kolkata,0.6,0.75,-0.15000000000000002,0.6,0.75,-0.15000000000000002,1
2013-04-20,Royal Challengers Bangalore,Rajasthan Royals,Royal Challengers Bangalore,0,0.5185185185185185,0.5394736842105263,-0.020955165692007838,0.6,0.8,-0.20000000000000007,0.5555555555555556,0.4444444444444444,0.11111111111111116,1,0,Royal Challengers Bangalore,field,M Chinnaswamy Stadium,Bangalore,0.5333333333333333,0.6666666666666666,-0.1333333333333333,0.5333333333333333,0.6666666666666666,-0.1333333333333333,0
2013-04-21,Delhi Daredevils,Mumbai Indians,Delhi Daredevils,0,0.4936708860759494,0.5679012345679012,-0.07423034849195181,0.0,0.6,-0.6,0.45454545454545453,0.5454545454545454,-0.09090909090909088,0,0,Mumbai Indians,bat,Feroz Shah Kotla,Delhi,0.43333333333333335,0.5,-0.06666666666666665,0.43333333333333335,0.5,-0.06666666666666665,0
2013-04-21,Kings XI Punjab,Pune Warriors,Kings XI Punjab,0,0.4805194805194805,0.2857142857142857,0.19480519480519481,0.4,0.4,0.0,0.4,0.6,-0.19999999999999996,1,0,Kings XI Punjab,field,"Punjab Cricket Association Stadium, Mohali",Chandigarh,0.5416666666666666,0.5,0.04166666666666663,0.5416666666666666,0.5,0.04166666666666663,0
2013-04-22,Chennai Super Kings,Rajasthan Royals,Chennai Super Kings,0,0.6,0.5324675324675324,0.06753246753246755,0.8,0.6,0.20000000000000007,0.6363636363636364,0.36363636363636365,0.2727272727272727,0,0,Rajasthan Royals,bat,"MA Chidambaram Stadium, Chepauk",Chennai,0.6470588235294118,0.25,0.3970588235294118,0.6470588235294118,0.25,0.3970588235294118,0
2013-04-23,Delhi Daredevils,Kings XI Punjab,Kings XI Punjab,1,0.5,0.48717948717948717,0.01282051282051283,0.2,0.4,-0.2,0.5,0.5,0.0,0,1,Kings XI Punjab,field,Feroz Shah Kotla,Delhi,0.45161290322580644,0.5,-0.04838709677419356,0.45161290322580644,0.5,-0.04838709677419356,0
2013-04-23,Royal Challengers Bangalore,Pune Warriors,Royal Challengers Bangalore,0,0.524390243902439,0.2777777777777778,0.24661246612466126,0.8,0.4,0.4,1.0,0.0,1.0,0,1,Pune Warriors,field,M Chinnaswamy Stadium,Bangalore,0.5483870967741935,0.0,0.5483870967741935,0.5483870967741935,0.0,0.5483870967741935,0
2013-04-24,Kolkata Knight Riders,Mumbai Indians,Mumbai Indians,1,0.4935064935064935,0.5609756097560976,-0.06746911624960411,0.2,0.6,-0.39999999999999997,0.2,0.8,-0.6000000000000001,1,1,Kolkata Knight Riders,bat,Eden Gardens,Kolkata,0.5806451612903226,0.75,-0.16935483870967738,0.5806451612903226,0.75,-0.16935483870967738,1
2013-04-25,Chennai Super Kings,Sunrisers Hyderabad,Chennai Super Kings,0,0.6046511627906976,0.6666666666666666,-0.06201550387596899,0.8,0.6,0.20000000000000007,0.5,0.5,0.0,0,0,Sunrisers Hyderabad,bat,"MA Chidambaram Stadium, Chepauk",Chennai,0.6571428571428571,0.5,0.15714285714285714,0.6571428571428571,0.5,0.15714285714285714,0
2013-04-26,Kolkata Knight Riders,Kings XI Punjab,Kolkata Knight Riders,0,0.48717948717948717,0.4936708860759494,-0.006491398896462219,0.2,0.6,-0.39999999999999997,0.5,0.5,0.0,0,0,Kings XI Punjab,bat,Eden Gardens,Kolkata,0.5625,0.5,0.0625,0.5625,0.5,0.0625,0
2013-04-27,Rajasthan Royals,Sunrisers Hyderabad,Rajasthan Royals,0,0.5256410256410257,0.5714285714285714,-0.045787545787545736,0.4,0.6,-0.19999999999999996,0.5,0.5,0.0,0,0,Sunrisers Hyderabad,bat,Sawai Mansingh Stadium,Jaipur,0.6785714285714286,0.5,0.1785714285714286,0.6785714285714286,0.5,0.1785714285714286,0
2013-04-27,Mumbai Indians,Royal Challengers Bangalore,Mumbai Indians,0,0.5662650602409639,0.5301204819277109,0.03614457831325302,0.6,0.8,-0.20000000000000007,0.5,0.5,0.0,1,1,Mumbai Indians,bat,Wankhede Stadium,Mumbai,0.5454545454545454,0.6666666666666666,-0.12121212121212122,0.6388888888888888,0.6666666666666666,-0.02777777777777779,1
2013-04-28,Chennai Super Kings,Kolkata Knight Riders,Chennai Super Kings,0,0.6091954022988506,0.4936708860759494,0.11552451622290122,0.8,0.4,0.4,0.6363636363636364,0.36363636363636365,0.2727272727272727,0,1,Kolkata Knight Riders,field,"MA Chidambaram Stadium, Chepauk",Chennai,0.6666666666666666,0.4,0.2666666666666666,0.6666666666666666,0.4,0.2666666666666666,0
2013-04-28,Delhi Daredevils,Pune Warriors,Delhi Daredevils,0,0.49382716049382713,0.2702702702702703,0.22355689022355685,0.2,0.2,0.0,0.6666666666666666,0.3333333333333333,0.3333333333333333,0,1,Pune Warriors,field,Shaheed Veer Narayan Singh International Stadium,Raipur,0.5,0.5,0.0,0.5,0.5,0.0,0
2013-04-29,Rajasthan Royals,Royal Challengers Bangalore,Rajasthan Royals,0,0.5316455696202531,0.5238095238095238,0.007836045810729275,0.6,0.6,0.0,0.4,0.6,-0.19999999999999996,1,0,Rajasthan Royals,field,Sawai Mansingh Stadium,Jaipur,0.6896551724137931,0.75,-0.06034482758620685,0.6896551724137931,0.75,-0.06034482758620685,0
2013-04-29,Mumbai Indians,Kings XI Punjab,Mumbai Indians,0,0.5714285714285714,0.4875,0.08392857142857141,0.6,0.6,0.0,0.4,0.6,-0.19999999999999996,1,1,Mumbai Indians,bat,Wankhede Stadium,Mumbai,0.5652173913043478,0.5,0.06521739130434778,0.6486486486486487,0.3333333333333333,0.31531531531531537,1
2013-04-30,Pune Warriors,Chennai Super Kings,Chennai Super Kings,1,0.2631578947368421,0.6136363636363636,-0.35047846889952156,0.2,1.0,-0.8,0.4,0.6,-0.19999999999999996,0,0,Chennai Super Kings,bat,Subrata Roy Sahara Stadium,Pune,0.3,0.0,0.3,0.2727272727272727,0.0,0.2727272727272727,0
2013-05-01,Sunrisers Hyderabad,Mumbai Indians,Sunrisers Hyderabad,0,0.5,0.5764705882352941,-0.07647058823529407,0.4,0.6,-0.19999999999999996,0.5,0.5,0.0,0,0,Mumbai Indians,bat,"Rajiv Gandhi International Stadium, Uppal",Hyderabad,1.0,1.0,0.0,1.0,1.0,0.0,0
2013-05-01,Delhi Daredevils,Kolkata Knight Riders,Delhi Daredevils,0,0.5,0.4875,0.012500000000000011,0.4,0.2,0.2,0.4,0.6,-0.19999999999999996,0,0,Kolkata Knight Riders,bat,Shaheed Veer Narayan Singh International Stadium,Raipur,1.0,0.5,0.5,1.0,0.5,0.5,0
2013-05-02,Chennai Super Kings,Kings XI Punjab,Chennai Super Kings,0,0.6179775280898876,0.48148148148148145,0.13649604660840614,1.0,0.4,0.6,0.7,0.3,0.39999999999999997,1,1,Chennai Super Kings,bat,"MA Chidambaram Stadium, Chepauk",Chennai,0.6756756756756757,0.5,0.17567567567567566,0.6756756756756757,0.5,0.17567567567567566,1
2013-05-02,Pune Warriors,Royal Challengers Bangalore,Royal Challengers Bangalore,1,0.2564102564102564,0.5176470588235295,-0.2612368024132731,0.0,0.4,-0.4,0.0,1.0,-1.0,0,0,Royal Challengers Bangalore,bat,Subrata Roy Sahara Stadium,Pune,0.2727272727272727,1.0,-0.7272727272727273,0.25,1.0,-0.75,0
2013-05-03,Kolkata Knight Riders,Rajasthan Royals,Kolkata Knight Riders,0,0.48148148148148145,0.5375,-0.05601851851851852,0.2,0.6,-0.39999999999999997,0.5,0.5,0.0,0,0,Rajasthan Royals,bat,Eden Gardens,Kolkata,0.5757575757575758,0.25,0.3257575757575758,0.5757575757575758,0.25,0.3257575757575758,0
2013-05-04,Sunrisers Hyderabad,Delhi Daredevils,Sunrisers Hyderabad,0,0.5555555555555556,0.5060240963855421,0.04953145917001345,0.6,0.6,0.0,1.0,0.0,1.0,0,0,Delhi Daredevils,bat,"Rajiv Gandhi International Stadium, Uppal",Hyderabad,1.0,1.0,0.0,1.0,1.0,0.0,0
2013-05-05,Mumbai Indians,Chennai Super Kings,Mumbai Indians,0,0.5697674418604651,0.6222222222222222,-0.0524547803617571,0.6,1.0,-0.4,0.5833333333333334,0.4166666666666667,0.16666666666666669,1,1,Mumbai Indians,bat,Wankhede Stadium,Mumbai,0.5833333333333334,0.4,0.18333333333333335,0.6578947368421053,0.5,0.1578947368421053,1
2013-05-05,Rajasthan Royals,Pune Warriors,Rajasthan Royals,0,0.5308641975308642,0.25,0.2808641975308642,0.4,0.0,0.4,0.75,0.25,0.5,0,0,Pune Warriors,bat,Sawai Mansingh Stadium,Jaipur,0.7,0.0,0.7,0.7,0.0,0.7,0
2013-05-06,Kings XI Punjab,Royal Challengers Bangalore,Kings XI Punjab,0,0.47560975609756095,0.5232558139534884,-0.04764605785592746,0.4,0.6,-0.19999999999999996,0.5,0.5,0.0,1,0,Kings XI Punjab,field,"Punjab Cricket Association Stadium, Mohali",Chandigarh,0.56,0.6666666666666666,-0.10666666666666658,0.56,0.6666666666666666,-0.10666666666666658,0
2013-05-07,Rajasthan Royals,Delhi Daredevils,Rajasthan Royals,0,0.5365853658536586,0.5,0.03658536585365857,0.6,0.6,0.0,0.45454545454545453,0.5454545454545454,-0.09090909090909088,0,0,Delhi Daredevils,bat,Sawai Mansingh Stadium,Jaipur,0.7096774193548387,0.3333333333333333,0.37634408602150543,0.7096774193548387,0.3333333333333333,0.37634408602150543,0
2013-05-07,Mumbai Indians,Kolkata Knight Riders,Mumbai Indians,0,0.5747126436781609,0.4878048780487805,0.0869077656293804,0.8,0.4,0.4,0.8181818181818182,0.18181818181818182,0.6363636363636365,1,1,Mumbai Indians,bat,Wankhede Stadium,Mumbai,0.6,0.3333333333333333,0.26666666666666666,0.6666666666666666,0.5,0.16666666666666663,1
2013-05-08,Sunrisers Hyderabad,Chennai Super Kings,Chennai Super Kings,1,0.6,0.6153846153846154,-0.015384615384615441,0.6,0.8,-0.20000000000000007,0.0,1.0,-1.0,1,0,Sunrisers Hyderabad,field,"Rajiv Gandhi International Stadium, Uppal",Hyderabad,1.0,1.0,0.0,1.0,1.0,0.0,0
2013-05-09,Kings XI Punjab,Rajasthan Royals,Rajasthan Royals,1,0.4819277108433735,0.5421686746987951,-0.06024096385542166,0.4,0.8,-0.4,0.3,0.7,-0.39999999999999997,0,1,Rajasthan Royals,field,"Punjab Cricket Association Stadium, Mohali",Chandigarh,0.5769230769230769,0.5,0.07692307692307687,0.5769230769230769,0.5,0.07692307692307687,0
2013-05-09,Pune Warriors,Kolkata Knight Riders,Kolkata Knight Riders,1,0.24390243902439024,0.4819277108433735,-0.23802527181898325,0.0,0.4,-0.4,0.0,1.0,-1.0,0,0,Kolkata Knight Riders,bat,Subrata Roy Sahara Stadium,Pune,0.25,1.0,-0.75,0.23076923076923078,1.0,-0.7692307692307692,0
2013-05-10,Delhi Daredevils,Royal Challengers Bangalore,Royal Challengers Bangalore,1,0.49411764705882355,0.5172413793103449,-0.02312373225152131,0.4,0.4,0.0,0.5555555555555556,0.4444444444444444,0.11111111111111116,1,0,Delhi Daredevils,field,Feroz Shah Kotla,Delhi,0.4375,0.5,-0.0625,0.4375,0.5,-0.0625,0
2013-05-11,Pune Warriors,Mumbai Indians,Mumbai Indians,1,0.23809523809523808,0.5795454545454546,-0.3414502164502165,0.0,0.8,-0.8,0.2,0.8,-0.6000000000000001,1,1,Pune Warriors,bat,Subrata Roy Sahara Stadium,Pune,0.23076923076923078,1.0,-0.7692307692307692,0.21428571428571427,1.0,-0.7857142857142857,1
2013-05-11,Kings XI Punjab,Sunrisers Hyderabad,Sunrisers Hyderabad,1,0.47619047619047616,0.5454545454545454,-0.06926406926406925,0.2,0.4,-0.2,0.0,1.0,-1.0,1,0,Kings XI Punjab,field,"Punjab Cricket Association Stadium, Mohali",Chandigarh,0.5555555555555556,0.5,0.05555555555555558,0.5555555555555556,0.5,0.05555555555555558,0
2013-05-12,Kolkata Knight Riders,Royal Challengers Bangalore,Kolkata Knight Riders,0,0.4880952380952381,0.5227272727272727,-0.034632034632034625,0.4,0.4,0.0,0.45454545454545453,0.5454545454545454,-0.09090909090909088,1,0,Kolkata Knight Riders,field,JSCA International Stadium Complex,Ranchi,0.5,0.5,0.0,0.5,0.5,0.0,0
2013-05-12,Rajasthan Royals,Chennai Super Kings,Rajasthan Royals,0,0.5476190476190477,0.6195652173913043,-0.07194616977225665,0.8,0.8,0.0,0.3333333333333333,0.6666666666666666,-0.3333333333333333,1,0,Rajasthan Royals,field,Sawai Mansingh Stadium,Jaipur,0.71875,0.6666666666666666,0.05208333333333337,0.71875,0.6666666666666666,0.05208333333333337,0
2013-05-13,Mumbai Indians,Sunrisers Hyderabad,Mumbai Indians,0,0.5842696629213483,0.5833333333333334,0.000936329588014928,0.8,0.6,0.20000000000000007,0.0,1.0,-1.0,0,0,Sunrisers Hyderabad,bat,Wankhede Stadium,Mumbai,0.6153846153846154,0.5,0.11538461538461542,0.675,0.5,0.17500000000000004,0
2013-05-14,Chennai Super Kings,Delhi Daredevils,Chennai Super Kings,0,0.6129032258064516,0.4883720930232558,0.12453113278319583,0.6,0.4,0.19999999999999996,0.6363636363636364,0.36363636363636365,0.2727272727272727,1,1,Chennai Super Kings,bat,"MA Chidambaram Stadium, Chepauk",Chennai,0.6842105263157895,0.4,0.28421052631578947,0.6842105263157895,0.4,0.28421052631578947,1
2013-05-14,Royal Challengers Bangalore,Kings XI Punjab,Kings XI Punjab,1,0.5168539325842697,0.47058823529411764,0.046265697290152064,0.4,0.2,0.2,0.45454545454545453,0.5454545454545454,-0.09090909090909088,0,1,Kings XI Punjab,field,M Chinnaswamy Stadium,Bangalore,0.5625,0.5,0.0625,0.5625,0.5,0.0625,0
2013-05-15,Mumbai Indians,Rajasthan Royals,Mumbai Indians,0,0.5888888888888889,0.5529411764705883,0.03594771241830064,0.8,0.8,0.0,0.5,0.5,0.0,0,1,Rajasthan Royals,field,Wankhede Stadium,Mumbai,0.6296296296296297,0.6666666666666666,-0.03703703703703698,0.6829268292682927,0.5,0.18292682926829273,0
2013-05-15,Kolkata Knight Riders,Pune Warriors,Pune Warriors,1,0.49411764705882355,0.23255813953488372,0.26155950752393986,0.6,0.0,0.6,1.0,0.0,1.0,1,0,Kolkata Knight Riders,field,JSCA International Stadium Complex,Ranchi,1.0,0.5,0.5,1.0,0.5,0.5,0
2013-05-16,Kings XI Punjab,Delhi Daredevils,Kings XI Punjab,0,0.47674418604651164,0.4827586206896552,-0.006014434643143551,0.4,0.2,0.2,0.5454545454545454,0.45454545454545453,0.09090909090909088,0,1,Delhi Daredevils,field,Himachal Pradesh Cricket Association Stadium,Dharamsala,0.42857142857142855,0.5,-0.07142857142857145,0.42857142857142855,0.5,-0.07142857142857145,0
2013-05-17,Sunrisers Hyderabad,Rajasthan Royals,Sunrisers Hyderabad,0,0.5384615384615384,0.5465116279069767,-0.00805008944543828,0.6,0.8,-0.20000000000000007,0.0,1.0,-1.0,1,1,Sunrisers Hyderabad,bat,"Rajiv Gandhi International Stadium, Uppal",Hyderabad,0.8,0.6666666666666666,0.13333333333333341,0.8,0.6666666666666666,0.13333333333333341,1
2013-05-18,Kings XI Punjab,Mumbai Indians,Kings XI Punjab,0,0.4827586206896552,0.5934065934065934,-0.11064797271693821,0.6,1.0,-0.4,0.5454545454545454,0.45454545454545453,0.09090909090909088,0,1,Mumbai Indians,field,Himachal Pradesh Cricket Association Stadium,Dharamsala,0.5,0.5,0.0,0.5,0.5,0.0,0
2013-05-18,Royal Challengers Bangalore,Chennai Super Kings,Royal Challengers Bangalore,0,0.5111111111111111,0.6170212765957447,-0.10591016548463361,0.4,0.6,-0.19999999999999996,0.38461538461538464,0.6153846153846154,-0.23076923076923078,0,1,Chennai Super Kings,field,M Chinnaswamy Stadium,Bangalore,0.5454545454545454,0.5,0.045454545454545414,0.5454545454545454,0.5,0.045454545454545414,0
2013-05-19,Pune Warriors,Delhi Daredevils,Pune Warriors,0,0.25,0.4772727272727273,-0.2272727272727273,0.2,0.0,0.2,0.25,0.75,-0.5,1,1,Pune Warriors,bat,Subrata Roy Sahara Stadium,Pune,0.21428571428571427,0.5,-0.2857142857142857,0.2,0.5,-0.3,1
2013-05-19,Sunrisers Hyderabad,Kolkata Knight Riders,Sunrisers Hyderabad,0,0.5714285714285714,0.4883720930232558,0.0830564784053156,0.6,0.6,0.0,0.0,1.0,-1.0,0,0,Kolkata Knight Riders,bat,"Rajiv Gandhi International Stadium, Uppal",Hyderabad,0.8333333333333334,1.0,-0.16666666666666663,0.8333333333333334,1.0,-0.16666666666666663,0
2013-05-21,Chennai Super Kings,Mumbai Indians,Chennai Super Kings,0,0.6105263157894737,0.5869565217391305,0.023569794050343207,0.4,0.8,-0.4,0.38461538461538464,0.6153846153846154,-0.23076923076923078,1,1,Chennai Super Kings,bat,Feroz Shah Kotla,Delhi,0.75,0.4,0.35,0.75,0.4,0.35,1
2013-05-22,Rajasthan Royals,Sunrisers Hyderabad,Rajasthan Royals,0,0.5402298850574713,0.6,-0.05977011494252871,0.6,0.6,0.0,0.5,0.5,0.0,0,0,Sunrisers Hyderabad,bat,Feroz Shah Kotla,Delhi,0.25,1.0,-0.75,0.25,1.0,-0.75,0
2013-05-24,Mumbai Indians,Rajasthan Royals,Mumbai Indians,0,0.5806451612903226,0.5454545454545454,0.035190615835777206,0.6,0.6,0.0,0.5454545454545454,0.45454545454545453,0.09090909090909088,0,0,Rajasthan Royals,bat,Eden Gardens,Kolkata,0.8,0.2,0.6000000000000001,0.8,0.2,0.6000000000000001,0
2013-05-26,Chennai Super Kings,Mumbai Indians,Mumbai Indians,1,0.6145833333333334,0.5851063829787234,0.029476950354609954,0.6,0.6,0.0,0.42857142857142855,0.5714285714285714,-0.14285714285714285,0,0,Mumbai Indians,bat,Eden Gardens,Kolkata,0.8,0.8333333333333334,-0.033333333333333326,0.8,0.8333333333333334,-0.033333333333333326,0
2014-04-16,Mumbai Indians,Kolkata Knight Riders,Kolkata Knight Riders,1,0.5894736842105263,0.4827586206896552,0.10671506352087107,0.6,0.4,0.19999999999999996,0.8333333333333334,0.16666666666666666,0.6666666666666667,0,0,Kolkata Knight Riders,bat,Sheikh Zayed Stadium,Abu Dhabi,0.5,0.5,0.0,0.5,0.5,0.0,0
2014-04-17,Delhi Daredevils,Royal Challengers Bangalore,Royal Challengers Bangalore,1,0.47191011235955055,0.5164835164835165,-0.04457340412396599,0.0,0.4,-0.4,0.5,0.5,0.0,0,1,Royal Challengers Bangalore,field,Sharjah Cricket Stadium,,0.5,0.5,0.0,0.5,0.5,0.0,0
2014-04-18,Sunrisers Hyderabad,Rajasthan Royals,Rajasthan Royals,1,0.5625,0.5393258426966292,0.0231741573033708,0.6,0.4,0.19999999999999996,0.3333333333333333,0.6666666666666666,-0.3333333333333333,0,1,Rajasthan Royals,field,Sheikh Zayed Stadium,Abu Dhabi,0.5,0.5,0.0,0.5,0.5,0.0,0
2014-04-18,Chennai Super Kings,Kings XI Punjab,Kings XI Punjab,1,0.6082474226804123,0.48863636363636365,0.11961105904404867,0.4,0.6,-0.19999999999999996,0.7272727272727273,0.2727272727272727,0.4545454545454546,1,1,Chennai Super Kings,bat,Sheikh Zayed Stadium,Abu Dhabi,0.5,0.5,0.0,0.5,0.5,0.0,1
2014-04-19,Royal Challengers Bangalore,Mumbai Indians,Royal Challengers Bangalore,0,0.5217391304347826,0.5833333333333334,-0.061594202898550776,0.6,0.4,0.19999999999999996,0.46153846153846156,0.5384615384615384,-0.07692307692307687,1,0,Royal Challengers Bangalore,field,Dubai International Cricket Stadium,,0.5,0.5,0.0,1.0,0.5,0.5,0
2014-04-19,Kolkata Knight Riders,Delhi Daredevils,Delhi Daredevils,1,0.48863636363636365,0.4666666666666667,0.021969696969696972,0.6,0.0,0.6,0.5454545454545454,0.45454545454545453,0.09090909090909088,1,1,Kolkata Knight Riders,bat,Dubai International Cricket Stadium,,0.5,0.5,0.0,0.5,0.0,0.5,1
2014-04-20,Rajasthan Royals,Kings XI Punjab,Kings XI Punjab,1,0.5444444444444444,0.4943820224719101,0.0500624219725343,0.4,0.8,-0.4,0.7272727272727273,0.2727272727272727,0.4545454545454546,0,1,Kings XI Punjab,field,Sharjah Cricket Stadium,,0.5,0.5,0.0,0.5,0.5,0.0,0
2014-04-21,Chennai Super Kings,Delhi Daredevils,Chennai Super Kings,0,0.6020408163265306,0.4725274725274725,0.1295133437990581,0.4,0.2,0.2,0.6666666666666666,0.3333333333333333,0.3333333333333333,1,1,Chennai Super Kings,bat,Sheikh Zayed Stadium,Abu Dhabi,0.0,0.5,-0.5,0.0,0.5,-0.5,1
2014-04-22,Kings XI Punjab,Sunrisers Hyderabad,Kings XI Punjab,0,0.5,0.5294117647058824,-0.02941176470588236,1.0,0.4,0.6,0.0,1.0,-1.0,0,1,Sunrisers Hyderabad,field,Sharjah Cricket Stadium,,1.0,0.5,0.5,1.0,0.5,0.5,0
2014-04-23,Rajasthan Royals,Chennai Super Kings,Chennai Super Kings,1,0.5384615384615384,0.6060606060606061,-0.06759906759906764,0.4,0.4,0.0,0.38461538461538464,0.6153846153846154,-0.23076923076923078,1,0,Rajasthan Royals,field,Dubai International Cricket Stadium,,0.5,0.5,0.0,0.0,0.5,-0.5,0
2014-04-24,Royal Challengers Bangalore,Kolkata Knight Riders,Kolkata Knight Riders,1,0.5268817204301075,0.48314606741573035,0.04373565301437715,0.6,0.4,0.19999999999999996,0.5,0.5,0.0,1,0,Royal Challengers Bangalore,field,Sharjah Cricket Stadium,,1.0,0.5,0.5,1.0,0.0,1.0,0
2014-04-25,Sunrisers Hyderabad,Delhi Daredevils,Sunrisers Hyderabad,0,0.5,0.4673913043478261,0.03260869565217389,0.4,0.2,0.2,1.0,0.0,1.0,1,1,Sunrisers Hyderabad,bat,Dubai International Cricket Stadium,,0.5,1.0,-0.5,0.0,0.5,-0.5,1
2014-04-25,Chennai Super Kings,Mumbai Indians,Chennai Super Kings,0,0.61,0.5773195876288659,0.03268041237113406,0.6,0.4,0.19999999999999996,0.4,0.6,-0.19999999999999996,0,0,Mumbai Indians,bat,Dubai International Cricket Stadium,,1.0,0.0,1.0,1.0,0.0,1.0,0
2014-04-26,Rajasthan Royals,Royal Challengers Bangalore,Rajasthan Royals,0,0.532608695652174,0.5212765957446809,0.011332099907493065,0.4,0.6,-0.19999999999999996,0.45454545454545453,0.5454545454545454,-0.09090909090909088,1,0,Rajasthan Royals,field,Sheikh Zayed Stadium,Abu Dhabi,1.0,0.5,0.5,1.0,0.5,0.5,0
2014-04-26,Kolkata Knight Riders,Kings XI Punjab,Kings XI Punjab,1,0.4888888888888889,0.5054945054945055,-0.016605616605616602,0.4,1.0,-0.6,0.5454545454545454,0.45454545454545453,0.09090909090909088,1,0,Kolkata Knight Riders,field,Sheikh Zayed Stadium,Abu Dhabi,1.0,1.0,0.0,1.0,1.0,0.0,0
2014-04-27,Delhi Daredevils,Mumbai Indians,Delhi Daredevils,0,0.46236559139784944,0.5714285714285714,-0.10906298003072196,0.2,0.4,-0.2,0.5,0.5,0.0,0,0,Mumbai Indians,bat,Sharjah Cricket Stadium,,0.0,0.5,-0.5,0.3333333333333333,0.0,0.3333333333333333,0
2014-04-27,Sunrisers Hyderabad,Chennai Super Kings,Chennai Super Kings,1,0.5263157894736842,0.6138613861386139,-0.08754559666492967,0.4,0.6,-0.19999999999999996,0.0,1.0,-1.0,1,1,Sunrisers Hyderabad,bat,Sharjah Cricket Stadium,,0.0,0.5,-0.5,0.5,1.0,-0.5,1
2014-04-28,Kings XI Punjab,Royal Challengers Bangalore,Kings XI Punjab,0,0.5108695652173914,0.5157894736842106,-0.004919908466819223,1.0,0.6,0.4,0.5833333333333334,0.4166666666666667,0.16666666666666669,1,0,Kings XI Punjab,field,Dubai International Cricket Stadium,,0.5,1.0,-0.5,1.0,0.6666666666666666,0.33333333333333337,0
2014-04-30,Mumbai Indians,Sunrisers Hyderabad,Sunrisers Hyderabad,1,0.5656565656565656,0.5,0.06565656565656564,0.2,0.2,0.0,0.5,0.5,0.0,1,0,Mumbai Indians,field,Dubai International Cricket Stadium,,0.0,1.0,-1.0,0.0,0.3333333333333333,-0.3333333333333333,0
2014-05-02,Chennai Super Kings,Kolkata Knight Riders,Chennai Super Kings,0,0.6176470588235294,0.4835164835164835,0.13413057530704592,0.8,0.4,0.4,0.6666666666666666,0.3333333333333333,0.3333333333333333,1,1,Chennai Super Kings,bat,JSCA International Stadium Complex,Ranchi,0.5,0.5,0.0,0.5,0.5,0.0,1
2014-05-03,Delhi Daredevils,Rajasthan Royals,Rajasthan Royals,1,0.46808510638297873,0.5376344086021505,-0.06954930221917177,0.4,0.4,0.0,0.5,0.5,0.0,0,1,Rajasthan Royals,field,Feroz Shah Kotla,Delhi,0.42424242424242425,0.4,0.024242424242424232,0.42424242424242425,0.4,0.024242424242424232,0
2014-05-03,Mumbai Indians,Kings XI Punjab,Mumbai Indians,0,0.56,0.5161290322580645,0.04387096774193555,0.0,1.0,-1.0,0.4166666666666667,0.5833333333333334,-0.16666666666666669,0,0,Kings XI Punjab,bat,Wankhede Stadium,Mumbai,0.6428571428571429,0.4,0.24285714285714288,0.6904761904761905,0.2857142857142857,0.40476190476190477,0
2014-05-04,Royal Challengers Bangalore,Sunrisers Hyderabad,Royal Challengers Bangalore,0,0.5104166666666666,0.5238095238095238,-0.013392857142857206,0.4,0.4,0.0,1.0,0.0,1.0,1,0,Royal Challengers Bangalore,field,M Chinnaswamy Stadium,Bangalore,0.5588235294117647,0.0,0.5588235294117647,0.5588235294117647,0.0,0.5588235294117647,0
2014-05-05,Rajasthan Royals,Kolkata Knight Riders,Rajasthan Royals,0,0.5425531914893617,0.4782608695652174,0.06429232192414425,0.6,0.4,0.19999999999999996,0.45454545454545453,0.5454545454545454,-0.09090909090909088,0,1,Kolkata Knight Riders,field,"Sardar Patel Stadium, Motera",Ahmedabad,0.75,0.0,0.75,0.75,0.0,0.75,0
2014-05-05,Delhi Daredevils,Chennai Super Kings,Chennai Super Kings,1,0.4631578947368421,0.6213592233009708,-0.15820132856412872,0.4,1.0,-0.6,0.3076923076923077,0.6923076923076923,-0.3846153846153846,0,1,Chennai Super Kings,field,Feroz Shah Kotla,Delhi,0.4117647058823529,0.8,-0.3882352941176471,0.4117647058823529,0.8,-0.3882352941176471,0
2014-05-06,Mumbai Indians,Royal Challengers Bangalore,Mumbai Indians,0,0.5643564356435643,0.5154639175257731,0.04889251811779116,0.2,0.4,-0.2,0.5,0.5,0.0,0,1,Royal Challengers Bangalore,field,Wankhede Stadium,Mumbai,0.6551724137931034,0.5,0.15517241379310343,0.6976744186046512,0.5714285714285714,0.12624584717607978,0
2014-05-07,Delhi Daredevils,Kolkata Knight Riders,Kolkata Knight Riders,1,0.4583333333333333,0.4731182795698925,-0.014784946236559182,0.2,0.2,0.0,0.5,0.5,0.0,1,1,Delhi Daredevils,bat,Feroz Shah Kotla,Delhi,0.4,0.6666666666666666,-0.2666666666666666,0.4,0.6666666666666666,-0.2666666666666666,1
2014-05-07,Kings XI Punjab,Chennai Super Kings,Kings XI Punjab,0,0.5106382978723404,0.625,-0.11436170212765961,0.8,1.0,-0.19999999999999996,0.3333333333333333,0.6666666666666666,-0.3333333333333333,0,1,Chennai Super Kings,field,Barabati Stadium,Cuttack,0.0,0.5,-0.5,0.0,0.5,-0.5,0
2014-05-08,Rajasthan Royals,Sunrisers Hyderabad,Sunrisers Hyderabad,1,0.5473684210526316,0.5,0.047368421052631615,0.6,0.4,0.19999999999999996,0.75,0.25,0.5,1,0,Rajasthan Royals,field,"Sardar Patel Stadium, Motera",Ahmedabad,0.8,0.5,0.30000000000000004,0.8,0.5,0.30000000000000004,0
2014-05-09,Royal Challengers Bangalore,Kings XI Punjab,Kings XI Punjab,1,0.5102040816326531,0.5157894736842106,-0.005585392051557503,0.2,0.8,-0.6000000000000001,0.38461538461538464,0.6153846153846154,-0.23076923076923078,1,0,Royal Challengers Bangalore,field,M Chinnaswamy Stadium,Bangalore,0.5714285714285714,0.6,-0.02857142857142858,0.5714285714285714,0.6,-0.02857142857142858,0
2014-05-10,Delhi Daredevils,Sunrisers Hyderabad,Sunrisers Hyderabad,1,0.4536082474226804,0.5217391304347826,-0.06813088301210218,0.2,0.6,-0.39999999999999997,0.0,1.0,-1.0,0,1,Sunrisers Hyderabad,field,Feroz Shah Kotla,Delhi,0.3888888888888889,0.5,-0.1111111111111111,0.3888888888888889,0.5,-0.1111111111111111,0
2014-05-10,Mumbai Indians,Chennai Super Kings,Chennai Super Kings,1,0.5686274509803921,0.6190476190476191,-0.050420168067226934,0.4,0.8,-0.4,0.5625,0.4375,0.125,0,1,Chennai Super Kings,field,Wankhede Stadium,Mumbai,0.6666666666666666,0.3333333333333333,0.3333333333333333,0.7045454545454546,0.45454545454545453,0.25000000000000006,0
2014-05-11,Royal Challengers Bangalore,Rajasthan Royals,Rajasthan Royals,1,0.5050505050505051,0.5416666666666666,-0.03661616161616155,0.2,0.6,-0.39999999999999997,0.5,0.5,0.0,1,1,Royal Challengers Bangalore,bat,M Chinnaswamy Stadium,Bangalore,0.5555555555555556,0.5,0.05555555555555558,0.5555555555555556,0.5,0.05555555555555558,1
2014-05-11,Kings XI Punjab,Kolkata Knight Riders,Kolkata Knight Riders,1,0.5208333333333334,0.4787234042553192,0.0421099290780142,0.8,0.4,0.4,0.5,0.5,0.0,0,1,Kolkata Knight Riders,field,Barabati Stadium,Cuttack,0.5,1.0,-0.5,0.5,1.0,-0.5,0
2014-05-12,Sunrisers Hyderabad,Mumbai Indians,Mumbai Indians,1,0.5416666666666666,0.5631067961165048,-0.021440129449838197,0.6,0.4,0.19999999999999996,0.6666666666666666,0.3333333333333333,0.3333333333333333,1,1,Sunrisers Hyderabad,bat,"Rajiv Gandhi International Stadium, Uppal",Hyderabad,0.8571428571428571,0.6666666666666666,0.19047619047619047,0.8571428571428571,0.6666666666666666,0.19047619047619047,1
2014-05-13,Chennai Super Kings,Rajasthan Royals,Chennai Super Kings,0,0.6226415094339622,0.5463917525773195,0.0762497568566427,0.8,0.8,0.0,0.6428571428571429,0.35714285714285715,0.28571428571428575,0,0,Rajasthan Royals,bat,JSCA International Stadium Complex,Ranchi,1.0,0.5,0.5,1.0,0.5,0.5,0
2014-05-13,Royal Challengers Bangalore,Delhi Daredevils,Royal Challengers Bangalore,0,0.5,0.4489795918367347,0.05102040816326531,0.2,0.2,0.0,0.5454545454545454,0.45454545454545453,0.09090909090909088,0,1,Delhi Daredevils,field,M Chinnaswamy Stadium,Bangalore,0.5405405405405406,0.6666666666666666,-0.12612612612612606,0.5405405405405406,0.6666666666666666,-0.12612612612612606,0
2014-05-14,Kolkata Knight Riders,Mumbai Indians,Kolkata Knight Riders,0,0.4842105263157895,0.5673076923076923,-0.08309716599190281,0.4,0.6,-0.19999999999999996,0.23076923076923078,0.7692307692307693,-0.5384615384615385,1,0,Kolkata Knight Riders,field,Barabati Stadium,Cuttack,1.0,0.5,0.5,1.0,0.5,0.5,0
2014-05-14,Sunrisers Hyderabad,Kings XI Punjab,Kings XI Punjab,1,0.52,0.5154639175257731,0.004536082474226877,0.6,0.6,0.0,0.6666666666666666,0.3333333333333333,0.3333333333333333,0,1,Kings XI Punjab,field,"Rajiv Gandhi International Stadium, Uppal",Hyderabad,0.75,0.75,0.0,0.75,0.75,0.0,0
2014-05-15,Rajasthan Royals,Delhi Daredevils,Rajasthan Royals,0,0.5408163265306123,0.4444444444444444,0.09637188208616787,0.6,0.0,0.6,0.5384615384615384,0.46153846153846156,0.07692307692307687,0,1,Delhi Daredevils,field,"Sardar Patel Stadium, Motera",Ahmedabad,0.6666666666666666,1.0,-0.33333333333333337,0.6666666666666666,1.0,-0.33333333333333337,0
2014-05-18,Chennai Super Kings,Royal Challengers Bangalore,Royal Challengers Bangalore,1,0.6261682242990654,0.504950495049505,0.12121772924956042,0.8,0.4,0.4,0.5714285714285714,0.42857142857142855,0.14285714285714285,1,1,Chennai Super Kings,bat,JSCA International Stadium Complex,Ranchi,1.0,0.0,1.0,1.0,0.0,1.0,1
2014-05-18,Sunrisers Hyderabad,Kolkata Knight Riders,Kolkata Knight Riders,1,0.5,0.4895833333333333,0.010416666666666685,0.4,0.6,-0.19999999999999996,0.5,0.5,0.0,1,1,Sunrisers Hyderabad,bat,"Rajiv Gandhi International Stadium, Uppal",Hyderabad,0.6666666666666666,0.6666666666666666,0.0,0.6666666666666666,0.6666666666666666,0.0,1
2014-05-19,Rajasthan Royals,Mumbai Indians,Mumbai Indians,1,0.5454545454545454,0.5619047619047619,-0.016450216450216493,0.6,0.6,0.0,0.4166666666666667,0.5833333333333334,-0.16666666666666669,0,0,Mumbai Indians,bat,"Sardar Patel Stadium, Motera",Ahmedabad,0.7142857142857143,0.5,0.2142857142857143,0.7142857142857143,0.5,0.2142857142857143,0
2014-05-19,Delhi Daredevils,Kings XI Punjab,Kings XI Punjab,1,0.44,0.5204081632653061,-0.08040816326530614,0.0,0.6,-0.6,0.4166666666666667,0.5833333333333334,-0.16666666666666669,0,1,Kings XI Punjab,field,Feroz Shah Kotla,Delhi,0.3783783783783784,0.6,-0.22162162162162158,0.3783783783783784,0.6,-0.22162162162162158,0
2014-05-20,Sunrisers Hyderabad,Royal Challengers Bangalore,Sunrisers Hyderabad,0,0.48148148148148145,0.5098039215686274,-0.02832244008714596,0.4,0.4,0.0,0.0,1.0,-1.0,0,0,Royal Challengers Bangalore,bat,"Rajiv Gandhi International Stadium, Uppal",Hyderabad,0.6,0.3333333333333333,0.26666666666666666,0.6,0.3333333333333333,0.26666666666666666,0
2014-05-20,Kolkata Knight Riders,Chennai Super Kings,Kolkata Knight Riders,0,0.4948453608247423,0.6203703703703703,-0.12552500954562806,0.8,0.6,0.20000000000000007,0.3076923076923077,0.6923076923076923,-0.3846153846153846,1,0,Kolkata Knight Riders,field,Eden Gardens,Kolkata,0.5882352941176471,0.6666666666666666,-0.07843137254901955,0.5882352941176471,0.6666666666666666,-0.07843137254901955,0
2014-05-21,Kings XI Punjab,Mumbai Indians,Mumbai Indians,1,0.5252525252525253,0.5660377358490566,-0.040785210596531285,0.8,0.6,0.20000000000000007,0.5384615384615384,0.46153846153846156,0.07692307692307687,0,1,Mumbai Indians,field,"Punjab Cricket Association Stadium, Mohali",Chandigarh,0.5357142857142857,0.25,0.2857142857142857,0.5357142857142857,0.25,0.2857142857142857,0
2014-05-22,Kolkata Knight Riders,Royal Challengers Bangalore,Kolkata Knight Riders,0,0.5,0.5048543689320388,-0.004854368932038833,1.0,0.4,0.6,0.5384615384615384,0.46153846153846156,0.07692307692307687,0,1,Royal Challengers Bangalore,field,Eden Gardens,Kolkata,0.6,0.25,0.35,0.6,0.25,0.35,0
2014-05-22,Chennai Super Kings,Sunrisers Hyderabad,Sunrisers Hyderabad,1,0.6146788990825688,0.5,0.11467889908256879,0.4,0.4,0.0,1.0,0.0,1.0,0,1,Sunrisers Hyderabad,field,JSCA International Stadium Complex,Ranchi,0.6666666666666666,0.5,0.16666666666666663,0.6666666666666666,0.5,0.16666666666666663,0
2014-05-23,Mumbai Indians,Delhi Daredevils,Mumbai Indians,0,0.5700934579439252,0.43564356435643564,0.13444989358748954,0.6,0.0,0.6,0.46153846153846156,0.5384615384615384,-0.07692307692307687,0,1,Delhi Daredevils,field,Wankhede Stadium,Mumbai,0.6451612903225806,0.25,0.3951612903225806,0.6888888888888889,0.2857142857142857,0.4031746031746032,0
2014-05-23,Kings XI Punjab,Rajasthan Royals,Kings XI Punjab,0,0.52,0.54,-0.020000000000000018,0.6,0.4,0.19999999999999996,0.3333333333333333,0.6666666666666666,-0.3333333333333333,0,1,Rajasthan Royals,field,"Punjab Cricket Association Stadium, Mohali",Chandigarh,0.5172413793103449,0.6,-0.08275862068965512,0.5172413793103449,0.6,-0.08275862068965512,0
2014-05-24,Royal Challengers Bangalore,Chennai Super Kings,Chennai Super Kings,1,0.5,0.6090909090909091,-0.10909090909090913,0.4,0.4,0.0,0.4666666666666667,0.5333333333333333,-0.06666666666666665,0,1,Chennai Super Kings,field,M Chinnaswamy Stadium,Bangalore,0.5526315789473685,0.4,0.15263157894736845,0.5526315789473685,0.4,0.15263157894736845,0
2014-05-24,Kolkata Knight Riders,Sunrisers Hyderabad,Kolkata Knight Riders,0,0.5050505050505051,0.5172413793103449,-0.012190874259839779,1.0,0.4,0.6,0.6666666666666666,0.3333333333333333,0.3333333333333333,1,0,Kolkata Knight Riders,field,Eden Gardens,Kolkata,0.6111111111111112,0.0,0.6111111111111112,0.6111111111111112,0.0,0.6111111111111112,0
2014-05-25,Kings XI Punjab,Delhi Daredevils,Kings XI Punjab,0,0.5247524752475248,0.43137254901960786,0.09337992622791691,0.6,0.0,0.6,0.6153846153846154,0.38461538461538464,0.23076923076923078,1,0,Kings XI Punjab,field,"Punjab Cricket Association Stadium, Mohali",Chandigarh,0.5333333333333333,0.5,0.033333333333333326,0.5333333333333333,0.5,0.033333333333333326,0
2014-05-25,Mumbai Indians,Rajasthan Royals,Mumbai Indians,0,0.5740740740740741,0.5346534653465347,0.039420608727539386,0.8,0.4,0.4,0.6153846153846154,0.38461538461538464,0.23076923076923078,1,0,Mumbai Indians,field,Wankhede Stadium,Mumbai,0.65625,0.5,0.15625,0.6956521739130435,0.42857142857142855,0.2670807453416149,0
2014-05-27,Kings XI Punjab,Kolkata Knight Riders,Kolkata Knight Riders,1,0.5294117647058824,0.51,0.01941176470588235,0.8,1.0,-0.19999999999999996,0.46153846153846156,0.5384615384615384,-0.07692307692307687,1,0,Kings XI Punjab,field,Eden Gardens,Kolkata,0.4,0.6216216216216216,-0.22162162162162158,0.4,0.6216216216216216,-0.22162162162162158,0
2014-05-28,Chennai Super Kings,Mumbai Indians,Chennai Super Kings,0,0.6126126126126126,0.5779816513761468,0.03463096123646581,0.4,0.8,-0.4,0.47058823529411764,0.5294117647058824,-0.05882352941176472,1,0,Chennai Super Kings,field,Brabourne Stadium,Mumbai,0.5,0.8333333333333334,-0.33333333333333337,0.5,0.7021276595744681,-0.2021276595744681,0
2014-05-30,Chennai Super Kings,Kings XI Punjab,Kings XI Punjab,1,0.6160714285714286,0.5242718446601942,0.09179958391123444,0.4,0.6,-0.19999999999999996,0.6153846153846154,0.38461538461538464,0.23076923076923078,1,0,Chennai Super Kings,field,Wankhede Stadium,Mumbai,0.42857142857142855,0.3333333333333333,0.09523809523809523,0.5384615384615384,0.25,0.28846153846153844,0
2014-06-01,Kolkata Knight Riders,Kings XI Punjab,Kolkata Knight Riders,0,0.5148514851485149,0.5288461538461539,-0.01399466869763899,1.0,0.6,0.4,0.5714285714285714,0.42857142857142855,0.14285714285714285,1,0,Kolkata Knight Riders,field,M Chinnaswamy Stadium,Bangalore,0.4,0.6666666666666666,-0.2666666666666666,0.4,0.6666666666666666,-0.2666666666666666,0
2015-04-08,Kolkata Knight Riders,Mumbai Indians,Kolkata Knight Riders,0,0.5196078431372549,0.5727272727272728,-0.05311942959001781,1.0,0.8,0.19999999999999996,0.2857142857142857,0.7142857142857143,-0.4285714285714286,1,0,Kolkata Knight Riders,field,Eden Gardens,Kolkata,0.631578947368421,0.8571428571428571,-0.22556390977443608,0.631578947368421,0.8571428571428571,-0.22556390977443608,0
2015-04-09,Chennai Super Kings,Delhi Daredevils,Chennai Super Kings,0,0.6106194690265486,0.42718446601941745,0.18343500300713117,0.4,0.0,0.4,0.7142857142857143,0.2857142857142857,0.4285714285714286,0,1,Delhi Daredevils,field,"MA Chidambaram Stadium, Chepauk",Chennai,0.6923076923076923,0.3333333333333333,0.358974358974359,0.6923076923076923,0.3333333333333333,0.358974358974359,0
2015-04-10,Kings XI Punjab,Rajasthan Royals,Rajasthan Royals,1,0.5238095238095238,0.5294117647058824,-0.0056022408963585235,0.6,0.2,0.39999999999999997,0.38461538461538464,0.6153846153846154,-0.23076923076923078,1,0,Kings XI Punjab,field,Maharashtra Cricket Association Stadium,Pune,0.5,0.5,0.0,0.5,0.5,0.0,0
2015-04-11,Chennai Super Kings,Sunrisers Hyderabad,Chennai Super Kings,0,0.6140350877192983,0.5,0.11403508771929827,0.6,0.4,0.19999999999999996,0.75,0.25,0.5,1,1,Chennai Super Kings,bat,"MA Chidambaram Stadium, Chepauk",Chennai,0.7,0.0,0.7,0.7,0.0,0.7,1
2015-04-11,Kolkata Knight Riders,Royal Challengers Bangalore,Royal Challengers Bangalore,1,0.5242718446601942,0.49523809523809526,0.02903374942209891,1.0,0.4,0.6,0.5714285714285714,0.42857142857142855,0.14285714285714285,0,1,Royal Challengers Bangalore,field,Eden Gardens,Kolkata,0.6410256410256411,0.2,0.44102564102564107,0.6410256410256411,0.2,0.44102564102564107,0
2015-04-12,Delhi Daredevils,Rajasthan Royals,Rajasthan Royals,1,0.4230769230769231,0.5339805825242718,-0.11090365944734876,0.0,0.4,-0.4,0.42857142857142855,0.5714285714285714,-0.14285714285714285,0,1,Rajasthan Royals,field,Feroz Shah Kotla,Delhi,0.3684210526315789,0.5,-0.13157894736842107,0.3684210526315789,0.5,-0.13157894736842107,0
2015-04-12,Mumbai Indians,Kings XI Punjab,Kings XI Punjab,1,0.5675675675675675,0.5188679245283019,0.04869964303926566,0.6,0.4,0.19999999999999996,0.5,0.5,0.0,1,0,Mumbai Indians,field,Wankhede Stadium,Mumbai,0.6666666666666666,0.42857142857142855,0.23809523809523808,0.6875,0.3333333333333333,0.3541666666666667,0
2015-04-13,Royal Challengers Bangalore,Sunrisers Hyderabad,Sunrisers Hyderabad,1,0.5,0.4838709677419355,0.016129032258064502,0.4,0.4,0.0,0.6666666666666666,0.3333333333333333,0.3333333333333333,0,1,Sunrisers Hyderabad,field,M Chinnaswamy Stadium,Bangalore,0.5384615384615384,0.0,0.5384615384615384,0.5384615384615384,0.0,0.5384615384615384,0
2015-04-14,Rajasthan Royals,Mumbai Indians,Rajasthan Royals,0,0.5384615384615384,0.5625,-0.024038461538461564,0.4,0.4,0.0,0.35714285714285715,0.6428571428571429,-0.28571428571428575,0,0,Mumbai Indians,bat,"Sardar Patel Stadium, Motera",Ahmedabad,0.625,1.0,-0.375,0.625,1.0,-0.375,0
2015-04-15,Kings XI Punjab,Delhi Daredevils,Delhi Daredevils,1,0.5233644859813084,0.41904761904761906,0.1043168669336893,0.4,0.0,0.4,0.6428571428571429,0.35714285714285715,0.28571428571428575,1,1,Kings XI Punjab,bat,Maharashtra Cricket Association Stadium,Pune,0.0,0.5,-0.5,0.3333333333333333,0.3333333333333333,0.0,1
2015-04-16,Sunrisers Hyderabad,Rajasthan Royals,Rajasthan Royals,1,0.5,0.5428571428571428,-0.042857142857142816,0.6,0.6,0.0,0.4,0.6,-0.19999999999999996,0,1,Rajasthan Royals,field,Dr. Y.S. Rajasekhara Reddy ACA-VDCA Cricket Stadium,Visakhapatnam,0.5,0.5,0.0,0.5,0.5,0.0,0
2015-04-17,Mumbai Indians,Chennai Super Kings,Chennai Super Kings,1,0.5575221238938053,0.6173913043478261,-0.05986918045402079,0.2,0.8,-0.6000000000000001,0.5,0.5,0.0,1,1,Mumbai Indians,bat,Wankhede Stadium,Mumbai,0.6470588235294118,0.375,0.2720588235294118,0.673469387755102,0.5,0.173469387755102,1
2015-04-18,Kings XI Punjab,Kolkata Knight Riders,Kolkata Knight Riders,1,0.5185185185185185,0.5192307692307693,-0.0007122507122507837,0.4,0.8,-0.4,0.4,0.6,-0.19999999999999996,0,1,Kolkata Knight Riders,field,Maharashtra Cricket Association Stadium,Pune,0.0,0.5,-0.5,0.25,1.0,-0.75,0
2015-04-18,Sunrisers Hyderabad,Delhi Daredevils,Delhi Daredevils,1,0.48484848484848486,0.42452830188679247,0.06032018296169239,0.4,0.2,0.2,1.0,0.0,1.0,0,0,Delhi Daredevils,bat,Dr. Y.S. Rajasekhara Reddy ACA-VDCA Cricket Stadium,Visakhapatnam,0.0,0.5,-0.5,0.0,0.5,-0.5,0
2015-04-19,Rajasthan Royals,Chennai Super Kings,Rajasthan Royals,0,0.5471698113207547,0.6206896551724138,-0.0735198438516591,0.8,0.8,0.0,0.3333333333333333,0.6666666666666666,-0.3333333333333333,0,0,Chennai Super Kings,bat,"Sardar Patel Stadium, Motera",Ahmedabad,0.6666666666666666,0.0,0.6666666666666666,0.6666666666666666,0.0,0.6666666666666666,0
2015-04-19,Royal Challengers Bangalore,Mumbai Indians,Mumbai Indians,1,0.4953271028037383,0.5526315789473685,-0.057304476143630156,0.2,0.0,0.2,0.4666666666666667,0.5333333333333333,-0.06666666666666665,1,0,Royal Challengers Bangalore,field,M Chinnaswamy Stadium,Bangalore,0.525,0.6666666666666666,-0.1416666666666666,0.525,0.6666666666666666,-0.1416666666666666,0
2015-04-20,Delhi Daredevils,Kolkata Knight Riders,Kolkata Knight Riders,1,0.42990654205607476,0.5238095238095238,-0.09390298175344908,0.4,0.8,-0.4,0.46153846153846156,0.5384615384615384,-0.07692307692307687,0,1,Kolkata Knight Riders,field,Feroz Shah Kotla,Delhi,0.358974358974359,0.75,-0.391025641025641,0.358974358974359,0.75,-0.391025641025641,0
2015-04-22,Sunrisers Hyderabad,Kolkata Knight Riders,Sunrisers Hyderabad,0,0.47058823529411764,0.5283018867924528,-0.05771365149833518,0.2,0.8,-0.6000000000000001,0.25,0.75,-0.5,0,1,Kolkata Knight Riders,field,Dr. Y.S. Rajasekhara Reddy ACA-VDCA Cricket Stadium,Visakhapatnam,0.0,0.5,-0.5,0.0,0.5,-0.5,0
2015-04-22,Royal Challengers Bangalore,Chennai Super Kings,Chennai Super Kings,1,0.49074074074074076,0.6153846153846154,-0.12464387464387466,0.2,0.6,-0.39999999999999997,0.4375,0.5625,-0.125,1,0,Royal Challengers Bangalore,field,M Chinnaswamy Stadium,Bangalore,0.5121951219512195,0.5,0.012195121951219523,0.5121951219512195,0.5,0.012195121951219523,0
2015-04-23,Delhi Daredevils,Mumbai Indians,Delhi Daredevils,0,0.42592592592592593,0.5565217391304348,-0.13059581320450886,0.4,0.2,0.2,0.5,0.5,0.0,0,1,Mumbai Indians,field,Feroz Shah Kotla,Delhi,0.35,0.3333333333333333,0.016666666666666663,0.35,0.3333333333333333,0.016666666666666663,0
2015-04-24,Rajasthan Royals,Royal Challengers Bangalore,Royal Challengers Bangalore,1,0.5514018691588785,0.48623853211009177,0.06516333704878668,1.0,0.2,0.8,0.5384615384615384,0.46153846153846156,0.07692307692307687,0,1,Royal Challengers Bangalore,field,"Sardar Patel Stadium, Motera",Ahmedabad,0.7,0.5,0.19999999999999996,0.7,0.5,0.19999999999999996,0
2015-04-25,Mumbai Indians,Sunrisers Hyderabad,Mumbai Indians,0,0.5517241379310345,0.4857142857142857,0.06600985221674877,0.2,0.4,-0.2,0.5,0.5,0.0,1,1,Mumbai Indians,bat,Wankhede Stadium,Mumbai,0.6285714285714286,0.0,0.6285714285714286,0.66,0.0,0.66,1
2015-04-25,Chennai Super Kings,Kings XI Punjab,Chennai Super Kings,0,0.6186440677966102,0.5137614678899083,0.1048825999067019,0.8,0.2,0.6000000000000001,0.5714285714285714,0.42857142857142855,0.14285714285714285,1,1,Chennai Super Kings,bat,"MA Chidambaram Stadium, Chepauk",Chennai,0.7073170731707317,0.3333333333333333,0.37398373983739835,0.7073170731707317,0.3333333333333333,0.37398373983739835,1
2015-04-26,Delhi Daredevils,Royal Challengers Bangalore,Royal Challengers Bangalore,1,0.43119266055045874,0.4909090909090909,-0.05971643035863217,0.6,0.4,0.19999999999999996,0.4166666666666667,0.5833333333333334,-0.16666666666666669,0,1,Royal Challengers Bangalore,field,Feroz Shah Kotla,Delhi,0.36585365853658536,0.6,-0.23414634146341462,0.36585365853658536,0.6,-0.23414634146341462,0
2015-04-27,Kings XI Punjab,Sunrisers Hyderabad,Sunrisers Hyderabad,1,0.509090909090909,0.4722222222222222,0.03686868686868683,0.2,0.4,-0.2,0.5,0.5,0.0,1,0,Kings XI Punjab,field,"Punjab Cricket Association Stadium, Mohali",Chandigarh,0.5483870967741935,1.0,-0.4516129032258065,0.5483870967741935,1.0,-0.4516129032258065,0
2015-04-28,Chennai Super Kings,Kolkata Knight Riders,Chennai Super Kings,0,0.6218487394957983,0.5233644859813084,0.09848425351448997,0.8,0.6,0.20000000000000007,0.6428571428571429,0.35714285714285715,0.28571428571428575,0,1,Kolkata Knight Riders,field,"MA Chidambaram Stadium, Chepauk",Chennai,0.7142857142857143,0.3333333333333333,0.380952380952381,0.7142857142857143,0.3333333333333333,0.380952380952381,0
2015-04-30,Kolkata Knight Riders,Chennai Super Kings,Kolkata Knight Riders,0,0.5185185185185185,0.625,-0.10648148148148151,0.4,0.8,-0.4,0.3333333333333333,0.6666666666666666,-0.3333333333333333,1,0,Kolkata Knight Riders,field,Eden Gardens,Kolkata,0.625,0.5714285714285714,0.0535714285714286,0.625,0.5714285714285714,0.0535714285714286,0
2015-05-01,Mumbai Indians,Rajasthan Royals,Mumbai Indians,0,0.5555555555555556,0.5462962962962963,0.0092592592592593,0.4,0.8,-0.4,0.6,0.4,0.19999999999999996,0,1,Rajasthan Royals,field,Wankhede Stadium,Mumbai,0.6388888888888888,0.4,0.23888888888888882,0.6666666666666666,0.375,0.29166666666666663,0
2015-05-01,Delhi Daredevils,Kings XI Punjab,Delhi Daredevils,0,0.42727272727272725,0.5045045045045045,-0.07723177723177721,0.6,0.2,0.39999999999999997,0.4,0.6,-0.19999999999999996,1,0,Delhi Daredevils,field,Feroz Shah Kotla,Delhi,0.35714285714285715,0.6666666666666666,-0.3095238095238095,0.35714285714285715,0.6666666666666666,-0.3095238095238095,0
2015-05-02,Royal Challengers Bangalore,Kolkata Knight Riders,Royal Challengers Bangalore,0,0.4954954954954955,0.5229357798165137,-0.02744028432101825,0.4,0.6,-0.19999999999999996,0.4666666666666667,0.5333333333333333,-0.06666666666666665,1,0,Royal Challengers Bangalore,field,M Chinnaswamy Stadium,Bangalore,0.5,0.5,0.0,0.5,0.5,0.0,0
2015-05-02,Sunrisers Hyderabad,Chennai Super Kings,Sunrisers Hyderabad,0,0.4864864864864865,0.6198347107438017,-0.13334822425731518,0.4,0.6,-0.19999999999999996,0.2,0.8,-0.6000000000000001,0,1,Chennai Super Kings,field,"Rajiv Gandhi International Stadium, Uppal",Hyderabad,0.6363636363636364,1.0,-0.36363636363636365,0.6363636363636364,1.0,-0.36363636363636365,0
2015-05-03,Kings XI Punjab,Mumbai Indians,Mumbai Indians,1,0.5,0.559322033898305,-0.05932203389830504,0.0,0.6,-0.6,0.5333333333333333,0.4666666666666667,0.06666666666666665,0,0,Mumbai Indians,bat,"Punjab Cricket Association Stadium, Mohali",Chandigarh,0.53125,0.4,0.13124999999999998,0.53125,0.4,0.13124999999999998,0
2015-05-03,Rajasthan Royals,Delhi Daredevils,Rajasthan Royals,0,0.5412844036697247,0.43243243243243246,0.10885197123729229,0.6,0.6,0.0,0.6,0.4,0.19999999999999996,0,1,Delhi Daredevils,field,Brabourne Stadium,Mumbai,0.0,0.0,0.0,0.3333333333333333,0.25,0.08333333333333331,0
2015-05-04,Chennai Super Kings,Royal Challengers Bangalore,Chennai Super Kings,0,0.6147540983606558,0.5,0.11475409836065575,0.6,0.6,0.0,0.5882352941176471,0.4117647058823529,0.17647058823529416,1,1,Chennai Super Kings,bat,"MA Chidambaram Stadium, Chepauk",Chennai,0.7209302325581395,0.2857142857142857,0.4352159468438538,0.7209302325581395,0.2857142857142857,0.4352159468438538,1
2015-05-04,Kolkata Knight Riders,Sunrisers Hyderabad,Kolkata Knight Riders,0,0.5181818181818182,0.5,0.018181818181818188,0.4,0.6,-0.19999999999999996,0.6,0.4,0.19999999999999996,0,1,Sunrisers Hyderabad,field,Eden Gardens,Kolkata,0.6341463414634146,0.0,0.6341463414634146,0.6341463414634146,0.0,0.6341463414634146,0
2015-05-05,Mumbai Indians,Delhi Daredevils,Mumbai Indians,0,0.5630252100840336,0.42857142857142855,0.13445378151260506,0.8,0.4,0.4,0.4666666666666667,0.5333333333333333,-0.06666666666666665,0,0,Delhi Daredevils,bat,Wankhede Stadium,Mumbai,0.6486486486486487,0.2,0.4486486486486487,0.6730769230769231,0.2222222222222222,0.4508547008547009,0
2015-05-06,Royal Challengers Bangalore,Kings XI Punjab,Royal Challengers Bangalore,0,0.49557522123893805,0.49557522123893805,0.0,0.6,0.0,0.6,0.35714285714285715,0.6428571428571429,-0.28571428571428575,0,1,Kings XI Punjab,field,M Chinnaswamy Stadium,Bangalore,0.5116279069767442,0.5714285714285714,-0.05980066445182719,0.5116279069767442,0.5714285714285714,-0.05980066445182719,0
2015-05-07,Kolkata Knight Riders,Delhi Daredevils,Kolkata Knight Riders,0,0.5225225225225225,0.4247787610619469,0.09774376146057562,0.4,0.4,0.0,0.5714285714285714,0.42857142857142855,0.14285714285714285,1,1,Kolkata Knight Riders,bat,Eden Gardens,Kolkata,0.6428571428571429,0.25,0.3928571428571429,0.6428571428571429,0.25,0.3928571428571429,1
2015-05-07,Rajasthan Royals,Sunrisers Hyderabad,Sunrisers Hyderabad,1,0.5454545454545454,0.48717948717948717,0.058275058275058245,0.6,0.6,0.0,0.6666666666666666,0.3333333333333333,0.3333333333333333,1,0,Rajasthan Royals,field,Brabourne Stadium,Mumbai,0.5,0.5,0.0,0.4,0.0,0.4,0
2015-05-08,Chennai Super Kings,Mumbai Indians,Mumbai Indians,1,0.6178861788617886,0.5666666666666667,0.051219512195122,0.6,0.8,-0.20000000000000007,0.5263157894736842,0.47368421052631576,0.05263157894736842,1,1,Chennai Super Kings,bat,"MA Chidambaram Stadium, Chepauk",Chennai,0.7272727272727273,0.4,0.32727272727272727,0.7272727272727273,0.4,0.32727272727272727,1
2015-05-09,Kolkata Knight Riders,Kings XI Punjab,Kolkata Knight Riders,0,0.5267857142857143,0.49122807017543857,0.03555764411027573,0.6,0.0,0.6,0.625,0.375,0.25,0,0,Kings XI Punjab,bat,Eden Gardens,Kolkata,0.6511627906976745,0.3333333333333333,0.31782945736434115,0.6511627906976745,0.3333333333333333,0.31782945736434115,0
2015-05-09,Delhi Daredevils,Sunrisers Hyderabad,Sunrisers Hyderabad,1,0.42105263157894735,0.5,-0.07894736842105265,0.2,0.6,-0.39999999999999997,0.2,0.8,-0.6000000000000001,0,0,Sunrisers Hyderabad,bat,Shaheed Veer Narayan Singh International Stadium,Raipur,1.0,0.5,0.5,1.0,0.5,0.5,0
2015-05-10,Mumbai Indians,Royal Challengers Bangalore,Royal Challengers Bangalore,1,0.5702479338842975,0.5,0.07024793388429751,1.0,0.8,0.19999999999999996,0.5625,0.4375,0.125,0,0,Royal Challengers Bangalore,bat,Wankhede Stadium,Mumbai,0.6578947368421053,0.4,0.2578947368421053,0.6792452830188679,0.5,0.17924528301886788,0
2015-05-10,Chennai Super Kings,Rajasthan Royals,Chennai Super Kings,0,0.6129032258064516,0.5405405405405406,0.07236268526591105,0.4,0.4,0.0,0.625,0.375,0.25,1,1,Chennai Super Kings,bat,"MA Chidambaram Stadium, Chepauk",Chennai,0.7111111111111111,0.2,0.5111111111111111,0.7111111111111111,0.2,0.5111111111111111,1
2015-05-11,Sunrisers Hyderabad,Kings XI Punjab,Sunrisers Hyderabad,0,0.5121951219512195,0.48695652173913045,0.02523860021208907,0.8,0.0,0.8,0.6,0.4,0.19999999999999996,1,1,Sunrisers Hyderabad,bat,"Rajiv Gandhi International Stadium, Uppal",Hyderabad,0.6666666666666666,0.8,-0.13333333333333341,0.6666666666666666,0.8,-0.13333333333333341,1
2015-05-12,Delhi Daredevils,Chennai Super Kings,Delhi Daredevils,0,0.41739130434782606,0.616,-0.19860869565217393,0.2,0.4,-0.2,0.26666666666666666,0.7333333333333333,-0.4666666666666666,0,0,Chennai Super Kings,bat,Shaheed Veer Narayan Singh International Stadium,Raipur,0.6666666666666666,0.5,0.16666666666666663,0.6666666666666666,0.5,0.16666666666666663,0
2015-05-13,Kings XI Punjab,Royal Challengers Bangalore,Kings XI Punjab,0,0.4827586206896552,0.5043478260869565,-0.021589205397301303,0.0,0.8,-0.8,0.6,0.4,0.19999999999999996,0,1,Royal Challengers Bangalore,field,"Punjab Cricket Association Stadium, Mohali",Chandigarh,0.5151515151515151,0.5,0.015151515151515138,0.5151515151515151,0.5,0.015151515151515138,0
2015-05-14,Mumbai Indians,Kolkata Knight Riders,Mumbai Indians,0,0.5655737704918032,0.5309734513274337,0.034600319164369564,0.8,0.8,0.0,0.6666666666666666,0.3333333333333333,0.3333333333333333,0,1,Kolkata Knight Riders,field,Wankhede Stadium,Mumbai,0.6410256410256411,0.25,0.3910256410256411,0.6666666666666666,0.42857142857142855,0.23809523809523808,0
2015-05-15,Sunrisers Hyderabad,Royal Challengers Bangalore,Royal Challengers Bangalore,1,0.5238095238095238,0.5,0.023809523809523836,0.8,0.6,0.20000000000000007,0.5,0.5,0.0,1,1,Sunrisers Hyderabad,bat,"Rajiv Gandhi International Stadium, Uppal",Hyderabad,0.6923076923076923,0.25,0.4423076923076923,0.6923076923076923,0.25,0.4423076923076923,1
2015-05-16,Rajasthan Royals,Kolkata Knight Riders,Rajasthan Royals,0,0.5357142857142857,0.5263157894736842,0.009398496240601517,0.2,0.6,-0.39999999999999997,0.5,0.5,0.0,1,1,Rajasthan Royals,bat,Brabourne Stadium,Mumbai,0.3333333333333333,0.0,0.3333333333333333,0.36363636363636365,0.375,-0.011363636363636354,1
2015-05-16,Kings XI Punjab,Chennai Super Kings,Chennai Super Kings,1,0.48717948717948717,0.6111111111111112,-0.12393162393162399,0.2,0.4,-0.2,0.4,0.6,-0.19999999999999996,1,1,Kings XI Punjab,bat,"Punjab Cricket Association Stadium, Mohali",Chandigarh,0.5294117647058824,0.6666666666666666,-0.13725490196078427,0.5294117647058824,0.6666666666666666,-0.13725490196078427,1
2015-05-17,Sunrisers Hyderabad,Mumbai Indians,Mumbai Indians,1,0.5116279069767442,0.5691056910569106,-0.05747778408016635,0.6,0.8,-0.20000000000000007,0.4,0.6,-0.19999999999999996,1,1,Sunrisers Hyderabad,bat,"Rajiv Gandhi International Stadium, Uppal",Hyderabad,0.6428571428571429,0.75,-0.1071428571428571,0.6428571428571429,0.75,-0.1071428571428571,1
2015-05-19,Chennai Super Kings,Mumbai Indians,Mumbai Indians,1,0.6141732283464567,0.5725806451612904,0.04159258318516634,0.6,0.8,-0.20000000000000007,0.5,0.5,0.0,0,0,Mumbai Indians,bat,Wankhede Stadium,Mumbai,0.4444444444444444,0.65,-0.2055555555555556,0.5333333333333333,0.6727272727272727,-0.1393939393939394,0
2015-05-20,Royal Challengers Bangalore,Rajasthan Royals,Royal Challengers Bangalore,0,0.5042735042735043,0.5398230088495575,-0.035549504576053215,0.6,0.4,0.19999999999999996,0.5,0.5,0.0,1,1,Royal Challengers Bangalore,bat,Maharashtra Cricket Association Stadium,Pune,0.5,1.0,-0.5,1.0,0.6666666666666666,0.33333333333333337,1
2015-05-22,Chennai Super Kings,Royal Challengers Bangalore,Chennai Super Kings,0,0.609375,0.5084745762711864,0.10090042372881358,0.4,0.8,-0.4,0.6111111111111112,0.3888888888888889,0.22222222222222227,1,0,Chennai Super Kings,field,JSCA International Stadium Complex,Ranchi,0.5,0.5,0.0,0.5,0.5,0.0,0
2015-05-24,Mumbai Indians,Chennai Super Kings,Mumbai Indians,0,0.576,0.6124031007751938,-0.03640310077519382,0.8,0.6,0.20000000000000007,0.5238095238095238,0.47619047619047616,0.04761904761904767,0,1,Chennai Super Kings,field,Eden Gardens,Kolkata,0.75,0.5,0.25,0.75,0.5,0.25,0
2016-04-09,Mumbai Indians,Rising Pune Supergiants,Rising Pune Supergiants,1,0.5793650793650794,0.5,0.07936507936507942,0.8,0.5,0.30000000000000004,0.5,0.5,0.0,1,1,Mumbai Indians,bat,Wankhede Stadium,Mumbai,0.6585365853658537,0.5,0.1585365853658537,0.6785714285714286,0.5,0.1785714285714286,1
2016-04-10,Kolkata Knight Riders,Delhi Daredevils,Kolkata Knight Riders,0,0.5217391304347826,0.4224137931034483,0.0993253373313343,0.6,0.2,0.39999999999999997,0.6,0.4,0.19999999999999996,1,0,Kolkata Knight Riders,field,Eden Gardens,Kolkata,0.6590909090909091,0.2,0.45909090909090905,0.6590909090909091,0.2,0.45909090909090905,0
2016-04-11,Kings XI Punjab,Gujarat Lions,Gujarat Lions,1,0.4830508474576271,0.5,-0.01694915254237289,0.2,0.5,-0.3,0.5,0.5,0.0,0,1,Gujarat Lions,field,"Punjab Cricket Association IS Bindra Stadium, Mohali",Chandigarh,0.5,0.5,0.0,0.5142857142857142,0.5,0.014285714285714235,0
2016-04-12,Royal Challengers Bangalore,Sunrisers Hyderabad,Royal Challengers Bangalore,0,0.5042016806722689,0.5,0.004201680672268893,0.6,0.6,0.0,0.6,0.4,0.19999999999999996,0,1,Sunrisers Hyderabad,field,M Chinnaswamy Stadium,Bangalore,0.5227272727272727,0.3333333333333333,0.1893939393939394,0.5227272727272727,0.3333333333333333,0.1893939393939394,0
2016-04-13,Kolkata Knight Riders,Mumbai Indians,Mumbai Indians,1,0.5258620689655172,0.5748031496062992,-0.04894108064078195,0.6,0.8,-0.20000000000000007,0.3125,0.6875,-0.375,0,1,Mumbai Indians,field,Eden Gardens,Kolkata,0.6666666666666666,0.7777777777777778,-0.11111111111111116,0.6666666666666666,0.7777777777777778,-0.11111111111111116,0
2016-04-14,Gujarat Lions,Rising Pune Supergiants,Gujarat Lions,0,1.0,1.0,0.0,1.0,1.0,0.0,0.5,0.5,0.0,0,0,Rising Pune Supergiants,bat,Saurashtra Cricket Association Stadium,Rajkot,0.5,0.5,0.0,0.5,0.5,0.0,0
2016-04-15,Delhi Daredevils,Kings XI Punjab,Delhi Daredevils,0,0.4188034188034188,0.4789915966386555,-0.06018817783523667,0.2,0.2,0.0,0.4375,0.5625,-0.125,1,0,Delhi Daredevils,field,Feroz Shah Kotla,Delhi,0.37209302325581395,0.5714285714285714,-0.19933554817275745,0.37209302325581395,0.5714285714285714,-0.19933554817275745,0
2016-04-16,Sunrisers Hyderabad,Kolkata Knight Riders,Kolkata Knight Riders,1,0.4888888888888889,0.5213675213675214,-0.03247863247863253,0.4,0.4,0.0,0.3333333333333333,0.6666666666666666,-0.3333333333333333,1,1,Sunrisers Hyderabad,bat,"Rajiv Gandhi International Stadium, Uppal",Hyderabad,0.6,0.75,-0.15000000000000002,0.6,0.75,-0.15000000000000002,1
2016-04-16,Mumbai Indians,Gujarat Lions,Gujarat Lions,1,0.578125,1.0,-0.421875,0.8,1.0,-0.19999999999999996,0.5,0.5,0.0,0,1,Gujarat Lions,field,Wankhede Stadium,Mumbai,0.6428571428571429,0.5,0.1428571428571429,0.6666666666666666,0.5,0.16666666666666663,0
2016-04-17,Royal Challengers Bangalore,Delhi Daredevils,Delhi Daredevils,1,0.5083333333333333,0.423728813559322,0.08460451977401129,0.6,0.4,0.19999999999999996,0.6153846153846154,0.38461538461538464,0.23076923076923078,0,1,Delhi Daredevils,field,M Chinnaswamy Stadium,Bangalore,0.5333333333333333,0.5,0.033333333333333326,0.5333333333333333,0.5,0.033333333333333326,0
2016-04-17,Kings XI Punjab,Rising Pune Supergiants,Kings XI Punjab,0,0.475,0.5,-0.025000000000000022,0.2,0.5,-0.3,0.5,0.5,0.0,0,0,Rising Pune Supergiants,bat,"Punjab Cricket Association IS Bindra Stadium, Mohali",Chandigarh,0.0,0.5,-0.5,0.5,0.5,0.0,0
2016-04-18,Sunrisers Hyderabad,Mumbai Indians,Sunrisers Hyderabad,0,0.4782608695652174,0.5736434108527132,-0.09538254128749579,0.2,0.6,-0.39999999999999997,0.3333333333333333,0.6666666666666666,-0.3333333333333333,1,0,Sunrisers Hyderabad,field,"Rajiv Gandhi International Stadium, Uppal",Hyderabad,0.5625,0.8,-0.23750000000000004,0.5625,0.8,-0.23750000000000004,0
2016-04-19,Kings XI Punjab,Kolkata Knight Riders,Kolkata Knight Riders,1,0.4793388429752066,0.5254237288135594,-0.04608488583835274,0.4,0.4,0.0,0.35294117647058826,0.6470588235294118,-0.29411764705882354,0,1,Kolkata Knight Riders,field,"Punjab Cricket Association IS Bindra Stadium, Mohali",Chandigarh,0.5,0.5,0.0,0.5135135135135135,0.5,0.013513513513513487,0
2016-04-20,Mumbai Indians,Royal Challengers Bangalore,Mumbai Indians,0,0.5692307692307692,0.5041322314049587,0.06509853782581054,0.4,0.6,-0.19999999999999996,0.5294117647058824,0.47058823529411764,0.05882352941176472,1,0,Mumbai Indians,field,Wankhede Stadium,Mumbai,0.627906976744186,0.5,0.12790697674418605,0.6551724137931034,0.5555555555555556,0.09961685823754785,0
2016-04-21,Gujarat Lions,Sunrisers Hyderabad,Sunrisers Hyderabad,1,1.0,0.48936170212765956,0.5106382978723405,1.0,0.2,0.8,0.5,0.5,0.0,0,1,Sunrisers Hyderabad,field,Saurashtra Cricket Association Stadium,Rajkot,1.0,0.5,0.5,1.0,0.5,0.5,0
2016-04-22,Rising Pune Supergiants,Royal Challengers Bangalore,Royal Challengers Bangalore,1,0.3333333333333333,0.5,-0.16666666666666669,0.3333333333333333,0.4,-0.06666666666666671,0.5,0.5,0.0,1,0,Rising Pune Supergiants,field,Maharashtra Cricket Association Stadium,Pune,0.5,1.0,-0.5,0.5,1.0,-0.5,0
2016-04-23,Delhi Daredevils,Mumbai Indians,Delhi Daredevils,0,0.42857142857142855,0.5725190839694656,-0.14394765539803706,0.6,0.4,0.19999999999999996,0.5,0.5,0.0,0,1,Mumbai Indians,field,Feroz Shah Kotla,Delhi,0.38636363636363635,0.2857142857142857,0.10064935064935066,0.38636363636363635,0.2857142857142857,0.10064935064935066,0
2016-04-23,Sunrisers Hyderabad,Kings XI Punjab,Sunrisers Hyderabad,0,0.5,0.47540983606557374,0.024590163934426257,0.4,0.2,0.2,0.6666666666666666,0.3333333333333333,0.3333333333333333,1,0,Sunrisers Hyderabad,field,"Rajiv Gandhi International Stadium, Uppal",Hyderabad,0.5882352941176471,0.6666666666666666,-0.07843137254901955,0.5882352941176471,0.6666666666666666,-0.07843137254901955,0
2016-04-24,Gujarat Lions,Royal Challengers Bangalore,Gujarat Lions,0,0.75,0.5040650406504065,0.24593495934959353,0.75,0.4,0.35,0.5,0.5,0.0,0,0,Royal Challengers Bangalore,bat,Saurashtra Cricket Association Stadium,Rajkot,0.5,0.5,0.0,0.5,0.5,0.0,0
2016-04-24,Rising Pune Supergiants,Kolkata Knight Riders,Kolkata Knight Riders,1,0.25,0.5294117647058824,-0.27941176470588236,0.25,0.6,-0.35,0.5,0.5,0.0,0,1,Kolkata Knight Riders,field,Maharashtra Cricket Association Stadium,Pune,0.0,1.0,-1.0,0.0,1.0,-1.0,0
2016-04-25,Kings XI Punjab,Mumbai Indians,Mumbai Indians,1,0.4715447154471545,0.5681818181818182,-0.09663710273466375,0.2,0.4,-0.2,0.5,0.5,0.0,1,0,Kings XI Punjab,field,"Punjab Cricket Association IS Bindra Stadium, Mohali",Chandigarh,0.3333333333333333,0.5,-0.16666666666666669,0.5,0.5,0.0,0
2016-04-26,Sunrisers Hyderabad,Rising Pune Supergiants,Rising Pune Supergiants,1,0.5102040816326531,0.2,0.31020408163265306,0.6,0.2,0.39999999999999997,0.5,0.5,0.0,0,1,Rising Pune Supergiants,field,"Rajiv Gandhi International Stadium, Uppal",Hyderabad,0.6111111111111112,0.5,0.11111111111111116,0.6111111111111112,0.5,0.11111111111111116,0
2016-04-27,Delhi Daredevils,Gujarat Lions,Gujarat Lions,1,0.43333333333333335,0.8,-0.3666666666666667,0.8,0.8,0.0,0.5,0.5,0.0,1,0,Delhi Daredevils,field,Feroz Shah Kotla,Delhi,0.4,0.5,-0.09999999999999998,0.4,0.5,-0.09999999999999998,0
2016-04-28,Mumbai Indians,Kolkata Knight Riders,Mumbai Indians,0,0.5714285714285714,0.5333333333333333,0.03809523809523807,0.4,0.8,-0.4,0.7058823529411765,0.29411764705882354,0.411764705882353,1,0,Mumbai Indians,field,Wankhede Stadium,Mumbai,0.6363636363636364,0.2,0.43636363636363634,0.6610169491525424,0.3333333333333333,0.3276836158192091,0
2016-04-29,Rising Pune Supergiants,Gujarat Lions,Gujarat Lions,1,0.3333333333333333,0.8333333333333334,-0.5,0.2,0.8,-0.6000000000000001,0.0,1.0,-1.0,0,1,Gujarat Lions,field,Maharashtra Cricket Association Stadium,Pune,0.0,0.5,-0.5,0.0,0.5,-0.5,0
2016-04-30,Delhi Daredevils,Kolkata Knight Riders,Delhi Daredevils,0,0.4297520661157025,0.5289256198347108,-0.09917355371900827,0.6,0.6,0.0,0.375,0.625,-0.25,0,1,Kolkata Knight Riders,field,Feroz Shah Kotla,Delhi,0.391304347826087,0.8,-0.40869565217391307,0.391304347826087,0.8,-0.40869565217391307,0
2016-04-30,Sunrisers Hyderabad,Royal Challengers Bangalore,Sunrisers Hyderabad,0,0.5,0.5,0.0,0.6,0.4,0.19999999999999996,0.3333333333333333,0.6666666666666666,-0.3333333333333333,0,1,Royal Challengers Bangalore,field,"Rajiv Gandhi International Stadium, Uppal",Hyderabad,0.5789473684210527,0.4,0.17894736842105263,0.5789473684210527,0.4,0.17894736842105263,0
2016-05-01,Rising Pune Supergiants,Mumbai Indians,Mumbai Indians,1,0.2857142857142857,0.5746268656716418,-0.2889125799573561,0.2,0.6,-0.39999999999999997,1.0,0.0,1.0,0,1,Mumbai Indians,field,Maharashtra Cricket Association Stadium,Pune,0.0,0.5,-0.5,0.0,1.0,-1.0,0
2016-05-01,Gujarat Lions,Kings XI Punjab,Kings XI Punjab,1,0.8571428571428571,0.46774193548387094,0.38940092165898615,0.8,0.2,0.6000000000000001,1.0,0.0,1.0,1,0,Gujarat Lions,field,Saurashtra Cricket Association Stadium,Rajkot,0.6666666666666666,0.5,0.16666666666666663,0.6666666666666666,0.5,0.16666666666666663,0
2016-05-02,Royal Challengers Bangalore,Kolkata Knight Riders,Kolkata Knight Riders,1,0.496,0.5245901639344263,-0.02859016393442626,0.2,0.6,-0.39999999999999997,0.5,0.5,0.0,0,1,Kolkata Knight Riders,field,M Chinnaswamy Stadium,Bangalore,0.5217391304347826,0.42857142857142855,0.09316770186335405,0.5217391304347826,0.42857142857142855,0.09316770186335405,0
2016-05-03,Gujarat Lions,Delhi Daredevils,Delhi Daredevils,1,0.75,0.4344262295081967,0.3155737704918033,0.6,0.8,-0.20000000000000007,1.0,0.0,1.0,0,1,Delhi Daredevils,field,Saurashtra Cricket Association Stadium,Rajkot,0.5,0.5,0.0,0.5,0.5,0.0,0
2016-05-04,Kolkata Knight Riders,Kings XI Punjab,Kolkata Knight Riders,0,0.5284552845528455,0.472,0.05645528455284554,0.6,0.4,0.19999999999999996,0.6666666666666666,0.3333333333333333,0.3333333333333333,0,1,Kings XI Punjab,field,Eden Gardens,Kolkata,0.6521739130434783,0.2857142857142857,0.36645962732919257,0.6521739130434783,0.2857142857142857,0.36645962732919257,0
2016-05-05,Delhi Daredevils,Rising Pune Supergiants,Rising Pune Supergiants,1,0.43902439024390244,0.25,0.18902439024390244,0.8,0.2,0.6000000000000001,0.5,0.5,0.0,0,1,Rising Pune Supergiants,field,Feroz Shah Kotla,Delhi,0.40425531914893614,0.5,-0.09574468085106386,0.40425531914893614,0.5,-0.09574468085106386,0
2016-05-06,Sunrisers Hyderabad,Gujarat Lions,Sunrisers Hyderabad,0,0.5098039215686274,0.6666666666666666,-0.1568627450980392,0.8,0.6,0.20000000000000007,1.0,0.0,1.0,1,0,Sunrisers Hyderabad,field,"Rajiv Gandhi International Stadium, Uppal",Hyderabad,0.6,0.5,0.09999999999999998,0.6,0.5,0.09999999999999998,0
2016-05-07,Royal Challengers Bangalore,Rising Pune Supergiants,Royal Challengers Bangalore,0,0.49206349206349204,0.3333333333333333,0.15873015873015872,0.2,0.4,-0.2,1.0,0.0,1.0,1,0,Royal Challengers Bangalore,field,M Chinnaswamy Stadium,Bangalore,0.5106382978723404,0.5,0.010638297872340385,0.5106382978723404,0.5,0.010638297872340385,0
2016-05-07,Kings XI Punjab,Delhi Daredevils,Kings XI Punjab,0,0.46825396825396826,0.43548387096774194,0.03277009728622632,0.2,0.6,-0.39999999999999997,0.5294117647058824,0.47058823529411764,0.05882352941176472,0,1,Delhi Daredevils,field,"Punjab Cricket Association IS Bindra Stadium, Mohali",Chandigarh,0.25,0.5,-0.25,0.48717948717948717,0.3333333333333333,0.15384615384615385,0
2016-05-08,Mumbai Indians,Sunrisers Hyderabad,Sunrisers Hyderabad,1,0.5777777777777777,0.5192307692307693,0.05854700854700845,0.8,0.8,0.0,0.5714285714285714,0.42857142857142855,0.14285714285714285,1,0,Mumbai Indians,field,Dr. Y.S. Rajasekhara Reddy ACA-VDCA Cricket Stadium,Visakhapatnam,1.0,0.3333333333333333,0.6666666666666667,1.0,0.3333333333333333,0.6666666666666667,0
2016-05-08,Kolkata Knight Riders,Gujarat Lions,Gujarat Lions,1,0.532258064516129,0.6,-0.06774193548387097,0.6,0.4,0.19999999999999996,0.5,0.5,0.0,0,1,Gujarat Lions,field,Eden Gardens,Kolkata,0.6595744680851063,0.5,0.15957446808510634,0.6595744680851063,0.5,0.15957446808510634,0
2016-05-09,Kings XI Punjab,Royal Challengers Bangalore,Royal Challengers Bangalore,1,0.47244094488188976,0.49606299212598426,-0.023622047244094502,0.4,0.4,0.0,0.625,0.375,0.25,1,0,Kings XI Punjab,field,"Punjab Cricket Association IS Bindra Stadium, Mohali",Chandigarh,0.4,0.5,-0.09999999999999998,0.5,0.4,0.09999999999999998,0
2016-05-10,Rising Pune Supergiants,Sunrisers Hyderabad,Sunrisers Hyderabad,1,0.3,0.5283018867924528,-0.22830188679245284,0.4,0.8,-0.4,1.0,0.0,1.0,0,0,Sunrisers Hyderabad,bat,Dr. Y.S. Rajasekhara Reddy ACA-VDCA Cricket Stadium,Visakhapatnam,0.5,0.5,0.0,0.5,0.5,0.0,0
2016-05-11,Royal Challengers Bangalore,Mumbai Indians,Mumbai Indians,1,0.5,0.5735294117647058,-0.07352941176470584,0.4,0.6,-0.19999999999999996,0.4444444444444444,0.5555555555555556,-0.11111111111111116,0,1,Mumbai Indians,field,M Chinnaswamy Stadium,Bangalore,0.5208333333333334,0.7142857142857143,-0.19345238095238093,0.5208333333333334,0.7142857142857143,-0.19345238095238093,0
2016-05-12,Sunrisers Hyderabad,Delhi Daredevils,Delhi Daredevils,1,0.5370370370370371,0.432,0.1050370370370371,0.8,0.4,0.4,0.8333333333333334,0.16666666666666666,0.6666666666666667,0,1,Delhi Daredevils,field,"Rajiv Gandhi International Stadium, Uppal",Hyderabad,0.6190476190476191,0.75,-0.13095238095238093,0.6190476190476191,0.75,-0.13095238095238093,0
2016-05-13,Mumbai Indians,Kings XI Punjab,Kings XI Punjab,1,0.5766423357664233,0.46875,0.10789233576642332,0.8,0.4,0.4,0.5294117647058824,0.47058823529411764,0.05882352941176472,1,1,Mumbai Indians,bat,Dr. Y.S. Rajasekhara Reddy ACA-VDCA Cricket Stadium,Visakhapatnam,0.5,0.5,0.0,0.5,0.5,0.0,1
2016-05-14,Royal Challengers Bangalore,Gujarat Lions,Royal Challengers Bangalore,0,0.49612403100775193,0.6363636363636364,-0.14023960535588442,0.4,0.4,0.0,0.0,1.0,-1.0,0,1,Gujarat Lions,field,M Chinnaswamy Stadium,Bangalore,0.5102040816326531,0.5,0.010204081632653073,0.5102040816326531,0.5,0.010204081632653073,0
2016-05-14,Kolkata Knight Riders,Rising Pune Supergiants,Kolkata Knight Riders,0,0.528,0.2727272727272727,0.2552727272727273,0.4,0.2,0.2,1.0,0.0,1.0,0,0,Rising Pune Supergiants,bat,Eden Gardens,Kolkata,0.6458333333333334,0.5,0.14583333333333337,0.6458333333333334,0.5,0.14583333333333337,0
2016-05-15,Mumbai Indians,Delhi Daredevils,Mumbai Indians,0,0.572463768115942,0.4365079365079365,0.1359558316080055,0.6,0.6,0.0,0.47058823529411764,0.5294117647058824,-0.05882352941176472,0,1,Delhi Daredevils,field,Dr. Y.S. Rajasekhara Reddy ACA-VDCA Cricket Stadium,Visakhapatnam,0.3333333333333333,1.0,-0.6666666666666667,0.3333333333333333,1.0,-0.6666666666666667,0
2016-05-15,Kings XI Punjab,Sunrisers Hyderabad,Sunrisers Hyderabad,1,0.4728682170542636,0.5272727272727272,-0.05440451021846365,0.6,0.8,-0.20000000000000007,0.2857142857142857,0.7142857142857143,-0.4285714285714286,1,1,Kings XI Punjab,bat,"Punjab Cricket Association IS Bindra Stadium, Mohali",Chandigarh,0.3333333333333333,0.5,-0.16666666666666669,0.4878048780487805,1.0,-0.5121951219512195,1
2016-05-16,Kolkata Knight Riders,Royal Challengers Bangalore,Royal Challengers Bangalore,1,0.5317460317460317,0.5,0.031746031746031744,0.6,0.6,0.0,0.5294117647058824,0.47058823529411764,0.05882352941176472,0,1,Royal Challengers Bangalore,field,Eden Gardens,Kolkata,0.6530612244897959,0.3333333333333333,0.31972789115646255,0.6530612244897959,0.3333333333333333,0.31972789115646255,0
2016-05-17,Rising Pune Supergiants,Delhi Daredevils,Rising Pune Supergiants,0,0.25,0.4330708661417323,-0.1830708661417323,0.2,0.4,-0.2,1.0,0.0,1.0,1,0,Rising Pune Supergiants,field,Dr. Y.S. Rajasekhara Reddy ACA-VDCA Cricket Stadium,Visakhapatnam,0.0,0.5,-0.5,0.0,0.5,-0.5,0
2016-05-18,Royal Challengers Bangalore,Kings XI Punjab,Royal Challengers Bangalore,0,0.5038167938931297,0.46923076923076923,0.03458602466236049,0.8,0.4,0.4,0.4117647058823529,0.5882352941176471,-0.17647058823529416,0,1,Kings XI Punjab,field,M Chinnaswamy Stadium,Bangalore,0.52,0.5,0.020000000000000018,0.52,0.5,0.020000000000000018,0
2016-05-19,Gujarat Lions,Kolkata Knight Riders,Gujarat Lions,0,0.5833333333333334,0.5275590551181102,0.05577427821522318,0.2,0.6,-0.39999999999999997,1.0,0.0,1.0,1,0,Gujarat Lions,field,Green Park,Kanpur,0.5,0.5,0.0,0.5,0.5,0.0,0
2016-05-20,Delhi Daredevils,Sunrisers Hyderabad,Delhi Daredevils,0,0.4296875,0.5357142857142857,-0.1060267857142857,0.2,0.8,-0.6000000000000001,0.2857142857142857,0.7142857142857143,-0.4285714285714286,1,0,Delhi Daredevils,field,Shaheed Veer Narayan Singh International Stadium,Raipur,0.75,1.0,-0.25,0.75,1.0,-0.25,0
2016-05-21,Rising Pune Supergiants,Kings XI Punjab,Rising Pune Supergiants,0,0.3076923076923077,0.46564885496183206,-0.15795654726952435,0.4,0.4,0.0,0.0,1.0,-1.0,0,0,Kings XI Punjab,bat,Dr. Y.S. Rajasekhara Reddy ACA-VDCA Cricket Stadium,Visakhapatnam,0.5,1.0,-0.5,0.5,1.0,-0.5,0
2016-05-21,Gujarat Lions,Mumbai Indians,Gujarat Lions,0,0.6153846153846154,0.5755395683453237,0.0398450470392917,0.4,0.6,-0.19999999999999996,1.0,0.0,1.0,1,0,Gujarat Lions,field,Green Park,Kanpur,1.0,0.5,0.5,1.0,0.5,0.5,0
2016-05-22,Kolkata Knight Riders,Sunrisers Hyderabad,Kolkata Knight Riders,0,0.5234375,0.5263157894736842,-0.0028782894736841813,0.4,0.6,-0.19999999999999996,0.7142857142857143,0.2857142857142857,0.4285714285714286,0,1,Sunrisers Hyderabad,field,Eden Gardens,Kolkata,0.64,0.0,0.64,0.64,0.0,0.64,0
2016-05-22,Delhi Daredevils,Royal Challengers Bangalore,Royal Challengers Bangalore,1,0.43410852713178294,0.5075757575757576,-0.07346723044397463,0.4,0.8,-0.4,0.42857142857142855,0.5714285714285714,-0.14285714285714285,0,1,Royal Challengers Bangalore,field,Shaheed Veer Narayan Singh International Stadium,Raipur,0.8,0.5,0.30000000000000004,0.8,0.5,0.30000000000000004,0
2016-05-24,Gujarat Lions,Royal Challengers Bangalore,Royal Challengers Bangalore,1,0.6428571428571429,0.5112781954887218,0.13157894736842113,0.6,0.8,-0.20000000000000007,0.5,0.5,0.0,0,1,Royal Challengers Bangalore,field,M Chinnaswamy Stadium,Bangalore,0.0,0.5294117647058824,-0.5294117647058824,0.0,0.5294117647058824,-0.5294117647058824,0
2016-05-25,Sunrisers Hyderabad,Kolkata Knight Riders,Sunrisers Hyderabad,0,0.5172413793103449,0.5271317829457365,-0.00989040363539162,0.4,0.4,0.0,0.25,0.75,-0.5,0,1,Kolkata Knight Riders,field,Feroz Shah Kotla,Delhi,0.6666666666666666,0.6666666666666666,0.0,0.6666666666666666,0.6666666666666666,0.0,0
2016-05-27,Gujarat Lions,Sunrisers Hyderabad,Sunrisers Hyderabad,1,0.6,0.5254237288135594,0.07457627118644061,0.6,0.4,0.19999999999999996,0.0,1.0,-1.0,0,1,Sunrisers Hyderabad,field,Feroz Shah Kotla,Delhi,1.0,0.75,0.25,1.0,0.75,0.25,0
2016-05-29,Royal Challengers Bangalore,Sunrisers Hyderabad,Sunrisers Hyderabad,1,0.5149253731343284,0.5333333333333333,-0.018407960199004925,1.0,0.6,0.4,0.5714285714285714,0.42857142857142855,0.14285714285714285,0,0,Sunrisers Hyderabad,bat,M Chinnaswamy Stadium,Bangalore,0.5384615384615384,0.25,0.28846153846153844,0.5384615384615384,0.25,0.28846153846153844,0
2017-04-05,Sunrisers Hyderabad,Royal Challengers Bangalore,Sunrisers Hyderabad,0,0.5409836065573771,0.5111111111111111,0.029872495446266023,0.6,0.8,-0.20000000000000007,0.5,0.5,0.0,0,1,Royal Challengers Bangalore,field,"Rajiv Gandhi International Stadium, Uppal",Hyderabad,0.5909090909090909,0.3333333333333333,0.2575757575757576,0.5909090909090909,0.3333333333333333,0.2575757575757576,0
2017-04-06,Rising Pune Supergiant,Mumbai Indians,Rising Pune Supergiant,0,0.5,0.5714285714285714,-0.0714285714285714,0.5,0.4,0.09999999999999998,0.5,0.5,0.0,1,0,Rising Pune Supergiant,field,Maharashtra Cricket Association Stadium,Pune,0.5,1.0,-0.5,0.5,1.0,-0.5,0
2017-04-07,Gujarat Lions,Kolkata Knight Riders,Kolkata Knight Riders,1,0.5625,0.5230769230769231,0.039423076923076894,0.4,0.4,0.0,1.0,0.0,1.0,0,1,Kolkata Knight Riders,field,Saurashtra Cricket Association Stadium,Rajkot,0.4,0.5,-0.09999999999999998,0.4,0.5,-0.09999999999999998,0
2017-04-08,Kings XI Punjab,Rising Pune Supergiant,Kings XI Punjab,0,0.4621212121212121,1.0,-0.5378787878787878,0.2,1.0,-0.8,0.5,0.5,0.0,1,0,Kings XI Punjab,field,Holkar Cricket Stadium,Indore,1.0,0.5,0.5,1.0,0.5,0.5,0
2017-04-08,Royal Challengers Bangalore,Delhi Daredevils,Royal Challengers Bangalore,0,0.5073529411764706,0.4307692307692308,0.07658371040723977,0.6,0.4,0.19999999999999996,0.6,0.4,0.19999999999999996,1,1,Royal Challengers Bangalore,bat,M.Chinnaswamy Stadium,Bengaluru,0.5,0.5,0.0,0.5,0.5,0.0,1
2017-04-09,Sunrisers Hyderabad,Gujarat Lions,Sunrisers Hyderabad,0,0.5483870967741935,0.5294117647058824,0.018975332068311146,0.8,0.4,0.4,1.0,0.0,1.0,1,0,Sunrisers Hyderabad,field,"Rajiv Gandhi International Stadium, Uppal",Hyderabad,0.6086956521739131,0.0,0.6086956521739131,0.6086956521739131,0.0,0.6086956521739131,0
2017-04-09,Mumbai Indians,Kolkata Knight Riders,Mumbai Indians,0,0.5673758865248227,0.5267175572519084,0.04065832927291435,0.4,0.4,0.0,0.7222222222222222,0.2777777777777778,0.4444444444444444,1,0,Mumbai Indians,field,Wankhede Stadium,Mumbai,0.6444444444444445,0.16666666666666666,0.47777777777777786,0.6666666666666666,0.3,0.36666666666666664,0
2017-04-10,Kings XI Punjab,Royal Challengers Bangalore,Kings XI Punjab,0,0.46616541353383456,0.5109489051094891,-0.04478349157565453,0.4,0.6,-0.19999999999999996,0.5555555555555556,0.4444444444444444,0.11111111111111116,0,0,Royal Challengers Bangalore,bat,Holkar Cricket Stadium,Indore,1.0,0.5,0.5,1.0,0.5,0.5,0
2017-04-11,Rising Pune Supergiant,Delhi Daredevils,Delhi Daredevils,1,0.5,0.42748091603053434,0.07251908396946566,0.5,0.2,0.3,0.5,0.5,0.0,1,0,Rising Pune Supergiant,field,Maharashtra Cricket Association Stadium,Pune,1.0,1.0,0.0,1.0,0.5,0.5,0
2017-04-12,Mumbai Indians,Sunrisers Hyderabad,Mumbai Indians,0,0.5704225352112676,0.5555555555555556,0.014866979655712043,0.4,1.0,-0.6,0.5,0.5,0.0,1,0,Mumbai Indians,field,Wankhede Stadium,Mumbai,0.6521739130434783,0.0,0.6521739130434783,0.6721311475409836,0.3333333333333333,0.33879781420765026,0
2017-04-13,Kolkata Knight Riders,Kings XI Punjab,Kolkata Knight Riders,0,0.5227272727272727,0.4701492537313433,0.0525780189959294,0.4,0.4,0.0,0.6842105263157895,0.3157894736842105,0.368421052631579,1,0,Kolkata Knight Riders,field,Eden Gardens,Kolkata,0.6470588235294118,0.25,0.3970588235294118,0.6470588235294118,0.25,0.3970588235294118,0
2017-04-14,Royal Challengers Bangalore,Mumbai Indians,Mumbai Indians,1,0.5072463768115942,0.5734265734265734,-0.0661801966149792,0.4,0.6,-0.19999999999999996,0.42105263157894735,0.5789473684210527,-0.1578947368421053,0,1,Mumbai Indians,field,M Chinnaswamy Stadium,Bangalore,0.5283018867924528,0.75,-0.22169811320754718,0.5283018867924528,0.75,-0.22169811320754718,0
2017-04-14,Gujarat Lions,Rising Pune Supergiant,Gujarat Lions,0,0.5,0.3333333333333333,0.16666666666666669,0.2,0.3333333333333333,-0.1333333333333333,0.5,0.5,0.0,1,0,Gujarat Lions,field,Saurashtra Cricket Association Stadium,Rajkot,0.3333333333333333,0.5,-0.16666666666666669,0.3333333333333333,0.5,-0.16666666666666669,0
2017-04-15,Delhi Daredevils,Kings XI Punjab,Delhi Daredevils,0,0.4318181818181818,0.4666666666666667,-0.03484848484848485,0.4,0.4,0.0,0.4444444444444444,0.5555555555555556,-0.11111111111111116,1,1,Delhi Daredevils,bat,Feroz Shah Kotla,Delhi,0.3958333333333333,0.5,-0.10416666666666669,0.3958333333333333,0.5,-0.10416666666666669,1
2017-04-15,Kolkata Knight Riders,Sunrisers Hyderabad,Kolkata Knight Riders,0,0.5263157894736842,0.546875,-0.02055921052631582,0.6,0.8,-0.20000000000000007,0.6666666666666666,0.3333333333333333,0.3333333333333333,0,1,Sunrisers Hyderabad,field,Eden Gardens,Kolkata,0.6538461538461539,0.0,0.6538461538461539,0.6538461538461539,0.0,0.6538461538461539,0
2017-04-16,Mumbai Indians,Gujarat Lions,Mumbai Indians,0,0.5763888888888888,0.5263157894736842,0.05007309941520466,0.6,0.2,0.39999999999999997,0.0,1.0,-1.0,1,0,Mumbai Indians,field,Wankhede Stadium,Mumbai,0.6595744680851063,1.0,-0.34042553191489366,0.6774193548387096,1.0,-0.32258064516129037,0
2017-04-16,Royal Challengers Bangalore,Rising Pune Supergiant,Rising Pune Supergiant,1,0.5035971223021583,0.25,0.25359712230215825,0.2,0.25,-0.04999999999999999,0.5,0.5,0.0,1,0,Royal Challengers Bangalore,field,M Chinnaswamy Stadium,Bangalore,0.5185185185185185,0.5,0.01851851851851849,0.5185185185185185,0.5,0.01851851851851849,0
2017-04-17,Delhi Daredevils,Kolkata Knight Riders,Kolkata Knight Riders,1,0.43609022556390975,0.5298507462686567,-0.09376052070474694,0.6,0.6,0.0,0.4117647058823529,0.5882352941176471,-0.17647058823529416,1,1,Delhi Daredevils,bat,Feroz Shah Kotla,Delhi,0.40816326530612246,0.5714285714285714,-0.16326530612244894,0.40816326530612246,0.5714285714285714,-0.16326530612244894,1
2017-04-17,Sunrisers Hyderabad,Kings XI Punjab,Sunrisers Hyderabad,0,0.5384615384615384,0.4632352941176471,0.07522624434389136,0.6,0.4,0.19999999999999996,0.75,0.25,0.5,0,1,Kings XI Punjab,field,"Rajiv Gandhi International Stadium, Uppal",Hyderabad,0.625,0.5714285714285714,0.0535714285714286,0.625,0.5714285714285714,0.0535714285714286,0
2017-04-18,Gujarat Lions,Royal Challengers Bangalore,Royal Challengers Bangalore,1,0.5,0.5,0.0,0.2,0.2,0.0,0.3333333333333333,0.6666666666666666,-0.3333333333333333,1,0,Gujarat Lions,field,Saurashtra Cricket Association Stadium,Rajkot,0.42857142857142855,0.0,0.42857142857142855,0.42857142857142855,0.0,0.42857142857142855,0
2017-04-19,Sunrisers Hyderabad,Delhi Daredevils,Sunrisers Hyderabad,0,0.5454545454545454,0.43283582089552236,0.11261872455902305,0.6,0.4,0.19999999999999996,0.625,0.375,0.25,1,1,Sunrisers Hyderabad,bat,"Rajiv Gandhi International Stadium, Uppal",Hyderabad,0.64,0.8,-0.16000000000000003,0.64,0.8,-0.16000000000000003,1
2017-04-20,Kings XI Punjab,Mumbai Indians,Mumbai Indians,1,0.45985401459854014,0.5793103448275863,-0.11945633022904611,0.4,0.8,-0.4,0.5,0.5,0.0,0,1,Mumbai Indians,field,Holkar Cricket Stadium,Indore,1.0,0.5,0.5,1.0,0.5,0.5,0
2017-04-21,Kolkata Knight Riders,Gujarat Lions,Gujarat Lions,1,0.5333333333333333,0.47619047619047616,0.05714285714285716,0.8,0.2,0.6000000000000001,0.3333333333333333,0.6666666666666666,-0.3333333333333333,0,1,Gujarat Lions,field,Eden Gardens,Kolkata,0.660377358490566,1.0,-0.339622641509434,0.660377358490566,1.0,-0.339622641509434,0
2017-04-22,Mumbai Indians,Delhi Daredevils,Mumbai Indians,0,0.5821917808219178,0.42962962962962964,0.15256215119228816,1.0,0.4,0.6,0.5,0.5,0.0,0,1,Delhi Daredevils,field,Wankhede Stadium,Mumbai,0.6666666666666666,0.16666666666666666,0.5,0.6825396825396826,0.2,0.48253968253968255,0
2017-04-22,Rising Pune Supergiant,Sunrisers Hyderabad,Rising Pune Supergiant,0,0.4,0.5522388059701493,-0.15223880597014927,0.4,0.6,-0.19999999999999996,0.5,0.5,0.0,1,0,Rising Pune Supergiant,field,Maharashtra Cricket Association Stadium,Pune,0.5,1.0,-0.5,0.5,1.0,-0.5,0
2017-04-23,Gujarat Lions,Kings XI Punjab,Kings XI Punjab,1,0.5,0.45652173913043476,0.043478260869565244,0.4,0.2,0.2,0.5,0.5,0.0,1,0,Gujarat Lions,field,Saurashtra Cricket Association Stadium,Rajkot,0.375,1.0,-0.625,0.375,1.0,-0.625,0
2017-04-23,Kolkata Knight Riders,Royal Challengers Bangalore,Kolkata Knight Riders,0,0.5294117647058824,0.5035460992907801,0.025865665415102268,0.6,0.4,0.19999999999999996,0.5,0.5,0.0,0,1,Royal Challengers Bangalore,field,Eden Gardens,Kolkata,0.6481481481481481,0.42857142857142855,0.2195767195767196,0.6481481481481481,0.42857142857142855,0.2195767195767196,0
2017-04-24,Mumbai Indians,Rising Pune Supergiant,Rising Pune Supergiant,1,0.5850340136054422,0.5,0.08503401360544216,1.0,0.4,0.6,0.0,1.0,-1.0,1,0,Mumbai Indians,field,Wankhede Stadium,Mumbai,0.673469387755102,0.5,0.173469387755102,0.6875,0.5,0.1875,0
2017-04-26,Rising Pune Supergiant,Kolkata Knight Riders,Kolkata Knight Riders,1,0.5714285714285714,0.5328467153284672,0.03858185610010423,0.6,0.8,-0.20000000000000007,0.5,0.5,0.0,0,1,Kolkata Knight Riders,field,Maharashtra Cricket Association Stadium,Pune,0.6666666666666666,1.0,-0.33333333333333337,0.6666666666666666,1.0,-0.33333333333333337,0
2017-04-27,Royal Challengers Bangalore,Gujarat Lions,Gujarat Lions,1,0.5,0.4782608695652174,0.021739130434782594,0.2,0.4,-0.2,0.75,0.25,0.5,0,1,Gujarat Lions,field,M Chinnaswamy Stadium,Bangalore,0.509090909090909,0.0,0.509090909090909,0.509090909090909,0.0,0.509090909090909,0
2017-04-28,Kings XI Punjab,Sunrisers Hyderabad,Sunrisers Hyderabad,1,0.460431654676259,0.5441176470588235,-0.08368599238256447,0.2,0.4,-0.2,0.2222222222222222,0.7777777777777778,-0.5555555555555556,1,0,Kings XI Punjab,field,"Punjab Cricket Association IS Bindra Stadium, Mohali",Chandigarh,0.2857142857142857,1.0,-0.7142857142857143,0.47619047619047616,1.0,-0.5238095238095238,0
2017-04-28,Kolkata Knight Riders,Delhi Daredevils,Kolkata Knight Riders,0,0.5362318840579711,0.4264705882352941,0.10976129582267696,0.8,0.4,0.4,0.6111111111111112,0.3888888888888889,0.22222222222222227,1,0,Kolkata Knight Riders,field,Eden Gardens,Kolkata,0.6545454545454545,0.16666666666666666,0.4878787878787879,0.6545454545454545,0.16666666666666666,0.4878787878787879,0
2017-04-29,Rising Pune Supergiant,Royal Challengers Bangalore,Rising Pune Supergiant,0,0.5,0.4965034965034965,0.003496503496503489,0.6,0.2,0.39999999999999997,1.0,0.0,1.0,0,1,Royal Challengers Bangalore,field,Maharashtra Cricket Association Stadium,Pune,0.5,1.0,-0.5,0.5,1.0,-0.5,0
2017-04-30,Sunrisers Hyderabad,Kolkata Knight Riders,Sunrisers Hyderabad,0,0.5507246376811594,0.539568345323741,0.01115629235741844,0.6,0.8,-0.20000000000000007,0.3,0.7,-0.39999999999999997,0,1,Kolkata Knight Riders,field,"Rajiv Gandhi International Stadium, Uppal",Hyderabad,0.6538461538461539,0.8,-0.1461538461538462,0.6538461538461539,0.8,-0.1461538461538462,0
2017-04-30,Kings XI Punjab,Delhi Daredevils,Kings XI Punjab,0,0.45714285714285713,0.4233576642335766,0.033785192909280504,0.2,0.2,0.0,0.5263157894736842,0.47368421052631576,0.05263157894736842,1,0,Kings XI Punjab,field,"Punjab Cricket Association IS Bindra Stadium, Mohali",Chandigarh,0.25,0.0,0.25,0.46511627906976744,0.25,0.21511627906976744,0
2017-05-01,Rising Pune Supergiant,Gujarat Lions,Rising Pune Supergiant,0,0.5555555555555556,0.5,0.05555555555555558,0.8,0.4,0.4,0.0,1.0,-1.0,1,0,Rising Pune Supergiant,field,Maharashtra Cricket Association Stadium,Pune,0.6,1.0,-0.4,0.6,1.0,-0.4,0
2017-05-01,Mumbai Indians,Royal Challengers Bangalore,Mumbai Indians,0,0.581081081081081,0.4930555555555556,0.08802552552552545,0.8,0.2,0.6000000000000001,0.6,0.4,0.19999999999999996,0,0,Royal Challengers Bangalore,bat,Wankhede Stadium,Mumbai,0.66,0.42857142857142855,0.23142857142857148,0.676923076923077,0.5,0.17692307692307696,0
2017-05-02,Delhi Daredevils,Sunrisers Hyderabad,Delhi Daredevils,0,0.42028985507246375,0.5571428571428572,-0.13685300207039341,0.0,0.8,-0.8,0.3333333333333333,0.6666666666666666,-0.3333333333333333,1,0,Delhi Daredevils,field,Feroz Shah Kotla,Delhi,0.4,0.8,-0.4,0.4,0.8,-0.4,0
2017-05-03,Kolkata Knight Riders,Rising Pune Supergiant,Rising Pune Supergiant,1,0.5357142857142857,0.6,-0.06428571428571428,0.6,0.8,-0.20000000000000007,1.0,0.0,1.0,0,1,Rising Pune Supergiant,field,Eden Gardens,Kolkata,0.6607142857142857,0.5,0.1607142857142857,0.6607142857142857,0.5,0.1607142857142857,0
2017-05-04,Delhi Daredevils,Gujarat Lions,Delhi Daredevils,0,0.4244604316546763,0.48,-0.0555395683453237,0.2,0.4,-0.2,0.5,0.5,0.0,1,0,Delhi Daredevils,field,Feroz Shah Kotla,Delhi,0.4117647058823529,0.5,-0.08823529411764708,0.4117647058823529,0.5,-0.08823529411764708,0
2017-05-05,Royal Challengers Bangalore,Kings XI Punjab,Kings XI Punjab,1,0.4896551724137931,0.46099290780141844,0.028662264612374644,0.2,0.4,-0.2,0.42105263157894735,0.5789473684210527,-0.1578947368421053,1,0,Royal Challengers Bangalore,field,M Chinnaswamy Stadium,Bangalore,0.5,0.4444444444444444,0.05555555555555558,0.5,0.4444444444444444,0.05555555555555558,0
2017-05-06,Sunrisers Hyderabad,Rising Pune Supergiant,Rising Pune Supergiant,1,0.5492957746478874,0.6363636363636364,-0.08706786171574898,0.6,0.8,-0.20000000000000007,0.0,1.0,-1.0,1,0,Sunrisers Hyderabad,field,"Rajiv Gandhi International Stadium, Uppal",Hyderabad,0.6666666666666666,0.5,0.16666666666666663,0.6666666666666666,0.5,0.16666666666666663,0
2017-05-06,Delhi Daredevils,Mumbai Indians,Mumbai Indians,1,0.42857142857142855,0.5838926174496645,-0.15532118887823593,0.4,0.8,-0.4,0.47368421052631576,0.5263157894736842,-0.05263157894736842,1,0,Delhi Daredevils,field,Feroz Shah Kotla,Delhi,0.4230769230769231,0.25,0.17307692307692307,0.4230769230769231,0.25,0.17307692307692307,0
2017-05-07,Royal Challengers Bangalore,Kolkata Knight Riders,Kolkata Knight Riders,1,0.4863013698630137,0.5319148936170213,-0.04561352375400757,0.0,0.6,-0.6,0.47368421052631576,0.5263157894736842,-0.05263157894736842,0,1,Kolkata Knight Riders,field,M Chinnaswamy Stadium,Bangalore,0.49122807017543857,0.5,-0.00877192982456143,0.49122807017543857,0.5,-0.00877192982456143,0
2017-05-07,Kings XI Punjab,Gujarat Lions,Gujarat Lions,1,0.4647887323943662,0.46153846153846156,0.0032502708559046245,0.6,0.4,0.19999999999999996,0.6666666666666666,0.3333333333333333,0.3333333333333333,0,1,Gujarat Lions,field,"Punjab Cricket Association IS Bindra Stadium, Mohali",Chandigarh,0.3333333333333333,1.0,-0.6666666666666667,0.4772727272727273,1.0,-0.5227272727272727,0
2017-05-08,Sunrisers Hyderabad,Mumbai Indians,Sunrisers Hyderabad,0,0.5416666666666666,0.5866666666666667,-0.04500000000000004,0.4,0.8,-0.4,0.4444444444444444,0.5555555555555556,-0.11111111111111116,0,0,Mumbai Indians,bat,"Rajiv Gandhi International Stadium, Uppal",Hyderabad,0.6428571428571429,0.6666666666666666,-0.023809523809523725,0.6428571428571429,0.6666666666666666,-0.023809523809523725,0
2017-05-09,Kings XI Punjab,Kolkata Knight Riders,Kings XI Punjab,0,0.46153846153846156,0.5352112676056338,-0.07367280606717219,0.6,0.6,0.0,0.3,0.7,-0.39999999999999997,0,1,Kolkata Knight Riders,field,"Punjab Cricket Association IS Bindra Stadium, Mohali",Chandigarh,0.3,1.0,-0.7,0.4666666666666667,0.6,-0.1333333333333333,0
2017-05-10,Gujarat Lions,Delhi Daredevils,Delhi Daredevils,1,0.48148148148148145,0.425531914893617,0.05594956658786443,0.4,0.4,0.0,0.3333333333333333,0.6666666666666666,-0.3333333333333333,0,1,Delhi Daredevils,field,Green Park,Kanpur,1.0,0.5,0.5,1.0,0.5,0.5,0
2017-05-11,Mumbai Indians,Kings XI Punjab,Kings XI Punjab,1,0.5827814569536424,0.4652777777777778,0.11750367917586457,0.6,0.6,0.0,0.5263157894736842,0.47368421052631576,0.05263157894736842,1,0,Mumbai Indians,field,Wankhede Stadium,Mumbai,0.6666666666666666,0.5,0.16666666666666663,0.6818181818181818,0.4,0.28181818181818175,0
2017-05-12,Delhi Daredevils,Rising Pune Supergiant,Delhi Daredevils,0,0.4295774647887324,0.6666666666666666,-0.23708920187793425,0.6,0.8,-0.20000000000000007,1.0,0.0,1.0,1,1,Delhi Daredevils,bat,Feroz Shah Kotla,Delhi,0.41509433962264153,0.5,-0.08490566037735847,0.41509433962264153,0.5,-0.08490566037735847,1
2017-05-13,Kolkata Knight Riders,Mumbai Indians,Mumbai Indians,1,0.5314685314685315,0.5789473684210527,-0.0474788369525212,0.4,0.4,0.0,0.2631578947368421,0.7368421052631579,-0.47368421052631576,1,0,Kolkata Knight Riders,field,Eden Gardens,Kolkata,0.6491228070175439,0.8,-0.15087719298245617,0.6491228070175439,0.8,-0.15087719298245617,0
2017-05-13,Gujarat Lions,Sunrisers Hyderabad,Sunrisers Hyderabad,1,0.4642857142857143,0.547945205479452,-0.08365949119373772,0.4,0.6,-0.19999999999999996,0.0,1.0,-1.0,0,1,Sunrisers Hyderabad,field,Green Park,Kanpur,0.6666666666666666,0.5,0.16666666666666663,0.6666666666666666,0.5,0.16666666666666663,0
2017-05-14,Rising Pune Supergiant,Kings XI Punjab,Rising Pune Supergiant,0,0.6153846153846154,0.4689655172413793,0.14641909814323611,0.8,0.8,0.0,0.0,1.0,-1.0,1,0,Rising Pune Supergiant,field,Maharashtra Cricket Association Stadium,Pune,0.6666666666666666,0.0,0.6666666666666666,0.6666666666666666,0.2,0.4666666666666666,0
2017-05-14,Delhi Daredevils,Royal Challengers Bangalore,Royal Challengers Bangalore,1,0.43356643356643354,0.48299319727891155,-0.049426763712478006,0.8,0.0,0.8,0.375,0.625,-0.25,0,0,Royal Challengers Bangalore,bat,Feroz Shah Kotla,Delhi,0.42592592592592593,0.6666666666666666,-0.2407407407407407,0.42592592592592593,0.6666666666666666,-0.2407407407407407,0
2017-05-16,Mumbai Indians,Rising Pune Supergiant,Rising Pune Supergiant,1,0.5816993464052288,0.6428571428571429,-0.061157796451914104,0.6,0.8,-0.20000000000000007,0.0,1.0,-1.0,1,0,Mumbai Indians,field,Wankhede Stadium,Mumbai,0.6538461538461539,1.0,-0.34615384615384615,0.6716417910447762,1.0,-0.32835820895522383,0
2017-05-17,Sunrisers Hyderabad,Kolkata Knight Riders,Kolkata Knight Riders,1,0.5540540540540541,0.5277777777777778,0.026276276276276267,0.6,0.2,0.39999999999999997,0.36363636363636365,0.6363636363636364,-0.2727272727272727,0,1,Kolkata Knight Riders,field,M Chinnaswamy Stadium,Bangalore,0.4,0.5555555555555556,-0.15555555555555556,0.4,0.5555555555555556,-0.15555555555555556,0
2017-05-19,Mumbai Indians,Kolkata Knight Riders,Mumbai Indians,0,0.577922077922078,0.5310344827586206,0.04688759516345731,0.4,0.4,0.0,0.75,0.25,0.5,1,0,Mumbai Indians,field,M Chinnaswamy Stadium,Bangalore,0.7777777777777778,0.6,0.1777777777777778,0.7777777777777778,0.6,0.1777777777777778,0
2017-05-21,Mumbai Indians,Rising Pune Supergiant,Mumbai Indians,0,0.5806451612903226,0.6666666666666666,-0.08602150537634401,0.4,0.8,-0.4,0.0,1.0,-1.0,1,1,Mumbai Indians,bat,"Rajiv Gandhi International Stadium, Uppal",Hyderabad,0.5714285714285714,1.0,-0.4285714285714286,0.5714285714285714,1.0,-0.4285714285714286,1
2018-04-07,Mumbai Indians,Chennai Super Kings,Chennai Super Kings,1,0.5833333333333334,0.6076923076923076,-0.024358974358974272,0.6,0.4,0.19999999999999996,0.5454545454545454,0.45454545454545453,0.09090909090909088,0,1,Chennai Super Kings,field,Wankhede Stadium,Mumbai,0.6415094339622641,0.4,0.2415094339622641,0.6617647058823529,0.5,0.16176470588235292,0
2018-04-08,Delhi Daredevils,Kings XI Punjab,Kings XI Punjab,1,0.4305555555555556,0.4657534246575342,-0.03519786910197864,0.6,0.6,0.0,0.45,0.55,-0.10000000000000003,0,1,Kings XI Punjab,field,Punjab Cricket Association IS Bindra Stadium,Chandigarh,0.5,0.5,0.0,0.2,0.4782608695652174,-0.2782608695652174,0
2018-04-08,Royal Challengers Bangalore,Kolkata Knight Riders,Kolkata Knight Riders,1,0.4864864864864865,0.5273972602739726,-0.04091077378748609,0.2,0.4,-0.2,0.45,0.55,-0.10000000000000003,0,1,Kolkata Knight Riders,field,Eden Gardens,Kolkata,0.375,0.6379310344827587,-0.2629310344827587,0.375,0.6379310344827587,-0.2629310344827587,0
2018-04-09,Rajasthan Royals,Sunrisers Hyderabad,Sunrisers Hyderabad,1,0.5350877192982456,0.5466666666666666,-0.011578947368421022,0.4,0.4,0.0,0.5714285714285714,0.42857142857142855,0.14285714285714285,0,1,Sunrisers Hyderabad,field,Rajiv Gandhi International Stadium,Hyderabad,0.5,0.5,0.0,0.5,0.6551724137931034,-0.15517241379310343,0
2018-04-10,Kolkata Knight Riders,Chennai Super Kings,Chennai Super Kings,1,0.5306122448979592,0.6106870229007634,-0.08007477800280416,0.4,0.6,-0.19999999999999996,0.375,0.625,-0.25,0,1,Chennai Super Kings,field,MA Chidambaram Stadium,Chennai,0.5,0.5,0.0,0.2857142857142857,0.717391304347826,-0.43167701863354035,0
2018-04-11,Rajasthan Royals,Delhi Daredevils,Rajasthan Royals,0,0.5304347826086957,0.42758620689655175,0.10284857571214395,0.2,0.4,-0.2,0.625,0.375,0.25,0,1,Delhi Daredevils,field,Sawai Mansingh Stadium,Jaipur,0.7272727272727273,0.25,0.4772727272727273,0.7272727272727273,0.25,0.4772727272727273,0
2018-04-12,Mumbai Indians,Sunrisers Hyderabad,Sunrisers Hyderabad,1,0.5796178343949044,0.5526315789473685,0.026986255447535967,0.6,0.6,0.0,0.5,0.5,0.0,0,1,Sunrisers Hyderabad,field,Rajiv Gandhi International Stadium,Hyderabad,0.5,1.0,-0.5,0.625,0.6666666666666666,-0.04166666666666663,0
2018-04-13,Kings XI Punjab,Royal Challengers Bangalore,Royal Challengers Bangalore,1,0.46938775510204084,0.48322147651006714,-0.0138337214080263,0.6,0.2,0.39999999999999997,0.6,0.4,0.19999999999999996,0,1,Royal Challengers Bangalore,field,M.Chinnaswamy Stadium,Bengaluru,0.5,1.0,-0.5,0.5,1.0,-0.5,0
2018-04-14,Mumbai Indians,Delhi Daredevils,Delhi Daredevils,1,0.5759493670886076,0.4246575342465753,0.15129183284203224,0.4,0.4,0.0,0.55,0.45,0.10000000000000003,0,1,Delhi Daredevils,field,Wankhede Stadium,Mumbai,0.6296296296296297,0.14285714285714285,0.4867724867724868,0.6521739130434783,0.18181818181818182,0.47035573122529645,0
2018-04-14,Kolkata Knight Riders,Sunrisers Hyderabad,Sunrisers Hyderabad,1,0.527027027027027,0.5584415584415584,-0.03141453141453143,0.4,0.8,-0.4,0.6666666666666666,0.3333333333333333,0.3333333333333333,0,1,Sunrisers Hyderabad,field,Eden Gardens,Kolkata,0.6440677966101694,0.0,0.6440677966101694,0.6440677966101694,0.0,0.6440677966101694,0
2018-04-15,Kings XI Punjab,Chennai Super Kings,Kings XI Punjab,0,0.46621621621621623,0.6136363636363636,-0.14742014742014742,0.6,0.6,0.0,0.375,0.625,-0.25,0,1,Chennai Super Kings,field,Punjab Cricket Association IS Bindra Stadium,Chandigarh,1.0,0.5,0.5,0.48936170212765956,0.75,-0.26063829787234044,0
2018-04-15,Rajasthan Royals,Royal Challengers Bangalore,Rajasthan Royals,0,0.5344827586206896,0.4866666666666667,0.04781609195402292,0.4,0.4,0.0,0.4666666666666667,0.5333333333333333,-0.06666666666666665,0,1,Royal Challengers Bangalore,field,M.Chinnaswamy Stadium,Bengaluru,0.5,1.0,-0.5,0.5,1.0,-0.5,0
2018-04-16,Kolkata Knight Riders,Delhi Daredevils,Kolkata Knight Riders,0,0.5234899328859061,0.42857142857142855,0.09491850431447751,0.4,0.4,0.0,0.631578947368421,0.3684210526315789,0.2631578947368421,0,1,Delhi Daredevils,field,Eden Gardens,Kolkata,0.6333333333333333,0.14285714285714285,0.49047619047619045,0.6333333333333333,0.14285714285714285,0.49047619047619045,0
2018-04-17,Mumbai Indians,Royal Challengers Bangalore,Mumbai Indians,0,0.5723270440251572,0.48344370860927155,0.08888333541588567,0.4,0.4,0.0,0.6190476190476191,0.38095238095238093,0.23809523809523814,0,1,Royal Challengers Bangalore,field,Wankhede Stadium,Mumbai,0.6181818181818182,0.375,0.24318181818181817,0.6428571428571429,0.45454545454545453,0.18831168831168837,0
2018-04-18,Rajasthan Royals,Kolkata Knight Riders,Kolkata Knight Riders,1,0.5384615384615384,0.5266666666666666,0.01179487179487182,0.6,0.4,0.19999999999999996,0.5384615384615384,0.46153846153846156,0.07692307692307687,0,1,Kolkata Knight Riders,field,Sawai Mansingh Stadium,Jaipur,0.7352941176470589,0.25,0.4852941176470589,0.7352941176470589,0.25,0.4852941176470589,0
2018-04-19,Kings XI Punjab,Sunrisers Hyderabad,Kings XI Punjab,0,0.4697986577181208,0.5641025641025641,-0.0943039063844433,0.6,0.8,-0.20000000000000007,0.2,0.8,-0.6000000000000001,1,1,Kings XI Punjab,bat,Punjab Cricket Association IS Bindra Stadium,Chandigarh,1.0,0.5,0.5,0.5,1.0,-0.5,1
2018-04-20,Chennai Super Kings,Rajasthan Royals,Chennai Super Kings,0,0.6090225563909775,0.5338983050847458,0.07512425130623168,0.6,0.4,0.19999999999999996,0.6470588235294118,0.35294117647058826,0.29411764705882354,0,1,Rajasthan Royals,field,Maharashtra Cricket Association Stadium,Pune,0.5,0.5,0.0,0.5,0.5,0.0,0
2018-04-21,Kolkata Knight Riders,Kings XI Punjab,Kings XI Punjab,1,0.5298013245033113,0.47333333333333333,0.05646799116997797,0.6,0.6,0.0,0.6666666666666666,0.3333333333333333,0.3333333333333333,0,1,Kings XI Punjab,field,Eden Gardens,Kolkata,0.639344262295082,0.2222222222222222,0.4171220400728598,0.639344262295082,0.2222222222222222,0.4171220400728598,0
2018-04-21,Delhi Daredevils,Royal Challengers Bangalore,Royal Challengers Bangalore,1,0.42567567567567566,0.48026315789473684,-0.05458748221906118,0.2,0.4,-0.2,0.35294117647058826,0.6470588235294118,-0.29411764705882354,0,1,Royal Challengers Bangalore,field,M.Chinnaswamy Stadium,Bengaluru,0.0,0.6666666666666666,-0.6666666666666666,0.0,0.6666666666666666,-0.6666666666666666,0
2018-04-22,Chennai Super Kings,Sunrisers Hyderabad,Chennai Super Kings,0,0.6119402985074627,0.5569620253164557,0.05497827319100701,0.6,0.6,0.0,0.6666666666666666,0.3333333333333333,0.3333333333333333,0,1,Sunrisers Hyderabad,field,Rajiv Gandhi International Stadium,Hyderabad,0.5,1.0,-0.5,0.6666666666666666,0.6774193548387096,-0.010752688172043001,0
2018-04-22,Mumbai Indians,Rajasthan Royals,Rajasthan Royals,1,0.575,0.5294117647058824,0.045588235294117596,0.4,0.4,0.0,0.625,0.375,0.25,1,1,Mumbai Indians,bat,Sawai Mansingh Stadium,Jaipur,0.4,0.7142857142857143,-0.3142857142857143,0.4,0.7142857142857143,-0.3142857142857143,1
2018-04-23,Kings XI Punjab,Delhi Daredevils,Kings XI Punjab,0,0.4768211920529801,0.4228187919463087,0.0540024001066714,0.8,0.2,0.6000000000000001,0.5714285714285714,0.42857142857142855,0.14285714285714285,0,1,Delhi Daredevils,field,Arun Jaitley Stadium,Delhi,0.5,0.5,0.0,0.4444444444444444,0.41818181818181815,0.026262626262626265,0
2018-04-24,Sunrisers Hyderabad,Mumbai Indians,Sunrisers Hyderabad,0,0.55,0.5714285714285714,-0.021428571428571352,0.6,0.2,0.39999999999999997,0.5454545454545454,0.45454545454545453,0.09090909090909088,0,1,Mumbai Indians,field,Wankhede Stadium,Mumbai,0.0,0.625,-0.625,0.25,0.647887323943662,-0.397887323943662,0
2018-04-25,Royal Challengers Bangalore,Chennai Super Kings,Chennai Super Kings,1,0.48366013071895425,0.6148148148148148,-0.13115468409586056,0.4,0.8,-0.4,0.3684210526315789,0.631578947368421,-0.2631578947368421,0,1,Chennai Super Kings,field,M.Chinnaswamy Stadium,Bengaluru,0.75,0.5,0.25,0.75,0.5,0.25,0
2018-04-26,Sunrisers Hyderabad,Kings XI Punjab,Sunrisers Hyderabad,0,0.5555555555555556,0.48026315789473684,0.07529239766081874,0.6,0.8,-0.20000000000000007,0.7272727272727273,0.2727272727272727,0.4545454545454546,0,1,Kings XI Punjab,field,Rajiv Gandhi International Stadium,Hyderabad,0.6666666666666666,0.5,0.16666666666666663,0.65625,0.5,0.15625,0
2018-04-27,Delhi Daredevils,Kolkata Knight Riders,Delhi Daredevils,0,0.42,0.5263157894736842,-0.1063157894736842,0.2,0.4,-0.2,0.35,0.65,-0.30000000000000004,0,1,Kolkata Knight Riders,field,Arun Jaitley Stadium,Delhi,0.0,0.5,-0.5,0.4107142857142857,0.625,-0.2142857142857143,0
2018-04-28,Chennai Super Kings,Mumbai Indians,Mumbai Indians,1,0.6176470588235294,0.5679012345679012,0.049745824255628235,0.8,0.2,0.6000000000000001,0.4782608695652174,0.5217391304347826,-0.04347826086956519,0,1,Mumbai Indians,field,Maharashtra Cricket Association Stadium,Pune,1.0,0.5,0.5,0.6666666666666666,0.75,-0.08333333333333337,0
2018-04-29,Sunrisers Hyderabad,Rajasthan Royals,Sunrisers Hyderabad,0,0.5609756097560976,0.5333333333333333,0.02764227642276429,0.6,0.6,0.0,0.5,0.5,0.0,1,1,Sunrisers Hyderabad,bat,Sawai Mansingh Stadium,Jaipur,0.0,0.7222222222222222,-0.7222222222222222,0.0,0.7222222222222222,-0.7222222222222222,1
2018-04-29,Royal Challengers Bangalore,Kolkata Knight Riders,Kolkata Knight Riders,1,0.4805194805194805,0.5228758169934641,-0.04235633647398357,0.4,0.4,0.0,0.42857142857142855,0.5714285714285714,-0.14285714285714285,0,1,Kolkata Knight Riders,field,M.Chinnaswamy Stadium,Bengaluru,0.6,0.5,0.09999999999999998,0.6,0.5,0.09999999999999998,0
2018-04-30,Chennai Super Kings,Delhi Daredevils,Chennai Super Kings,0,0.6131386861313869,0.423841059602649,0.18929762652873788,0.6,0.4,0.19999999999999996,0.6875,0.3125,0.375,0,1,Delhi Daredevils,field,Maharashtra Cricket Association Stadium,Pune,0.5,1.0,-0.5,0.5,0.6,-0.09999999999999998,0
2018-05-01,Royal Challengers Bangalore,Mumbai Indians,Royal Challengers Bangalore,0,0.4774193548387097,0.5705521472392638,-0.09313279240055417,0.2,0.4,-0.2,0.36363636363636365,0.6363636363636364,-0.2727272727272727,0,1,Mumbai Indians,field,M.Chinnaswamy Stadium,Bengaluru,0.5,0.5,0.0,0.5,0.5,0.0,0
2018-05-02,Delhi Daredevils,Rajasthan Royals,Delhi Daredevils,0,0.42105263157894735,0.5289256198347108,-0.10787298825576341,0.2,0.4,-0.2,0.35294117647058826,0.6470588235294118,-0.29411764705882354,0,1,Rajasthan Royals,field,Arun Jaitley Stadium,Delhi,0.5,0.5,0.0,0.42105263157894735,0.5714285714285714,-0.15037593984962405,0
2018-05-03,Chennai Super Kings,Kolkata Knight Riders,Kolkata Knight Riders,1,0.6159420289855072,0.525974025974026,0.08996800301148122,0.8,0.6,0.20000000000000007,0.6470588235294118,0.35294117647058826,0.29411764705882354,0,1,Kolkata Knight Riders,field,Eden Gardens,Kolkata,0.4444444444444444,0.6290322580645161,-0.1845878136200717,0.4444444444444444,0.6290322580645161,-0.1845878136200717,0
2018-05-04,Kings XI Punjab,Mumbai Indians,Mumbai Indians,1,0.477124183006536,0.5670731707317073,-0.08994898772517129,0.8,0.4,0.4,0.5,0.5,0.0,0,1,Mumbai Indians,field,Holkar Cricket Stadium,Indore,0.75,1.0,-0.25,0.75,1.0,-0.25,0
2018-05-05,Royal Challengers Bangalore,Chennai Super Kings,Chennai Super Kings,1,0.4807692307692308,0.6115107913669064,-0.13074156059767567,0.4,0.6,-0.19999999999999996,0.35,0.65,-0.30000000000000004,0,1,Chennai Super Kings,field,Maharashtra Cricket Association Stadium,Pune,0.6666666666666666,0.6666666666666666,0.0,0.8,0.6,0.20000000000000007,0
2018-05-05,Delhi Daredevils,Sunrisers Hyderabad,Sunrisers Hyderabad,1,0.42483660130718953,0.5662650602409639,-0.14142845893377437,0.4,0.6,-0.19999999999999996,0.4,0.6,-0.19999999999999996,1,1,Delhi Daredevils,bat,Rajiv Gandhi International Stadium,Hyderabad,0.5,0.75,-0.25,0.6666666666666666,0.6666666666666666,0.0,1
2018-05-06,Mumbai Indians,Kolkata Knight Riders,Mumbai Indians,0,0.5696969696969697,0.5290322580645161,0.040664711632453554,0.4,0.6,-0.19999999999999996,0.7619047619047619,0.23809523809523808,0.5238095238095237,0,1,Kolkata Knight Riders,field,Wankhede Stadium,Mumbai,0.6140350877192983,0.14285714285714285,0.4711779448621554,0.6388888888888888,0.2727272727272727,0.36616161616161613,0
2018-05-06,Rajasthan Royals,Kings XI Punjab,Kings XI Punjab,1,0.5245901639344263,0.474025974025974,0.05056418990845224,0.2,0.6,-0.39999999999999997,0.6428571428571429,0.35714285714285715,0.28571428571428575,0,1,Kings XI Punjab,field,Holkar Cricket Stadium,Indore,0.0,0.6,-0.6,0.0,0.6,-0.6,0
2018-05-07,Sunrisers Hyderabad,Royal Challengers Bangalore,Sunrisers Hyderabad,0,0.5714285714285714,0.47770700636942676,0.09372156505914464,0.8,0.4,0.4,0.5555555555555556,0.4444444444444444,0.11111111111111116,0,1,Royal Challengers Bangalore,field,Rajiv Gandhi International Stadium,Hyderabad,0.8,0.5,0.30000000000000004,0.6764705882352942,0.2857142857142857,0.39075630252100846,0
2018-05-08,Rajasthan Royals,Kings XI Punjab,Rajasthan Royals,0,0.5203252032520326,0.4774193548387097,0.0429058484133229,0.2,0.6,-0.39999999999999997,0.6,0.4,0.19999999999999996,1,1,Rajasthan Royals,bat,Sawai Mansingh Stadium,Jaipur,0.7027027027027027,0.0,0.7027027027027027,0.7027027027027027,0.0,0.7027027027027027,1
2018-05-09,Mumbai Indians,Kolkata Knight Riders,Mumbai Indians,0,0.572289156626506,0.5256410256410257,0.046648130985480374,0.6,0.4,0.19999999999999996,0.7727272727272727,0.22727272727272727,0.5454545454545454,0,1,Kolkata Knight Riders,field,Eden Gardens,Kolkata,0.8181818181818182,0.6349206349206349,0.18326118326118335,0.8181818181818182,0.6349206349206349,0.18326118326118335,0
2018-05-10,Delhi Daredevils,Sunrisers Hyderabad,Sunrisers Hyderabad,1,0.42207792207792205,0.5764705882352941,-0.15439266615737202,0.4,1.0,-0.6,0.36363636363636365,0.6363636363636364,-0.2727272727272727,1,1,Delhi Daredevils,bat,Arun Jaitley Stadium,Delhi,0.6666666666666666,0.5,0.16666666666666663,0.43103448275862066,0.6666666666666666,-0.23563218390804597,1
2018-05-11,Chennai Super Kings,Rajasthan Royals,Rajasthan Royals,1,0.6142857142857143,0.5241935483870968,0.09009216589861757,0.6,0.4,0.19999999999999996,0.6666666666666666,0.3333333333333333,0.3333333333333333,1,1,Chennai Super Kings,bat,Sawai Mansingh Stadium,Jaipur,0.5,0.7105263157894737,-0.21052631578947367,0.5,0.7105263157894737,-0.21052631578947367,1
2018-05-12,Delhi Daredevils,Royal Challengers Bangalore,Royal Challengers Bangalore,1,0.41935483870967744,0.47468354430379744,-0.05532870559412001,0.4,0.2,0.2,0.3333333333333333,0.6666666666666666,-0.3333333333333333,0,1,Royal Challengers Bangalore,field,Arun Jaitley Stadium,Delhi,0.5,0.5,0.0,0.423728813559322,0.7142857142857143,-0.2905569007263923,0
2018-05-12,Kolkata Knight Riders,Kings XI Punjab,Kolkata Knight Riders,0,0.5222929936305732,0.47435897435897434,0.047934019271598904,0.4,0.4,0.0,0.6363636363636364,0.36363636363636365,0.2727272727272727,0,1,Kings XI Punjab,field,Holkar Cricket Stadium,Indore,0.5,0.6666666666666666,-0.16666666666666663,0.5,0.6666666666666666,-0.16666666666666663,0
2018-05-13,Sunrisers Hyderabad,Chennai Super Kings,Chennai Super Kings,1,0.5813953488372093,0.6099290780141844,-0.028533729176975053,1.0,0.4,0.6,0.2857142857142857,0.7142857142857143,-0.4285714285714286,0,1,Chennai Super Kings,field,Maharashtra Cricket Association Stadium,Pune,0.5,0.75,-0.25,0.5,0.6666666666666666,-0.16666666666666663,0
2018-05-13,Mumbai Indians,Rajasthan Royals,Rajasthan Royals,1,0.5748502994011976,0.528,0.04685029940119756,0.8,0.4,0.4,0.5882352941176471,0.4117647058823529,0.17647058823529416,0,1,Rajasthan Royals,field,Wankhede Stadium,Mumbai,0.6206896551724138,0.3333333333333333,0.2873563218390805,0.6438356164383562,0.4166666666666667,0.2271689497716895,0
2018-05-14,Kings XI Punjab,Royal Challengers Bangalore,Royal Challengers Bangalore,1,0.4713375796178344,0.4779874213836478,-0.006649841765813402,0.2,0.4,-0.2,0.5714285714285714,0.42857142857142855,0.14285714285714285,0,1,Royal Challengers Bangalore,field,Holkar Cricket Stadium,Indore,0.5714285714285714,0.0,0.5714285714285714,0.5714285714285714,0.0,0.5714285714285714,0
2018-05-15,Rajasthan Royals,Kolkata Knight Riders,Kolkata Knight Riders,1,0.5317460317460317,0.5253164556962026,0.006429576049829189,0.6,0.6,0.0,0.5,0.5,0.0,0,1,Kolkata Knight Riders,field,Eden Gardens,Kolkata,0.16666666666666666,0.625,-0.45833333333333337,0.16666666666666666,0.625,-0.45833333333333337,0
2018-05-16,Mumbai Indians,Kings XI Punjab,Mumbai Indians,0,0.5714285714285714,0.46835443037974683,0.10307414104882456,0.6,0.2,0.39999999999999997,0.5238095238095238,0.47619047619047616,0.04761904761904767,0,1,Kings XI Punjab,field,Wankhede Stadium,Mumbai,0.6101694915254238,0.5555555555555556,0.05461393596986819,0.6351351351351351,0.45454545454545453,0.18058968058968056,0
2018-05-17,Royal Challengers Bangalore,Sunrisers Hyderabad,Royal Challengers Bangalore,0,0.48125,0.5747126436781609,-0.09346264367816087,0.6,0.8,-0.20000000000000007,0.4,0.6,-0.19999999999999996,0,1,Sunrisers Hyderabad,field,M.Chinnaswamy Stadium,Bengaluru,0.5714285714285714,0.5,0.0714285714285714,0.5714285714285714,0.5,0.0714285714285714,0
2018-05-18,Delhi Daredevils,Chennai Super Kings,Delhi Daredevils,0,0.4166666666666667,0.6126760563380281,-0.19600938967136144,0.2,0.6,-0.39999999999999997,0.29411764705882354,0.7058823529411765,-0.411764705882353,0,1,Chennai Super Kings,field,Arun Jaitley Stadium,Delhi,0.4,0.5,-0.09999999999999998,0.4166666666666667,0.8333333333333334,-0.4166666666666667,0
2018-05-19,Rajasthan Royals,Royal Challengers Bangalore,Rajasthan Royals,0,0.5275590551181102,0.484472049689441,0.04308700542866917,0.6,0.6,0.0,0.5,0.5,0.0,1,1,Rajasthan Royals,bat,Sawai Mansingh Stadium,Jaipur,0.717948717948718,0.6,0.11794871794871797,0.717948717948718,0.6,0.11794871794871797,1
2018-05-19,Sunrisers Hyderabad,Kolkata Knight Riders,Kolkata Knight Riders,1,0.5681818181818182,0.5283018867924528,0.03987993138936541,0.6,0.6,0.0,0.38461538461538464,0.6153846153846154,-0.23076923076923078,1,1,Sunrisers Hyderabad,bat,Rajiv Gandhi International Stadium,Hyderabad,0.8333333333333334,0.5,0.33333333333333337,0.6857142857142857,0.6666666666666666,0.01904761904761909,1
2018-05-20,Kings XI Punjab,Chennai Super Kings,Chennai Super Kings,1,0.46540880503144655,0.6083916083916084,-0.1429828033601619,0.2,0.4,-0.2,0.4117647058823529,0.5882352941176471,-0.17647058823529416,0,1,Chennai Super Kings,field,Maharashtra Cricket Association Stadium,Pune,0.0,0.8,-0.8,0.16666666666666666,0.7142857142857143,-0.5476190476190477,0
2018-05-20,Delhi Daredevils,Mumbai Indians,Delhi Daredevils,0,0.42038216560509556,0.5739644970414202,-0.1535823314363246,0.4,0.8,-0.4,0.47619047619047616,0.5238095238095238,-0.04761904761904767,1,1,Delhi Daredevils,bat,Arun Jaitley Stadium,Delhi,0.5,0.5,0.0,0.4262295081967213,0.3333333333333333,0.09289617486338797,1
2018-05-22,Sunrisers Hyderabad,Chennai Super Kings,Chennai Super Kings,1,0.5617977528089888,0.6111111111111112,-0.049313358302122356,0.4,0.6,-0.19999999999999996,0.25,0.75,-0.5,0,1,Chennai Super Kings,field,Wankhede Stadium,Mumbai,0.25,0.45454545454545453,-0.20454545454545453,0.4,0.5294117647058824,-0.12941176470588234,0
2018-05-23,Kolkata Knight Riders,Rajasthan Royals,Kolkata Knight Riders,0,0.53125,0.53125,0.0,0.6,0.8,-0.20000000000000007,0.5333333333333333,0.4666666666666667,0.06666666666666665,0,1,Rajasthan Royals,field,Eden Gardens,Kolkata,0.6307692307692307,0.14285714285714285,0.4879120879120879,0.6307692307692307,0.14285714285714285,0.4879120879120879,0
2018-05-25,Sunrisers Hyderabad,Kolkata Knight Riders,Sunrisers Hyderabad,0,0.5555555555555556,0.5341614906832298,0.021394064872325758,0.2,0.8,-0.6000000000000001,0.35714285714285715,0.6428571428571429,-0.28571428571428575,0,1,Kolkata Knight Riders,field,Eden Gardens,Kolkata,0.16666666666666666,0.6363636363636364,-0.4696969696969697,0.16666666666666666,0.6363636363636364,-0.4696969696969697,0
2018-05-27,Sunrisers Hyderabad,Chennai Super Kings,Chennai Super Kings,1,0.5604395604395604,0.6137931034482759,-0.05335354300871542,0.2,0.6,-0.39999999999999997,0.2222222222222222,0.7777777777777778,-0.5555555555555556,0,1,Chennai Super Kings,field,Wankhede Stadium,Mumbai,0.2,0.5,-0.3,0.3333333333333333,0.5555555555555556,-0.22222222222222227,0
2019-03-23,Royal Challengers Bangalore,Chennai Super Kings,Chennai Super Kings,1,0.48148148148148145,0.6164383561643836,-0.13495687468290213,0.6,0.8,-0.20000000000000007,0.3333333333333333,0.6666666666666666,-0.3333333333333333,0,1,Chennai Super Kings,field,MA Chidambaram Stadium,Chennai,0.5,1.0,-0.5,0.25,0.723404255319149,-0.473404255319149,0
2019-03-24,Sunrisers Hyderabad,Kolkata Knight Riders,Kolkata Knight Riders,1,0.5543478260869565,0.5308641975308642,0.023483628556092317,0.2,0.8,-0.6000000000000001,0.4,0.6,-0.19999999999999996,0,1,Kolkata Knight Riders,field,Eden Gardens,Kolkata,0.2857142857142857,0.6268656716417911,-0.3411513859275054,0.2857142857142857,0.6268656716417911,-0.3411513859275054,0
2019-03-24,Delhi Capitals,Mumbai Indians,Delhi Capitals,0,0.5,0.5705882352941176,-0.07058823529411762,0.5,0.6,-0.09999999999999998,0.5,0.5,0.0,0,1,Mumbai Indians,field,Wankhede Stadium,Mumbai,0.5,0.6166666666666667,-0.1166666666666667,0.5,0.64,-0.14,0
2019-03-25,Kings XI Punjab,Rajasthan Royals,Kings XI Punjab,0,0.4625,0.5271317829457365,-0.06463178294573646,0.0,0.6,-0.6,0.375,0.625,-0.25,0,1,Rajasthan Royals,field,Sawai Mansingh Stadium,Jaipur,0.0,0.725,-0.725,0.0,0.725,-0.725,0
2019-03-26,Delhi Capitals,Chennai Super Kings,Chennai Super Kings,1,1.0,0.6190476190476191,0.38095238095238093,1.0,0.8,0.19999999999999996,0.5,0.5,0.0,1,1,Delhi Capitals,bat,Arun Jaitley Stadium,Delhi,0.5,0.0,0.5,0.5,0.7142857142857143,-0.2142857142857143,1
2019-03-27,Kolkata Knight Riders,Kings XI Punjab,Kolkata Knight Riders,0,0.5337423312883436,0.4658385093167702,0.06790382197157341,0.8,0.2,0.6000000000000001,0.6521739130434783,0.34782608695652173,0.30434782608695654,0,1,Kings XI Punjab,field,Eden Gardens,Kolkata,0.6323529411764706,0.3,0.3323529411764706,0.6323529411764706,0.3,0.3323529411764706,0
2019-03-28,Mumbai Indians,Royal Challengers Bangalore,Mumbai Indians,0,0.5672514619883041,0.4785276073619632,0.08872385462634091,0.4,0.6,-0.19999999999999996,0.6086956521739131,0.391304347826087,0.2173913043478261,0,1,Royal Challengers Bangalore,field,M.Chinnaswamy Stadium,Bengaluru,0.0,0.625,-0.625,0.0,0.625,-0.625,0
2019-03-29,Rajasthan Royals,Sunrisers Hyderabad,Sunrisers Hyderabad,1,0.5230769230769231,0.5483870967741935,-0.0253101736972704,0.4,0.2,0.2,0.4444444444444444,0.5555555555555556,-0.11111111111111116,1,1,Rajasthan Royals,bat,Rajiv Gandhi International Stadium,Hyderabad,0.0,0.7142857142857143,-0.7142857142857143,0.4,0.6666666666666666,-0.2666666666666666,1
2019-03-30,Mumbai Indians,Kings XI Punjab,Kings XI Punjab,1,0.5697674418604651,0.46296296296296297,0.10680447889750216,0.4,0.2,0.2,0.5454545454545454,0.45454545454545453,0.09090909090909088,0,1,Kings XI Punjab,field,Punjab Cricket Association IS Bindra Stadium,Chandigarh,0.5,1.0,-0.5,0.5714285714285714,0.5102040816326531,0.061224489795918324,0
2019-03-31,Sunrisers Hyderabad,Royal Challengers Bangalore,Sunrisers Hyderabad,0,0.5531914893617021,0.47560975609756095,0.0775817332641412,0.4,0.4,0.0,0.5454545454545454,0.45454545454545453,0.09090909090909088,0,1,Royal Challengers Bangalore,field,Rajiv Gandhi International Stadium,Hyderabad,0.75,0.0,0.75,0.6756756756756757,0.25,0.42567567567567566,0
2019-03-31,Chennai Super Kings,Rajasthan Royals,Chennai Super Kings,0,0.6216216216216216,0.5190839694656488,0.10253765215597277,1.0,0.2,0.8,0.631578947368421,0.3684210526315789,0.2631578947368421,0,1,Rajasthan Royals,field,MA Chidambaram Stadium,Chennai,1.0,0.5,0.5,0.7291666666666666,0.16666666666666666,0.5625,0
2019-04-01,Kings XI Punjab,Delhi Capitals,Kings XI Punjab,0,0.4662576687116564,0.5,-0.033742331288343586,0.4,0.5,-0.09999999999999998,0.5,0.5,0.0,0,1,Delhi Capitals,field,Punjab Cricket Association IS Bindra Stadium,Chandigarh,1.0,0.5,0.5,0.52,0.5,0.020000000000000018,0
2019-04-02,Royal Challengers Bangalore,Rajasthan Royals,Rajasthan Royals,1,0.4727272727272727,0.5151515151515151,-0.04242424242424242,0.2,0.2,0.0,0.47058823529411764,0.5294117647058824,-0.05882352941176472,0,1,Rajasthan Royals,field,Sawai Mansingh Stadium,Jaipur,0.5,0.7073170731707317,-0.20731707317073167,0.5,0.7073170731707317,-0.20731707317073167,0
2019-04-03,Mumbai Indians,Chennai Super Kings,Mumbai Indians,0,0.5664739884393064,0.6241610738255033,-0.057687085386196935,0.4,1.0,-0.6,0.5416666666666666,0.4583333333333333,0.08333333333333331,0,1,Chennai Super Kings,field,Wankhede Stadium,Mumbai,0.6065573770491803,0.5384615384615384,0.0680958385876419,0.631578947368421,0.5789473684210527,0.05263157894736836,0
2019-04-04,Delhi Capitals,Sunrisers Hyderabad,Sunrisers Hyderabad,1,0.3333333333333333,0.5578947368421052,-0.2245614035087719,0.3333333333333333,0.6,-0.26666666666666666,0.5,0.5,0.0,0,1,Sunrisers Hyderabad,field,Arun Jaitley Stadium,Delhi,0.0,1.0,-1.0,0.0,0.7142857142857143,-0.7142857142857143,0
2019-04-05,Royal Challengers Bangalore,Kolkata Knight Riders,Kolkata Knight Riders,1,0.46987951807228917,0.5365853658536586,-0.0667058477813694,0.0,0.8,-0.8,0.4090909090909091,0.5909090909090909,-0.18181818181818182,0,1,Kolkata Knight Riders,field,M.Chinnaswamy Stadium,Bengaluru,0.5555555555555556,1.0,-0.4444444444444444,0.5555555555555556,1.0,-0.4444444444444444,0
2019-04-06,Chennai Super Kings,Kings XI Punjab,Chennai Super Kings,0,0.62,0.4695121951219512,0.1504878048780488,0.8,0.6,0.20000000000000007,0.6111111111111112,0.3888888888888889,0.22222222222222227,1,1,Chennai Super Kings,bat,MA Chidambaram Stadium,Chennai,1.0,0.5,0.5,0.7346938775510204,0.25,0.48469387755102045,1
2019-04-06,Mumbai Indians,Sunrisers Hyderabad,Mumbai Indians,0,0.5689655172413793,0.5625,0.006465517241379337,0.4,0.6,-0.19999999999999996,0.4166666666666667,0.5833333333333334,-0.16666666666666669,0,1,Sunrisers Hyderabad,field,Rajiv Gandhi International Stadium,Hyderabad,0.0,0.7777777777777778,-0.7777777777777778,0.5555555555555556,0.6842105263157895,-0.1286549707602339,0
2019-04-07,Royal Challengers Bangalore,Delhi Capitals,Delhi Capitals,1,0.46706586826347307,0.25,0.21706586826347307,0.0,0.25,-0.25,0.5,0.5,0.0,0,1,Delhi Capitals,field,M.Chinnaswamy Stadium,Bengaluru,0.5,0.5,0.0,0.5,0.5,0.0,0
2019-04-07,Rajasthan Royals,Kolkata Knight Riders,Kolkata Knight Riders,1,0.518796992481203,0.5393939393939394,-0.02059694691273639,0.2,0.8,-0.6000000000000001,0.4375,0.5625,-0.125,0,1,Kolkata Knight Riders,field,Sawai Mansingh Stadium,Jaipur,0.7142857142857143,0.4,0.3142857142857143,0.7142857142857143,0.4,0.3142857142857143,0
2019-04-08,Sunrisers Hyderabad,Kings XI Punjab,Kings XI Punjab,1,0.5567010309278351,0.4666666666666667,0.0900343642611684,0.6,0.6,0.0,0.75,0.25,0.5,0,1,Kings XI Punjab,field,Punjab Cricket Association IS Bindra Stadium,Chandigarh,0.0,1.0,-1.0,0.8,0.5294117647058824,0.2705882352941177,0
2019-04-09,Kolkata Knight Riders,Chennai Super Kings,Chennai Super Kings,1,0.5421686746987951,0.6225165562913907,-0.08034788159259554,0.8,0.8,0.0,0.3888888888888889,0.6111111111111112,-0.22222222222222227,0,1,Chennai Super Kings,field,MA Chidambaram Stadium,Chennai,0.0,1.0,-1.0,0.25,0.74,-0.49,0
2019-04-10,Kings XI Punjab,Mumbai Indians,Mumbai Indians,1,0.46987951807228917,0.5714285714285714,-0.10154905335628223,0.6,0.6,0.0,0.4782608695652174,0.5217391304347826,-0.04347826086956519,0,1,Mumbai Indians,field,Wankhede Stadium,Mumbai,0.5,0.6129032258064516,-0.11290322580645162,0.4166666666666667,0.6363636363636364,-0.21969696969696967,0
2019-04-11,Rajasthan Royals,Chennai Super Kings,Chennai Super Kings,1,0.5149253731343284,0.625,-0.1100746268656716,0.2,0.8,-0.6000000000000001,0.35,0.65,-0.30000000000000004,0,1,Chennai Super Kings,field,Sawai Mansingh Stadium,Jaipur,0.6976744186046512,0.4,0.29767441860465116,0.6976744186046512,0.4,0.29767441860465116,0
2019-04-12,Kolkata Knight Riders,Delhi Capitals,Delhi Capitals,1,0.5389221556886228,0.4,0.13892215568862276,0.8,0.4,0.4,0.5,0.5,0.0,0,1,Delhi Capitals,field,Eden Gardens,Kolkata,0.6376811594202898,0.5,0.1376811594202898,0.6376811594202898,0.5,0.1376811594202898,0
2019-04-13,Kings XI Punjab,Royal Challengers Bangalore,Royal Challengers Bangalore,1,0.46706586826347307,0.4642857142857143,0.0027801539777587703,0.6,0.0,0.6,0.5454545454545454,0.45454545454545453,0.09090909090909088,0,1,Royal Challengers Bangalore,field,Punjab Cricket Association IS Bindra Stadium,Chandigarh,1.0,0.5,0.5,0.5384615384615384,0.5,0.038461538461538436,0
2019-04-13,Mumbai Indians,Rajasthan Royals,Rajasthan Royals,1,0.5738636363636364,0.5111111111111111,0.06275252525252528,0.8,0.2,0.6000000000000001,0.5555555555555556,0.4444444444444444,0.11111111111111116,0,1,Rajasthan Royals,field,Wankhede Stadium,Mumbai,0.6190476190476191,0.42857142857142855,0.19047619047619052,0.6410256410256411,0.46153846153846156,0.17948717948717952,0
2019-04-14,Delhi Capitals,Sunrisers Hyderabad,Delhi Capitals,0,0.5,0.5510204081632653,-0.05102040816326525,0.4,0.6,-0.19999999999999996,0.0,1.0,-1.0,0,1,Sunrisers Hyderabad,field,Rajiv Gandhi International Stadium,Hyderabad,0.5,0.7,-0.19999999999999996,0.5,0.6666666666666666,-0.16666666666666663,0
2019-04-14,Kolkata Knight Riders,Chennai Super Kings,Chennai Super Kings,1,0.5357142857142857,0.6274509803921569,-0.09173669467787116,0.6,0.8,-0.20000000000000007,0.3684210526315789,0.631578947368421,-0.2631578947368421,0,1,Chennai Super Kings,field,Eden Gardens,Kolkata,0.6285714285714286,0.4,0.22857142857142854,0.6285714285714286,0.4,0.22857142857142854,0
2019-04-15,Royal Challengers Bangalore,Mumbai Indians,Mumbai Indians,1,0.46745562130177515,0.5706214689265536,-0.10316584762477848,0.2,0.6,-0.39999999999999997,0.375,0.625,-0.25,0,1,Mumbai Indians,field,Wankhede Stadium,Mumbai,0.3333333333333333,0.609375,-0.2760416666666667,0.4166666666666667,0.6329113924050633,-0.21624472573839665,0
2019-04-16,Kings XI Punjab,Rajasthan Royals,Kings XI Punjab,0,0.4642857142857143,0.5147058823529411,-0.05042016806722682,0.4,0.4,0.0,0.4117647058823529,0.5882352941176471,-0.17647058823529416,0,1,Rajasthan Royals,field,Punjab Cricket Association IS Bindra Stadium,Chandigarh,0.8571428571428571,0.5,0.3571428571428571,0.5283018867924528,0.5,0.028301886792452824,0
2019-04-17,Chennai Super Kings,Sunrisers Hyderabad,Sunrisers Hyderabad,1,0.6298701298701299,0.5454545454545454,0.0844155844155845,0.8,0.4,0.4,0.8,0.2,0.6000000000000001,1,1,Chennai Super Kings,bat,Rajiv Gandhi International Stadium,Hyderabad,1.0,0.6363636363636364,0.36363636363636365,0.75,0.65,0.09999999999999998,1
2019-04-18,Mumbai Indians,Delhi Capitals,Mumbai Indians,0,0.5730337078651685,0.5714285714285714,0.0016051364365970988,0.8,0.6,0.20000000000000007,0.0,1.0,-1.0,1,1,Mumbai Indians,bat,Arun Jaitley Stadium,Delhi,0.0,0.0,0.0,0.3,0.0,0.3,1
2019-04-19,Royal Challengers Bangalore,Kolkata Knight Riders,Royal Challengers Bangalore,0,0.4647058823529412,0.5325443786982249,-0.06783849634528372,0.2,0.4,-0.2,0.391304347826087,0.6086956521739131,-0.2173913043478261,0,1,Kolkata Knight Riders,field,Eden Gardens,Kolkata,0.3333333333333333,0.6197183098591549,-0.28638497652582157,0.3333333333333333,0.6197183098591549,-0.28638497652582157,0
2019-04-20,Kings XI Punjab,Delhi Capitals,Delhi Capitals,1,0.46745562130177515,0.5,-0.03254437869822485,0.4,0.6,-0.19999999999999996,1.0,0.0,1.0,0,1,Delhi Capitals,field,Arun Jaitley Stadium,Delhi,1.0,0.0,1.0,0.5,0.0,0.5,0
2019-04-20,Mumbai Indians,Rajasthan Royals,Rajasthan Royals,1,0.5754189944134078,0.5109489051094891,0.06447008930391873,0.8,0.4,0.4,0.5263157894736842,0.47368421052631576,0.05263157894736842,0,1,Rajasthan Royals,field,Sawai Mansingh Stadium,Jaipur,0.3333333333333333,0.6818181818181818,-0.34848484848484845,0.3333333333333333,0.6818181818181818,-0.34848484848484845,0
2019-04-21,Royal Challengers Bangalore,Chennai Super Kings,Royal Challengers Bangalore,0,0.4678362573099415,0.6258064516129033,-0.15797019430296178,0.4,0.8,-0.4,0.3181818181818182,0.6818181818181818,-0.3636363636363636,0,1,Chennai Super Kings,field,M.Chinnaswamy Stadium,Bengaluru,0.45454545454545453,1.0,-0.5454545454545454,0.45454545454545453,1.0,-0.5454545454545454,0
2019-04-21,Kolkata Knight Riders,Sunrisers Hyderabad,Sunrisers Hyderabad,1,0.5294117647058824,0.55,-0.020588235294117685,0.2,0.4,-0.2,0.625,0.375,0.25,0,1,Sunrisers Hyderabad,field,Rajiv Gandhi International Stadium,Hyderabad,1.0,0.6666666666666666,0.33333333333333337,0.7142857142857143,0.6585365853658537,0.05574912891986061,0
2019-04-22,Rajasthan Royals,Delhi Capitals,Delhi Capitals,1,0.5144927536231884,0.5555555555555556,-0.04106280193236722,0.4,0.8,-0.4,0.5,0.5,0.0,0,1,Delhi Capitals,field,Sawai Mansingh Stadium,Jaipur,0.6888888888888889,0.5,0.18888888888888888,0.6888888888888889,0.5,0.18888888888888888,0
2019-04-23,Sunrisers Hyderabad,Chennai Super Kings,Chennai Super Kings,1,0.5544554455445545,0.6217948717948718,-0.0673394262503173,0.4,0.6,-0.19999999999999996,0.2727272727272727,0.7272727272727273,-0.4545454545454546,0,1,Chennai Super Kings,field,MA Chidambaram Stadium,Chennai,0.5,1.0,-0.5,0.0,0.7450980392156863,-0.7450980392156863,0
2019-04-24,Royal Challengers Bangalore,Kings XI Punjab,Royal Challengers Bangalore,0,0.47093023255813954,0.4647058823529412,0.006224350205198348,0.6,0.4,0.19999999999999996,0.4782608695652174,0.5217391304347826,-0.04347826086956519,0,1,Kings XI Punjab,field,M.Chinnaswamy Stadium,Bengaluru,0.5,0.0,0.5,0.5,0.0,0.5,0
2019-04-25,Kolkata Knight Riders,Rajasthan Royals,Rajasthan Royals,1,0.5263157894736842,0.5107913669064749,0.015524422567209317,0.0,0.4,-0.4,0.5882352941176471,0.4117647058823529,0.17647058823529416,0,1,Rajasthan Royals,field,Eden Gardens,Kolkata,0.6111111111111112,0.125,0.48611111111111116,0.6111111111111112,0.125,0.48611111111111116,0
2019-04-26,Mumbai Indians,Chennai Super Kings,Mumbai Indians,0,0.5722222222222222,0.6242038216560509,-0.05198159943382874,0.6,0.6,0.0,0.56,0.44,0.12000000000000005,0,1,Chennai Super Kings,field,MA Chidambaram Stadium,Chennai,0.5,1.0,-0.5,0.5,0.75,-0.25,0
2019-04-27,Sunrisers Hyderabad,Rajasthan Royals,Rajasthan Royals,1,0.5490196078431373,0.5142857142857142,0.03473389355742307,0.4,0.6,-0.19999999999999996,0.6,0.4,0.19999999999999996,0,1,Rajasthan Royals,field,Sawai Mansingh Stadium,Jaipur,0.5,0.6739130434782609,-0.17391304347826086,0.5,0.6739130434782609,-0.17391304347826086,0
2019-04-28,Delhi Capitals,Royal Challengers Bangalore,Delhi Capitals,0,0.6,0.47398843930635837,0.1260115606936416,0.8,0.8,0.0,1.0,0.0,1.0,1,1,Delhi Capitals,bat,Arun Jaitley Stadium,Delhi,0.25,1.0,-0.75,0.25,0.75,-0.5,1
2019-04-28,Kolkata Knight Riders,Mumbai Indians,Kolkata Knight Riders,0,0.5232558139534884,0.574585635359116,-0.051329821405627585,0.0,0.6,-0.6,0.21739130434782608,0.782608695652174,-0.5652173913043479,0,1,Mumbai Indians,field,Eden Gardens,Kolkata,0.6027397260273972,0.8333333333333334,-0.23059360730593614,0.6027397260273972,0.8333333333333334,-0.23059360730593614,0
2019-04-29,Sunrisers Hyderabad,Kings XI Punjab,Sunrisers Hyderabad,0,0.5436893203883495,0.4619883040935672,0.08170101629478227,0.4,0.2,0.2,0.6923076923076923,0.3076923076923077,0.3846153846153846,0,1,Kings XI Punjab,field,Rajiv Gandhi International Stadium,Hyderabad,0.6923076923076923,0.0,0.6923076923076923,0.6666666666666666,0.4444444444444444,0.2222222222222222,0
2019-05-01,Chennai Super Kings,Delhi Capitals,Chennai Super Kings,0,0.620253164556962,0.6363636363636364,-0.016110471806674354,0.4,0.8,-0.4,1.0,0.0,1.0,0,1,Delhi Capitals,field,MA Chidambaram Stadium,Chennai,0.8571428571428571,0.5,0.3571428571428571,0.7358490566037735,0.5,0.23584905660377353,0
2019-05-03,Kings XI Punjab,Kolkata Knight Riders,Kolkata Knight Riders,1,0.45930232558139533,0.5260115606936416,-0.0667092351122463,0.2,0.2,0.0,0.3333333333333333,0.6666666666666666,-0.3333333333333333,0,1,Kolkata Knight Riders,field,Punjab Cricket Association IS Bindra Stadium,Chandigarh,0.875,0.5,0.375,0.5370370370370371,0.5,0.03703703703703709,0
2019-05-04,Rajasthan Royals,Delhi Capitals,Delhi Capitals,1,0.5177304964539007,0.5833333333333334,-0.06560283687943269,0.6,0.6,0.0,0.0,1.0,-1.0,1,1,Rajasthan Royals,bat,Arun Jaitley Stadium,Delhi,0.0,0.4,-0.4,0.5,0.4,0.09999999999999998,1
2019-05-04,Sunrisers Hyderabad,Royal Challengers Bangalore,Royal Challengers Bangalore,1,0.5480769230769231,0.47126436781609193,0.0768125552608312,0.6,0.6,0.0,0.5833333333333334,0.4166666666666667,0.16666666666666669,0,1,Royal Challengers Bangalore,field,M.Chinnaswamy Stadium,Bengaluru,0.0,0.5384615384615384,-0.5384615384615384,0.0,0.5384615384615384,-0.5384615384615384,0
2019-05-05,Chennai Super Kings,Kings XI Punjab,Kings XI Punjab,1,0.6226415094339622,0.45664739884393063,0.1659941105900316,0.4,0.2,0.2,0.631578947368421,0.3684210526315789,0.2631578947368421,0,1,Kings XI Punjab,field,Punjab Cricket Association IS Bindra Stadium,Chandigarh,0.0,0.7777777777777778,-0.7777777777777778,0.6,0.5272727272727272,0.07272727272727275,0
2019-05-05,Kolkata Knight Riders,Mumbai Indians,Mumbai Indians,1,0.5287356321839081,0.5714285714285714,-0.04269293924466333,0.4,0.6,-0.19999999999999996,0.25,0.75,-0.5,0,1,Mumbai Indians,field,Wankhede Stadium,Mumbai,0.125,0.6153846153846154,-0.4903846153846154,0.25,0.6375,-0.38749999999999996,0
2019-05-07,Chennai Super Kings,Mumbai Indians,Mumbai Indians,1,0.61875,0.5737704918032787,0.04497950819672136,0.4,0.6,-0.19999999999999996,0.4230769230769231,0.5769230769230769,-0.1538461538461538,1,1,Chennai Super Kings,bat,MA Chidambaram Stadium,Chennai,0.875,1.0,-0.125,0.7407407407407407,0.5714285714285714,0.1693121693121693,1
2019-05-08,Sunrisers Hyderabad,Delhi Capitals,Delhi Capitals,1,0.5428571428571428,0.6153846153846154,-0.0725274725274726,0.4,0.8,-0.4,0.5,0.5,0.0,0,1,Delhi Capitals,field,Dr. Y.S. Rajasekhara Reddy ACA-VDCA Cricket Stadium,Visakhapatnam,0.6,0.5,0.09999999999999998,0.6,0.5,0.09999999999999998,0
2019-05-10,Delhi Capitals,Chennai Super Kings,Chennai Super Kings,1,0.6428571428571429,0.6149068322981367,0.02795031055900621,0.8,0.4,0.4,0.0,1.0,-1.0,0,1,Chennai Super Kings,field,Dr. Y.S. Rajasekhara Reddy ACA-VDCA Cricket Stadium,Visakhapatnam,1.0,1.0,0.0,1.0,1.0,0.0,0
2019-05-12,Mumbai Indians,Chennai Super Kings,Mumbai Indians,0,0.5760869565217391,0.6172839506172839,-0.04119699409554478,0.6,0.4,0.19999999999999996,0.5925925925925926,0.4074074074074074,0.18518518518518517,1,1,Mumbai Indians,bat,Rajiv Gandhi International Stadium,Hyderabad,0.5,0.5,0.0,0.6,0.6,0.0,1
2020-09-19,Mumbai Indians,Chennai Super Kings,Chennai Super Kings,1,0.5783783783783784,0.6134969325153374,-0.03511855413695908,0.8,0.4,0.4,0.6071428571428571,0.39285714285714285,0.21428571428571425,0,1,Chennai Super Kings,field,Sheikh Zayed Stadium,Abu Dhabi,0.0,0.5,-0.5,0.0,0.5,-0.5,0
2020-09-21,Royal Challengers Bangalore,Sunrisers Hyderabad,Royal Challengers Bangalore,0,0.4742857142857143,0.5377358490566038,-0.06345013477088945,0.8,0.2,0.6000000000000001,0.46153846153846156,0.5384615384615384,-0.07692307692307687,0,1,Sunrisers Hyderabad,field,Dubai International Cricket Stadium,,0.5,1.0,-0.5,0.5,0.5,0.0,0
2020-09-22,Rajasthan Royals,Chennai Super Kings,Rajasthan Royals,0,0.5140845070422535,0.6158536585365854,-0.10176915149433186,0.6,0.4,0.19999999999999996,0.3333333333333333,0.6666666666666666,-0.3333333333333333,0,1,Chennai Super Kings,field,Sharjah Cricket Stadium,,0.0,1.0,-1.0,0.0,1.0,-1.0,0
2020-09-23,Mumbai Indians,Kolkata Knight Riders,Mumbai Indians,0,0.5752688172043011,0.5257142857142857,0.04955453149001543,0.6,0.4,0.19999999999999996,0.76,0.24,0.52,0,1,Kolkata Knight Riders,field,Sheikh Zayed Stadium,Abu Dhabi,0.0,0.5,-0.5,0.0,0.5,-0.5,0
2020-09-24,Kings XI Punjab,Royal Challengers Bangalore,Kings XI Punjab,0,0.45977011494252873,0.4772727272727273,-0.017502612330198564,0.2,0.8,-0.6000000000000001,0.5,0.5,0.0,0,1,Royal Challengers Bangalore,field,Dubai International Cricket Stadium,,1.0,0.6666666666666666,0.33333333333333337,1.0,0.6,0.4,0
2020-09-25,Delhi Capitals,Chennai Super Kings,Delhi Capitals,0,0.6,0.6121212121212121,-0.012121212121212088,0.6,0.4,0.19999999999999996,0.0,1.0,-1.0,0,1,Chennai Super Kings,field,Dubai International Cricket Stadium,,0.5,1.0,-0.5,0.5,0.75,-0.25,0
2020-09-26,Sunrisers Hyderabad,Kolkata Knight Riders,Kolkata Knight Riders,1,0.5327102803738317,0.5227272727272727,0.009983007646559017,0.2,0.4,-0.2,0.4117647058823529,0.5882352941176471,-0.17647058823529416,1,1,Sunrisers Hyderabad,bat,Sheikh Zayed Stadium,Abu Dhabi,0.0,0.3333333333333333,-0.3333333333333333,0.0,0.3333333333333333,-0.3333333333333333,1
2020-09-27,Kings XI Punjab,Rajasthan Royals,Rajasthan Royals,1,0.46285714285714286,0.5174825174825175,-0.054625374625374645,0.4,0.6,-0.19999999999999996,0.4444444444444444,0.5555555555555556,-0.11111111111111116,0,1,Rajasthan Royals,field,Sharjah Cricket Stadium,,1.0,0.5,0.5,1.0,0.3333333333333333,0.6666666666666667,0
2020-09-29,Sunrisers Hyderabad,Delhi Capitals,Sunrisers Hyderabad,0,0.5277777777777778,0.625,-0.09722222222222221,0.2,0.6,-0.39999999999999997,0.3333333333333333,0.6666666666666666,-0.3333333333333333,0,1,Delhi Capitals,field,Sheikh Zayed Stadium,Abu Dhabi,0.0,0.5,-0.5,0.0,0.5,-0.5,0
2020-09-30,Kolkata Knight Riders,Rajasthan Royals,Kolkata Knight Riders,0,0.5254237288135594,0.5208333333333334,0.004590395480225995,0.6,0.8,-0.20000000000000007,0.5555555555555556,0.4444444444444444,0.11111111111111116,0,1,Rajasthan Royals,field,Dubai International Cricket Stadium,,0.0,0.0,0.0,0.5,0.5,0.0,0
2020-10-01,Mumbai Indians,Kings XI Punjab,Mumbai Indians,0,0.5775401069518716,0.4602272727272727,0.11731283422459893,0.8,0.4,0.4,0.5416666666666666,0.4583333333333333,0.08333333333333331,0,1,Kings XI Punjab,field,Sheikh Zayed Stadium,Abu Dhabi,0.3333333333333333,1.0,-0.6666666666666667,0.3333333333333333,1.0,-0.6666666666666667,0
2020-10-02,Sunrisers Hyderabad,Chennai Super Kings,Sunrisers Hyderabad,0,0.5321100917431193,0.608433734939759,-0.07632364319663976,0.2,0.4,-0.2,0.25,0.75,-0.5,1,1,Sunrisers Hyderabad,bat,Dubai International Cricket Stadium,,0.6666666666666666,0.6666666666666666,0.0,0.4,0.6,-0.19999999999999996,1
2020-10-03,Delhi Capitals,Kolkata Knight Riders,Delhi Capitals,0,0.5882352941176471,0.5280898876404494,0.06014540647719768,0.6,0.6,0.0,1.0,0.0,1.0,0,1,Kolkata Knight Riders,field,Sharjah Cricket Stadium,,0.5,1.0,-0.5,1.0,0.6666666666666666,0.33333333333333337,0
2020-10-03,Rajasthan Royals,Royal Challengers Bangalore,Royal Challengers Bangalore,1,0.5172413793103449,0.4745762711864407,0.04266510812390417,0.6,0.6,0.0,0.5555555555555556,0.4444444444444444,0.11111111111111116,1,1,Rajasthan Royals,bat,Sheikh Zayed Stadium,Abu Dhabi,1.0,0.0,1.0,1.0,0.0,1.0,1
2020-10-04,Mumbai Indians,Sunrisers Hyderabad,Mumbai Indians,0,0.5797872340425532,0.5363636363636364,0.04342359767891679,0.8,0.4,0.4,0.46153846153846156,0.5384615384615384,-0.07692307692307687,1,1,Mumbai Indians,bat,Sharjah Cricket Stadium,,0.0,0.0,0.0,0.0,0.5,-0.5,1
2020-10-04,Kings XI Punjab,Chennai Super Kings,Chennai Super Kings,1,0.4576271186440678,0.6047904191616766,-0.14716330051760884,0.4,0.2,0.2,0.4,0.6,-0.19999999999999996,1,1,Kings XI Punjab,bat,Dubai International Cricket Stadium,,1.0,0.5,0.5,0.8,0.5,0.30000000000000004,1
2020-10-05,Delhi Capitals,Royal Challengers Bangalore,Delhi Capitals,0,0.6111111111111112,0.47752808988764045,0.1335830212234707,0.6,0.6,0.0,1.0,0.0,1.0,0,1,Royal Challengers Bangalore,field,Dubai International Cricket Stadium,,1.0,0.5,0.5,1.0,0.5,0.5,0
2020-10-06,Mumbai Indians,Rajasthan Royals,Mumbai Indians,0,0.582010582010582,0.5136986301369864,0.06831195187359562,0.8,0.4,0.4,0.5,0.5,0.0,1,1,Mumbai Indians,bat,Sheikh Zayed Stadium,Abu Dhabi,0.5,0.6666666666666666,-0.16666666666666663,0.5,0.6666666666666666,-0.16666666666666663,1
2020-10-07,Kolkata Knight Riders,Chennai Super Kings,Kolkata Knight Riders,0,0.5251396648044693,0.6071428571428571,-0.08200319233838782,0.4,0.4,0.0,0.35,0.65,-0.30000000000000004,1,1,Kolkata Knight Riders,bat,Sheikh Zayed Stadium,Abu Dhabi,0.5,0.6666666666666666,-0.16666666666666663,0.5,0.6666666666666666,-0.16666666666666663,1
2020-10-08,Sunrisers Hyderabad,Kings XI Punjab,Sunrisers Hyderabad,0,0.5315315315315315,0.4550561797752809,0.07647535175625064,0.4,0.4,0.0,0.7142857142857143,0.2857142857142857,0.4285714285714286,1,1,Sunrisers Hyderabad,bat,Dubai International Cricket Stadium,,0.75,0.6666666666666666,0.08333333333333337,0.42857142857142855,0.6666666666666666,-0.23809523809523808,1
2020-10-09,Delhi Capitals,Rajasthan Royals,Delhi Capitals,0,0.631578947368421,0.5102040816326531,0.12137486573576795,0.6,0.4,0.19999999999999996,1.0,0.0,1.0,0,1,Rajasthan Royals,field,Sharjah Cricket Stadium,,1.0,0.6666666666666666,0.33333333333333337,1.0,0.4,0.6,0
2020-10-10,Royal Challengers Bangalore,Chennai Super Kings,Royal Challengers Bangalore,0,0.4748603351955307,0.6035502958579881,-0.12868996066245741,0.6,0.2,0.39999999999999997,0.34782608695652173,0.6521739130434783,-0.30434782608695654,1,1,Royal Challengers Bangalore,bat,Dubai International Cricket Stadium,,0.4,0.6,-0.19999999999999996,0.42857142857142855,0.5714285714285714,-0.14285714285714285,1
2020-10-10,Kolkata Knight Riders,Kings XI Punjab,Kolkata Knight Riders,0,0.5277777777777778,0.45251396648044695,0.07526381129733084,0.6,0.2,0.39999999999999997,0.68,0.32,0.36000000000000004,1,1,Kolkata Knight Riders,bat,Sheikh Zayed Stadium,Abu Dhabi,0.6,0.6666666666666666,-0.06666666666666665,0.6,0.6666666666666666,-0.06666666666666665,1
2020-10-11,Delhi Capitals,Mumbai Indians,Mumbai Indians,1,0.65,0.5842105263157895,0.06578947368421051,0.8,0.8,0.0,0.5,0.5,0.0,1,1,Delhi Capitals,bat,Sheikh Zayed Stadium,Abu Dhabi,0.0,0.6,-0.6,0.0,0.6,-0.6,1
2020-10-11,Sunrisers Hyderabad,Rajasthan Royals,Rajasthan Royals,1,0.5357142857142857,0.5067567567567568,0.0289575289575289,0.6,0.2,0.39999999999999997,0.5454545454545454,0.45454545454545453,0.09090909090909088,1,1,Sunrisers Hyderabad,bat,Dubai International Cricket Stadium,,0.8,0.0,0.8,0.5,0.3333333333333333,0.16666666666666669,1
2020-10-12,Royal Challengers Bangalore,Kolkata Knight Riders,Royal Challengers Bangalore,0,0.4777777777777778,0.5303867403314917,-0.05260896255371389,0.6,0.8,-0.20000000000000007,0.4166666666666667,0.5833333333333334,-0.16666666666666669,1,1,Royal Challengers Bangalore,bat,Sharjah Cricket Stadium,,0.5,0.5,0.0,0.5,0.5,0.0,1
2020-10-13,Chennai Super Kings,Sunrisers Hyderabad,Chennai Super Kings,0,0.6,0.5309734513274337,0.0690265486725663,0.2,0.6,-0.39999999999999997,0.6923076923076923,0.3076923076923077,0.3846153846153846,1,1,Chennai Super Kings,bat,Dubai International Cricket Stadium,,0.5,0.6666666666666666,-0.16666666666666663,0.5,0.4444444444444444,0.05555555555555558,1
2020-10-14,Delhi Capitals,Rajasthan Royals,Delhi Capitals,0,0.6190476190476191,0.5100671140939598,0.1089805049536593,0.6,0.2,0.39999999999999997,1.0,0.0,1.0,1,1,Delhi Capitals,bat,Dubai International Cricket Stadium,,1.0,0.3333333333333333,0.6666666666666667,1.0,0.42857142857142855,0.5714285714285714,1
2020-10-15,Royal Challengers Bangalore,Kings XI Punjab,Kings XI Punjab,1,0.48066298342541436,0.45,0.030662983425414347,0.6,0.0,0.6,0.48,0.52,-0.040000000000000036,1,1,Royal Challengers Bangalore,bat,Sharjah Cricket Stadium,,0.6666666666666666,0.6666666666666666,0.0,0.5555555555555556,0.5714285714285714,-0.015873015873015817,1
2020-10-16,Kolkata Knight Riders,Mumbai Indians,Mumbai Indians,1,0.5274725274725275,0.5863874345549738,-0.05891490708244629,0.6,1.0,-0.4,0.23076923076923078,0.7692307692307693,-0.5384615384615385,1,1,Kolkata Knight Riders,bat,Sheikh Zayed Stadium,Abu Dhabi,0.6666666666666666,0.6666666666666666,0.0,0.6666666666666666,0.6666666666666666,0.0,1
2020-10-17,Chennai Super Kings,Delhi Capitals,Delhi Capitals,1,0.6023391812865497,0.6363636363636364,-0.034024455077086624,0.4,0.8,-0.4,0.75,0.25,0.5,1,1,Chennai Super Kings,bat,Sharjah Cricket Stadium,,0.5,1.0,-0.5,0.5555555555555556,1.0,-0.4444444444444444,1
2020-10-17,Rajasthan Royals,Royal Challengers Bangalore,Royal Challengers Bangalore,1,0.5066666666666667,0.47802197802197804,0.028644688644688665,0.2,0.6,-0.39999999999999997,0.5263157894736842,0.47368421052631576,0.05263157894736842,1,1,Rajasthan Royals,bat,Dubai International Cricket Stadium,,0.25,0.5,-0.25,0.375,0.5,-0.125,1
2020-10-19,Chennai Super Kings,Rajasthan Royals,Rajasthan Royals,1,0.5988372093023255,0.5033112582781457,0.09552595102417982,0.4,0.2,0.2,0.6363636363636364,0.36363636363636365,0.2727272727272727,1,1,Chennai Super Kings,bat,Sheikh Zayed Stadium,Abu Dhabi,0.5,0.5,0.0,0.5,0.5,0.0,1
2020-10-20,Delhi Capitals,Kings XI Punjab,Kings XI Punjab,1,0.6521739130434783,0.4530386740331492,0.1991352390103291,0.8,0.2,0.6000000000000001,0.5,0.5,0.0,1,1,Delhi Capitals,bat,Dubai International Cricket Stadium,,1.0,0.5,0.5,1.0,0.625,0.375,1
2020-10-21,Kolkata Knight Riders,Royal Challengers Bangalore,Royal Challengers Bangalore,1,0.5245901639344263,0.4808743169398907,0.04371584699453557,0.4,0.6,-0.19999999999999996,0.56,0.44,0.12000000000000005,1,1,Kolkata Knight Riders,bat,Sheikh Zayed Stadium,Abu Dhabi,0.5714285714285714,0.5,0.0714285714285714,0.5714285714285714,0.5,0.0714285714285714,1
2020-10-22,Rajasthan Royals,Sunrisers Hyderabad,Sunrisers Hyderabad,1,0.506578947368421,0.5263157894736842,-0.019736842105263164,0.4,0.4,0.0,0.5,0.5,0.0,0,1,Sunrisers Hyderabad,field,Dubai International Cricket Stadium,,0.2,0.5714285714285714,-0.3714285714285714,0.3333333333333333,0.4,-0.06666666666666671,0
2020-10-23,Chennai Super Kings,Mumbai Indians,Mumbai Indians,1,0.5953757225433526,0.5885416666666666,0.006834055876685952,0.2,1.0,-0.8,0.41379310344827586,0.5862068965517241,-0.17241379310344823,0,1,Mumbai Indians,field,Sharjah Cricket Stadium,,0.3333333333333333,0.5,-0.16666666666666669,0.5,0.2,0.3,0
2020-10-24,Kolkata Knight Riders,Delhi Capitals,Kolkata Knight Riders,0,0.5217391304347826,0.625,-0.1032608695652174,0.4,0.6,-0.19999999999999996,0.0,1.0,-1.0,0,1,Delhi Capitals,field,Sheikh Zayed Stadium,Abu Dhabi,0.5,0.0,0.5,0.5,0.0,0.5,0
2020-10-24,Kings XI Punjab,Sunrisers Hyderabad,Kings XI Punjab,0,0.45604395604395603,0.5304347826086957,-0.07439082656473966,0.4,0.4,0.0,0.26666666666666666,0.7333333333333333,-0.4666666666666666,0,1,Sunrisers Hyderabad,field,Dubai International Cricket Stadium,,0.6,0.625,-0.025000000000000022,0.6666666666666666,0.45454545454545453,0.2121212121212121,0
2020-10-25,Royal Challengers Bangalore,Chennai Super Kings,Chennai Super Kings,1,0.483695652173913,0.5919540229885057,-0.10825837081459272,0.8,0.2,0.6000000000000001,0.375,0.625,-0.25,1,1,Royal Challengers Bangalore,bat,Dubai International Cricket Stadium,,0.5714285714285714,0.5714285714285714,0.0,0.5454545454545454,0.45454545454545453,0.09090909090909088,1
2020-10-25,Mumbai Indians,Rajasthan Royals,Rajasthan Royals,1,0.5906735751295337,0.5032679738562091,0.08740560127332453,1.0,0.4,0.6,0.5238095238095238,0.47619047619047616,0.04761904761904767,1,1,Mumbai Indians,bat,Sheikh Zayed Stadium,Abu Dhabi,0.7142857142857143,0.6,0.11428571428571432,0.7142857142857143,0.6,0.11428571428571432,1
2020-10-26,Kolkata Knight Riders,Kings XI Punjab,Kings XI Punjab,1,0.5243243243243243,0.45901639344262296,0.06530793088170134,0.4,0.6,-0.19999999999999996,0.6923076923076923,0.3076923076923077,0.3846153846153846,0,1,Kings XI Punjab,field,Sharjah Cricket Stadium,,0.3333333333333333,0.75,-0.4166666666666667,0.4,0.7,-0.29999999999999993,0
2020-10-27,Sunrisers Hyderabad,Delhi Capitals,Sunrisers Hyderabad,0,0.5258620689655172,0.6,-0.07413793103448274,0.4,0.4,0.0,0.5,0.5,0.0,0,1,Delhi Capitals,field,Dubai International Cricket Stadium,,0.5555555555555556,0.75,-0.19444444444444442,0.4166666666666667,0.8571428571428571,-0.4404761904761904,0
2020-10-28,Royal Challengers Bangalore,Mumbai Indians,Mumbai Indians,1,0.4810810810810811,0.5876288659793815,-0.10654778489830036,0.6,0.8,-0.20000000000000007,0.36,0.64,-0.28,0,1,Mumbai Indians,field,Sheikh Zayed Stadium,Abu Dhabi,0.6666666666666666,0.625,0.04166666666666663,0.6666666666666666,0.625,0.04166666666666663,0
2020-10-29,Kolkata Knight Riders,Chennai Super Kings,Chennai Super Kings,1,0.521505376344086,0.5942857142857143,-0.0727803379416283,0.2,0.4,-0.2,0.38095238095238093,0.6190476190476191,-0.23809523809523814,0,1,Chennai Super Kings,field,Dubai International Cricket Stadium,,0.5,0.625,-0.125,0.3333333333333333,0.5,-0.16666666666666669,0
2020-10-30,Kings XI Punjab,Rajasthan Royals,Rajasthan Royals,1,0.46195652173913043,0.5064935064935064,-0.04453698475437601,0.8,0.4,0.4,0.42105263157894735,0.5789473684210527,-0.1578947368421053,0,1,Rajasthan Royals,field,Sheikh Zayed Stadium,Abu Dhabi,0.5,0.6666666666666666,-0.16666666666666663,0.5,0.6666666666666666,-0.16666666666666663,0
2020-10-31,Royal Challengers Bangalore,Sunrisers Hyderabad,Sunrisers Hyderabad,1,0.478494623655914,0.5299145299145299,-0.05141990625861592,0.4,0.4,0.0,0.5,0.5,0.0,0,1,Sunrisers Hyderabad,field,Sharjah Cricket Stadium,,0.5,0.0,0.5,0.5,0.46153846153846156,0.038461538461538436,0
2020-10-31,Delhi Capitals,Mumbai Indians,Mumbai Indians,1,0.5769230769230769,0.5897435897435898,-0.012820512820512886,0.4,0.8,-0.4,0.3333333333333333,0.6666666666666666,-0.3333333333333333,0,1,Mumbai Indians,field,Dubai International Cricket Stadium,,0.6,0.0,0.6,0.75,0.3333333333333333,0.4166666666666667,0
2020-11-01,Kings XI Punjab,Chennai Super Kings,Chennai Super Kings,1,0.4594594594594595,0.5965909090909091,-0.13713144963144958,0.8,0.4,0.4,0.38095238095238093,0.6190476190476191,-0.23809523809523814,0,1,Chennai Super Kings,field,Sheikh Zayed Stadium,Abu Dhabi,0.4,0.4,0.0,0.4,0.4,0.0,0
2020-11-01,Kolkata Knight Riders,Rajasthan Royals,Kolkata Knight Riders,0,0.5187165775401069,0.5096774193548387,0.009039158185268237,0.2,0.6,-0.39999999999999997,0.5789473684210527,0.42105263157894735,0.1578947368421053,0,1,Rajasthan Royals,field,Dubai International Cricket Stadium,,0.3333333333333333,0.16666666666666666,0.16666666666666666,0.2857142857142857,0.3,-0.01428571428571429,0
2020-11-02,Royal Challengers Bangalore,Delhi Capitals,Delhi Capitals,1,0.47593582887700536,0.5555555555555556,-0.07961972667855022,0.4,0.2,0.2,0.0,1.0,-1.0,0,1,Delhi Capitals,field,Sheikh Zayed Stadium,Abu Dhabi,0.5,0.0,0.5,0.5,0.0,0.5,0
2020-11-03,Mumbai Indians,Sunrisers Hyderabad,Sunrisers Hyderabad,1,0.5918367346938775,0.5338983050847458,0.05793842960913176,0.8,0.6,0.20000000000000007,0.5,0.5,0.0,0,1,Sunrisers Hyderabad,field,Sharjah Cricket Stadium,,0.6666666666666666,0.25,0.41666666666666663,0.42857142857142855,0.5,-0.07142857142857145,0
2020-11-05,Mumbai Indians,Delhi Capitals,Mumbai Indians,0,0.5888324873096447,0.5714285714285714,0.017403915881073262,0.6,0.2,0.39999999999999997,0.75,0.25,0.5,0,1,Delhi Capitals,field,Dubai International Cricket Stadium,,0.25,0.5,-0.25,0.375,0.6666666666666666,-0.29166666666666663,0
2020-11-06,Royal Challengers Bangalore,Sunrisers Hyderabad,Sunrisers Hyderabad,1,0.4734042553191489,0.5378151260504201,-0.06441087073127122,0.2,0.8,-0.6000000000000001,0.4666666666666667,0.5333333333333333,-0.06666666666666665,0,1,Sunrisers Hyderabad,field,Sheikh Zayed Stadium,Abu Dhabi,0.4,0.3333333333333333,0.06666666666666671,0.4,0.3333333333333333,0.06666666666666671,0
2020-11-08,Delhi Capitals,Sunrisers Hyderabad,Delhi Capitals,0,0.5517241379310345,0.5416666666666666,0.010057471264367845,0.2,0.8,-0.6000000000000001,0.4,0.6,-0.19999999999999996,1,1,Delhi Capitals,bat,Sheikh Zayed Stadium,Abu Dhabi,0.25,0.5,-0.25,0.25,0.5,-0.25,1
2020-11-10,Delhi Capitals,Mumbai Indians,Mumbai Indians,1,0.5666666666666667,0.5909090909090909,-0.024242424242424288,0.4,0.6,-0.19999999999999996,0.2,0.8,-0.6000000000000001,1,1,Delhi Capitals,bat,Dubai International Cricket Stadium,,0.42857142857142855,0.4,0.028571428571428525,0.6,0.4444444444444444,0.15555555555555556,1
2021-04-09,Mumbai Indians,Royal Challengers Bangalore,Royal Challengers Bangalore,1,0.592964824120603,0.4708994708994709,0.12206535322113216,0.8,0.0,0.8,0.6538461538461539,0.34615384615384615,0.3076923076923077,0,1,Royal Challengers Bangalore,field,"MA Chidambaram Stadium, Chepauk, Chennai",Chennai,0.5,0.5,0.0,0.625,0.2222222222222222,0.4027777777777778,0
2021-04-10,Chennai Super Kings,Delhi Capitals,Delhi Capitals,1,0.5988700564971752,0.5483870967741935,0.05048295972298167,0.6,0.4,0.19999999999999996,0.6,0.4,0.19999999999999996,0,1,Delhi Capitals,field,"Wankhede Stadium, Mumbai",Mumbai,0.5,0.5,0.0,0.55,1.0,-0.44999999999999996,0
2021-04-11,Kolkata Knight Riders,Sunrisers Hyderabad,Kolkata Knight Riders,0,0.5212765957446809,0.5371900826446281,-0.015913486899947205,0.4,0.8,-0.4,0.6111111111111112,0.3888888888888889,0.22222222222222227,0,1,Sunrisers Hyderabad,field,"MA Chidambaram Stadium, Chepauk, Chennai",Chennai,0.5,0.5,0.0,0.2222222222222222,0.0,0.2222222222222222,0
2021-04-12,Punjab Kings,Rajasthan Royals,Punjab Kings,0,0.5,0.5064102564102564,-0.0064102564102563875,0.5,0.6,-0.09999999999999998,0.5,0.5,0.0,0,1,Rajasthan Royals,field,"Wankhede Stadium, Mumbai",Mumbai,0.5,0.5,0.0,0.5,0.5,0.0,0
2021-04-13,Mumbai Indians,Kolkata Knight Riders,Mumbai Indians,0,0.59,0.5238095238095238,0.06619047619047613,0.6,0.6,0.0,0.7777777777777778,0.2222222222222222,0.5555555555555556,0,1,Kolkata Knight Riders,field,"MA Chidambaram Stadium, Chepauk, Chennai",Chennai,0.0,1.0,-1.0,0.5555555555555556,0.3,0.2555555555555556,0
2021-04-14,Royal Challengers Bangalore,Sunrisers Hyderabad,Royal Challengers Bangalore,0,0.47368421052631576,0.5327868852459017,-0.05910267471958591,0.2,0.6,-0.39999999999999997,0.4375,0.5625,-0.125,0,1,Sunrisers Hyderabad,field,"MA Chidambaram Stadium, Chepauk, Chennai",Chennai,1.0,0.0,1.0,0.3,0.0,0.3,0
2021-04-15,Delhi Capitals,Rajasthan Royals,Rajasthan Royals,1,0.5625,0.5031847133757962,0.05931528662420382,0.6,0.4,0.19999999999999996,1.0,0.0,1.0,0,1,Rajasthan Royals,field,"Wankhede Stadium, Mumbai",Mumbai,1.0,0.0,1.0,1.0,0.4666666666666667,0.5333333333333333,0
2021-04-16,Punjab Kings,Chennai Super Kings,Chennai Super Kings,1,1.0,0.5955056179775281,0.4044943820224719,1.0,0.6,0.4,0.5,0.5,0.0,0,1,Chennai Super Kings,field,"Wankhede Stadium, Mumbai",Mumbai,1.0,0.0,1.0,1.0,0.5238095238095238,0.47619047619047616,0
2021-04-17,Mumbai Indians,Sunrisers Hyderabad,Mumbai Indians,0,0.5920398009950248,0.5284552845528455,0.06358451644217933,0.6,0.4,0.19999999999999996,0.4666666666666667,0.5333333333333333,-0.06666666666666665,1,1,Mumbai Indians,bat,"MA Chidambaram Stadium, Chepauk, Chennai",Chennai,0.5,0.0,0.5,0.6,0.0,0.6,1
2021-04-18,Royal Challengers Bangalore,Kolkata Knight Riders,Royal Challengers Bangalore,0,0.47643979057591623,0.5210526315789473,-0.04461284100303109,0.4,0.4,0.0,0.46153846153846156,0.5384615384615384,-0.07692307692307687,1,1,Royal Challengers Bangalore,bat,"MA Chidambaram Stadium, Chepauk, Chennai",Chennai,1.0,0.5,0.5,0.36363636363636365,0.2727272727272727,0.09090909090909094,1
2021-04-18,Punjab Kings,Delhi Capitals,Delhi Capitals,1,0.5,0.5454545454545454,-0.045454545454545414,0.5,0.4,0.09999999999999998,0.5,0.5,0.0,0,1,Delhi Capitals,field,"Wankhede Stadium, Mumbai",Mumbai,0.5,0.5,0.0,0.5,0.6666666666666666,-0.16666666666666663,0
2021-04-19,Chennai Super Kings,Rajasthan Royals,Chennai Super Kings,0,0.5977653631284916,0.5063291139240507,0.09143624920444093,0.8,0.6,0.20000000000000007,0.6086956521739131,0.391304347826087,0.2173913043478261,0,1,Rajasthan Royals,field,"Wankhede Stadium, Mumbai",Mumbai,0.5,0.5,0.0,0.5454545454545454,0.5,0.045454545454545414,0
2021-04-20,Mumbai Indians,Delhi Capitals,Delhi Capitals,1,0.594059405940594,0.5588235294117647,0.03523587652882931,0.8,0.6,0.20000000000000007,0.8333333333333334,0.16666666666666666,0.6666666666666667,1,1,Mumbai Indians,bat,"MA Chidambaram Stadium, Chepauk, Chennai",Chennai,0.6666666666666666,0.5,0.16666666666666663,0.6363636363636364,0.0,0.6363636363636364,1
2021-04-21,Chennai Super Kings,Kolkata Knight Riders,Chennai Super Kings,0,0.6,0.518324607329843,0.081675392670157,0.8,0.4,0.4,0.6363636363636364,0.36363636363636365,0.2727272727272727,0,1,Kolkata Knight Riders,field,"Wankhede Stadium, Mumbai",Mumbai,0.6666666666666666,0.5,0.16666666666666663,0.5652173913043478,0.23076923076923078,0.334448160535117,0
2021-04-21,Punjab Kings,Sunrisers Hyderabad,Sunrisers Hyderabad,1,0.3333333333333333,0.5241935483870968,-0.19086021505376344,0.3333333333333333,0.2,0.1333333333333333,0.5,0.5,0.0,1,1,Punjab Kings,bat,"MA Chidambaram Stadium, Chepauk, Chennai",Chennai,0.5,0.0,0.5,0.5,0.0,0.5,1
2021-04-22,Rajasthan Royals,Royal Challengers Bangalore,Royal Challengers Bangalore,1,0.5031446540880503,0.4791666666666667,0.02397798742138363,0.4,0.6,-0.19999999999999996,0.5,0.5,0.0,0,1,Royal Challengers Bangalore,field,"Wankhede Stadium, Mumbai",Mumbai,0.3333333333333333,0.5,-0.16666666666666669,0.47058823529411764,0.38461538461538464,0.085972850678733,0
2021-04-23,Mumbai Indians,Punjab Kings,Punjab Kings,1,0.5911330049261084,0.25,0.34113300492610843,0.6,0.25,0.35,0.5,0.5,0.0,0,1,Punjab Kings,field,"MA Chidambaram Stadium, Chepauk, Chennai",Chennai,0.5,0.0,0.5,0.5833333333333334,0.0,0.5833333333333334,0
2021-04-24,Kolkata Knight Riders,Rajasthan Royals,Rajasthan Royals,1,0.515625,0.5,0.015625,0.4,0.2,0.2,0.6,0.4,0.19999999999999996,0,1,Rajasthan Royals,field,"Wankhede Stadium, Mumbai",Mumbai,0.0,0.25,-0.25,0.21428571428571427,0.4444444444444444,-0.23015873015873015,0
2021-04-25,Chennai Super Kings,Royal Challengers Bangalore,Chennai Super Kings,0,0.6022099447513812,0.48186528497409326,0.12034465977728798,0.8,0.8,0.0,0.64,0.36,0.28,1,1,Chennai Super Kings,bat,"Wankhede Stadium, Mumbai",Mumbai,0.75,1.0,-0.25,0.5833333333333334,0.42857142857142855,0.15476190476190482,1
2021-04-26,Punjab Kings,Kolkata Knight Riders,Kolkata Knight Riders,1,0.4,0.5129533678756477,-0.11295336787564769,0.4,0.2,0.2,0.5,0.5,0.0,0,1,Kolkata Knight Riders,field,"Narendra Modi Stadium, Ahmedabad",Ahmedabad,0.5,0.5,0.0,0.5,0.0,0.5,0
2021-04-27,Royal Challengers Bangalore,Delhi Capitals,Royal Challengers Bangalore,0,0.4793814432989691,0.5714285714285714,-0.09204712812960231,0.8,0.6,0.20000000000000007,0.0,1.0,-1.0,0,1,Delhi Capitals,field,"Narendra Modi Stadium, Ahmedabad",Ahmedabad,0.5,0.5,0.0,1.0,0.5,0.5,0
2021-04-28,Sunrisers Hyderabad,Chennai Super Kings,Chennai Super Kings,1,0.528,0.6043956043956044,-0.07639560439560433,0.2,0.8,-0.6000000000000001,0.2857142857142857,0.7142857142857143,-0.4285714285714286,1,1,Sunrisers Hyderabad,bat,"Arun Jaitley Stadium, Delhi",Delhi,0.5,0.5,0.0,0.75,0.75,0.0,1
2021-04-29,Kolkata Knight Riders,Delhi Capitals,Delhi Capitals,1,0.5154639175257731,0.5555555555555556,-0.04009163802978244,0.2,0.6,-0.39999999999999997,0.3333333333333333,0.6666666666666666,-0.3333333333333333,0,1,Delhi Capitals,field,"Narendra Modi Stadium, Ahmedabad",Ahmedabad,1.0,0.0,1.0,0.3333333333333333,0.0,0.3333333333333333,0
2021-04-29,Rajasthan Royals,Mumbai Indians,Mumbai Indians,1,0.5031055900621118,0.5882352941176471,-0.08512970405553533,0.4,0.4,0.0,0.5,0.5,0.0,0,1,Mumbai Indians,field,"Arun Jaitley Stadium, Delhi",Delhi,0.5,0.5,0.0,0.4444444444444444,0.36363636363636365,0.08080808080808077,0
2021-04-30,Punjab Kings,Royal Challengers Bangalore,Punjab Kings,0,0.3333333333333333,0.48205128205128206,-0.14871794871794874,0.2,0.8,-0.6000000000000001,0.5,0.5,0.0,0,1,Royal Challengers Bangalore,field,"Narendra Modi Stadium, Ahmedabad",Ahmedabad,0.0,1.0,-1.0,0.0,1.0,-1.0,0
2021-05-01,Chennai Super Kings,Mumbai Indians,Mumbai Indians,1,0.6065573770491803,0.5902439024390244,0.016313474610155976,1.0,0.6,0.4,0.4,0.6,-0.19999999999999996,0,1,Mumbai Indians,field,"Arun Jaitley Stadium, Delhi",Delhi,1.0,1.0,0.0,0.7777777777777778,0.4166666666666667,0.3611111111111111,0
2021-05-02,Rajasthan Royals,Sunrisers Hyderabad,Rajasthan Royals,0,0.5,0.5238095238095238,-0.023809523809523836,0.4,0.2,0.2,0.46153846153846156,0.5384615384615384,-0.07692307692307687,0,1,Sunrisers Hyderabad,field,"Arun Jaitley Stadium, Delhi",Delhi,0.0,0.0,0.0,0.4,0.6666666666666666,-0.2666666666666666,0
2021-05-02,Punjab Kings,Delhi Capitals,Delhi Capitals,1,0.42857142857142855,0.5675675675675675,-0.138996138996139,0.4,0.6,-0.19999999999999996,0.0,1.0,-1.0,0,1,Delhi Capitals,field,"Narendra Modi Stadium, Ahmedabad",Ahmedabad,0.5,0.5,0.0,0.5,0.5,0.0,0
2021-09-19,Chennai Super Kings,Mumbai Indians,Chennai Super Kings,0,0.6032608695652174,0.5922330097087378,0.011027859856479583,0.8,0.6,0.20000000000000007,0.3870967741935484,0.6129032258064516,-0.22580645161290325,1,1,Chennai Super Kings,bat,Dubai International Cricket Stadium,Dubai,0.6666666666666666,0.5,0.16666666666666663,0.5,0.5,0.0,1
2021-09-20,Royal Challengers Bangalore,Kolkata Knight Riders,Kolkata Knight Riders,1,0.47959183673469385,0.5128205128205128,-0.03322867608581892,0.6,0.2,0.39999999999999997,0.48148148148148145,0.5185185185185185,-0.037037037037037035,1,1,Royal Challengers Bangalore,bat,"Zayed Cricket Stadium, Abu Dhabi",Abu Dhabi,0.5,0.5,0.0,0.3333333333333333,0.5555555555555556,-0.22222222222222227,1
2021-09-21,Rajasthan Royals,Punjab Kings,Rajasthan Royals,0,0.5030674846625767,0.375,0.12806748466257667,0.4,0.4,0.0,0.0,1.0,-1.0,0,1,Punjab Kings,field,Dubai International Cricket Stadium,Dubai,0.14285714285714285,0.5,-0.35714285714285715,0.5,0.5,0.0,0
2021-09-22,Sunrisers Hyderabad,Delhi Capitals,Delhi Capitals,1,0.5196850393700787,0.5789473684210527,-0.05926232905097395,0.2,0.8,-0.6000000000000001,0.5,0.5,0.0,1,1,Sunrisers Hyderabad,bat,Dubai International Cricket Stadium,Dubai,0.6,0.375,0.22499999999999998,0.5,0.5,0.0,1
2021-09-23,Mumbai Indians,Kolkata Knight Riders,Kolkata Knight Riders,1,0.5893719806763285,0.5153061224489796,0.0740658582273489,0.4,0.4,0.0,0.7857142857142857,0.21428571428571427,0.5714285714285714,0,1,Kolkata Knight Riders,field,"Zayed Cricket Stadium, Abu Dhabi",Abu Dhabi,0.5,1.0,-0.5,0.6666666666666666,0.6,0.06666666666666665,0
2021-09-24,Royal Challengers Bangalore,Chennai Super Kings,Chennai Super Kings,1,0.47715736040609136,0.6054054054054054,-0.12824804499931408,0.4,0.8,-0.4,0.34615384615384615,0.6538461538461539,-0.3076923076923077,0,1,Chennai Super Kings,field,Sharjah Cricket Stadium,Sharjah,0.4,0.25,0.15000000000000002,0.5,0.5,0.0,0
2021-09-25,Punjab Kings,Sunrisers Hyderabad,Punjab Kings,0,0.3333333333333333,0.515625,-0.18229166666666669,0.4,0.2,0.2,0.0,1.0,-1.0,0,1,Sunrisers Hyderabad,field,Sharjah Cricket Stadium,Sharjah,0.5,0.4,0.09999999999999998,0.5,0.5,0.0,0
2021-09-25,Delhi Capitals,Rajasthan Royals,Delhi Capitals,0,0.5897435897435898,0.5060975609756098,0.08364602876798,0.8,0.6,0.20000000000000007,0.8,0.2,0.6000000000000001,0,1,Rajasthan Royals,field,"Zayed Cricket Stadium, Abu Dhabi",Abu Dhabi,0.5,0.5,0.0,0.4,0.7142857142857143,-0.3142857142857143,0
2021-09-26,Kolkata Knight Riders,Chennai Super Kings,Chennai Super Kings,1,0.5177664974619289,0.6075268817204301,-0.08976038425850119,0.6,0.8,-0.20000000000000007,0.34782608695652173,0.6521739130434783,-0.30434782608695654,1,1,Kolkata Knight Riders,bat,"Zayed Cricket Stadium, Abu Dhabi",Abu Dhabi,1.0,0.5,0.5,0.6363636363636364,0.5,0.13636363636363635,1
2021-09-26,Royal Challengers Bangalore,Mumbai Indians,Royal Challengers Bangalore,0,0.47474747474747475,0.5865384615384616,-0.11179098679098681,0.2,0.4,-0.2,0.37037037037037035,0.6296296296296297,-0.2592592592592593,0,1,Mumbai Indians,field,Dubai International Cricket Stadium,Dubai,0.5,0.42857142857142855,0.07142857142857145,0.5,0.0,0.5,0
2021-09-27,Rajasthan Royals,Sunrisers Hyderabad,Sunrisers Hyderabad,1,0.503030303030303,0.5116279069767442,-0.008597603946441157,0.6,0.2,0.39999999999999997,0.5,0.5,0.0,1,1,Rajasthan Royals,bat,Dubai International Cricket Stadium,Dubai,0.25,0.5454545454545454,-0.2954545454545454,1.0,0.0,1.0,1
2021-09-28,Delhi Capitals,Kolkata Knight Riders,Kolkata Knight Riders,1,0.6,0.5151515151515151,0.08484848484848484,0.8,0.6,0.20000000000000007,0.75,0.25,0.5,0,1,Kolkata Knight Riders,field,Sharjah Cricket Stadium,Sharjah,1.0,0.25,0.75,0.5,0.5,0.0,0
2021-09-28,Punjab Kings,Mumbai Indians,Mumbai Indians,1,0.4,0.583732057416268,-0.18373205741626797,0.4,0.4,0.0,1.0,0.0,1.0,0,1,Mumbai Indians,field,"Zayed Cricket Stadium, Abu Dhabi",Abu Dhabi,0.5,0.0,0.5,0.5,0.6,-0.09999999999999998,0
2021-09-29,Rajasthan Royals,Royal Challengers Bangalore,Royal Challengers Bangalore,1,0.5,0.47738693467336685,0.022613065326633153,0.4,0.4,0.0,0.47619047619047616,0.5238095238095238,-0.04761904761904767,0,1,Royal Challengers Bangalore,field,Dubai International Cricket Stadium,Dubai,0.2222222222222222,0.5555555555555556,-0.33333333333333337,0.5,1.0,-0.5,0
2021-09-30,Sunrisers Hyderabad,Chennai Super Kings,Chennai Super Kings,1,0.5153846153846153,0.6096256684491979,-0.09424105306458253,0.2,0.8,-0.6000000000000001,0.26666666666666666,0.7333333333333333,-0.4666666666666666,0,1,Chennai Super Kings,field,Sharjah Cricket Stadium,Sharjah,0.3333333333333333,0.4,-0.06666666666666671,0.0,1.0,-1.0,0
2021-10-01,Kolkata Knight Riders,Punjab Kings,Punjab Kings,1,0.5175879396984925,0.36363636363636365,0.15395157606212884,0.6,0.4,0.19999999999999996,1.0,0.0,1.0,0,1,Punjab Kings,field,Dubai International Cricket Stadium,Dubai,0.5,0.0,0.5,0.5,0.0,0.5,0
2021-10-02,Mumbai Indians,Delhi Capitals,Delhi Capitals,1,0.5857142857142857,0.5853658536585366,0.00034843205574919267,0.4,0.8,-0.4,0.7142857142857143,0.2857142857142857,0.4285714285714286,0,1,Delhi Capitals,field,Sharjah Cricket Stadium,Sharjah,0.5,0.75,-0.25,0.5,0.0,0.5,0
2021-10-02,Chennai Super Kings,Rajasthan Royals,Rajasthan Royals,1,0.6117021276595744,0.49700598802395207,0.11469613963562236,0.8,0.4,0.4,0.625,0.375,0.25,0,1,Rajasthan Royals,field,"Zayed Cricket Stadium, Abu Dhabi",Abu Dhabi,1.0,0.0,1.0,0.5714285714285714,0.625,-0.0535714285714286,0
2021-10-03,Sunrisers Hyderabad,Kolkata Knight Riders,Kolkata Knight Riders,1,0.5114503816793893,0.515,-0.003549618320610737,0.2,0.6,-0.39999999999999997,0.3684210526315789,0.631578947368421,-0.2631578947368421,1,1,Sunrisers Hyderabad,bat,Dubai International Cricket Stadium,Dubai,0.5833333333333334,0.4,0.18333333333333335,0.5,0.0,0.5,1
2021-10-03,Royal Challengers Bangalore,Punjab Kings,Royal Challengers Bangalore,0,0.48,0.4166666666666667,0.0633333333333333,0.4,0.4,0.0,0.0,1.0,-1.0,1,1,Royal Challengers Bangalore,bat,Sharjah Cricket Stadium,Sharjah,0.3333333333333333,1.0,-0.6666666666666667,0.0,1.0,-1.0,1
2021-10-04,Chennai Super Kings,Delhi Capitals,Delhi Capitals,1,0.6084656084656085,0.5952380952380952,0.013227513227513255,0.8,0.8,0.0,0.5,0.5,0.0,0,1,Delhi Capitals,field,Dubai International Cricket Stadium,Dubai,0.7,0.4444444444444444,0.25555555555555554,1.0,1.0,0.0,0
2021-10-05,Rajasthan Royals,Mumbai Indians,Mumbai Indians,1,0.5,0.5829383886255924,-0.08293838862559244,0.4,0.2,0.2,0.4782608695652174,0.5217391304347826,-0.04347826086956519,0,1,Mumbai Indians,field,Sharjah Cricket Stadium,Sharjah,0.5,0.4,0.09999999999999998,0.5,0.0,0.5,0
2021-10-06,Sunrisers Hyderabad,Royal Challengers Bangalore,Sunrisers Hyderabad,0,0.5075757575757576,0.48258706467661694,0.02498869289914063,0.2,0.6,-0.39999999999999997,0.5294117647058824,0.47058823529411764,0.05882352941176472,0,1,Royal Challengers Bangalore,field,"Zayed Cricket Stadium, Abu Dhabi",Abu Dhabi,0.5,0.0,0.5,0.4,0.2857142857142857,0.11428571428571432,0
2021-10-07,Kolkata Knight Riders,Rajasthan Royals,Kolkata Knight Riders,0,0.5174129353233831,0.4970414201183432,0.02037151520503988,0.6,0.2,0.39999999999999997,0.5714285714285714,0.42857142857142855,0.14285714285714285,0,1,Rajasthan Royals,field,Sharjah Cricket Stadium,Sharjah,0.4,0.4,0.0,1.0,0.0,1.0,0
2021-10-07,Chennai Super Kings,Punjab Kings,Punjab Kings,1,0.6052631578947368,0.38461538461538464,0.2206477732793522,0.6,0.4,0.19999999999999996,1.0,0.0,1.0,0,1,Punjab Kings,field,Dubai International Cricket Stadium,Dubai,0.6363636363636364,0.5,0.13636363636363635,0.5,0.5,0.0,0
2021-10-08,Mumbai Indians,Sunrisers Hyderabad,Mumbai Indians,0,0.5849056603773585,0.5112781954887218,0.0736274648886367,0.4,0.4,0.0,0.5,0.5,0.0,1,1,Mumbai Indians,bat,"Zayed Cricket Stadium, Abu Dhabi",Abu Dhabi,0.5,1.0,-0.5,0.6363636363636364,0.5,0.13636363636363635,1
2021-10-08,Delhi Capitals,Royal Challengers Bangalore,Royal Challengers Bangalore,1,0.6046511627906976,0.4801980198019802,0.12445314298871746,0.8,0.6,0.20000000000000007,0.8,0.2,0.6000000000000001,0,1,Royal Challengers Bangalore,field,Dubai International Cricket Stadium,Dubai,0.5,0.6,-0.09999999999999998,1.0,1.0,0.0,0
2021-10-10,Delhi Capitals,Chennai Super Kings,Chennai Super Kings,1,0.5909090909090909,0.6020942408376964,-0.01118514992860542,0.6,0.4,0.19999999999999996,0.5714285714285714,0.42857142857142855,0.14285714285714285,0,1,Chennai Super Kings,field,Dubai International Cricket Stadium,Dubai,0.45454545454545453,0.5833333333333334,-0.12878787878787884,0.6666666666666666,0.3333333333333333,0.3333333333333333,0
2021-10-11,Royal Challengers Bangalore,Kolkata Knight Riders,Kolkata Knight Riders,1,0.4827586206896552,0.5198019801980198,-0.037043359508364626,0.8,0.6,0.20000000000000007,0.4642857142857143,0.5357142857142857,-0.0714285714285714,1,1,Royal Challengers Bangalore,bat,Sharjah Cricket Stadium,Sharjah,0.42857142857142855,0.5,-0.07142857142857145,0.5,1.0,-0.5,1
2021-10-13,Delhi Capitals,Kolkata Knight Riders,Kolkata Knight Riders,1,0.5777777777777777,0.5221674876847291,0.05561029009304863,0.4,0.8,-0.4,0.6,0.4,0.19999999999999996,0,1,Kolkata Knight Riders,field,Sharjah Cricket Stadium,Sharjah,0.8,0.5714285714285714,0.22857142857142865,0.5,1.0,-0.5,0
2021-10-15,Chennai Super Kings,Kolkata Knight Riders,Chennai Super Kings,0,0.6041666666666666,0.5245098039215687,0.07965686274509798,0.4,0.8,-0.4,0.6666666666666666,0.3333333333333333,0.3333333333333333,0,1,Kolkata Knight Riders,field,Dubai International Cricket Stadium,Dubai,0.6153846153846154,0.5,0.11538461538461542,0.5,0.5,0.0,0
2022-03-26,Chennai Super Kings,Kolkata Knight Riders,Kolkata Knight Riders,1,0.6062176165803109,0.5219512195121951,0.08426639706811578,0.4,0.8,-0.4,0.68,0.32,0.36000000000000004,0,1,Kolkata Knight Riders,field,"Wankhede Stadium, Mumbai",Mumbai,0.8,0.0,0.8,0.6,0.2,0.39999999999999997,0
2022-03-27,Mumbai Indians,Delhi Capitals,Delhi Capitals,1,0.5868544600938967,0.5652173913043478,0.021637068789548963,0.6,0.4,0.19999999999999996,0.625,0.375,0.25,0,1,Delhi Capitals,field,"Brabourne Stadium, Mumbai",Mumbai,1.0,0.5,0.5,0.6419753086419753,0.75,-0.10802469135802473,0
2022-03-27,Royal Challengers Bangalore,Punjab Kings,Punjab Kings,1,0.4803921568627451,0.42857142857142855,0.051820728291316565,0.6,0.6,0.0,0.5,0.5,0.0,0,1,Punjab Kings,field,"Dr DY Patil Sports Academy, Mumbai",Mumbai,0.5,0.5,0.0,0.4,0.3333333333333333,0.06666666666666671,0
2022-03-28,Lucknow Super Giants,Gujarat Titans,Gujarat Titans,1,0.5,0.5,0.0,0.5,0.5,0.0,0.5,0.5,0.0,0,1,Gujarat Titans,field,"Wankhede Stadium, Mumbai",Mumbai,0.5,0.5,0.0,0.5,0.5,0.0,0
2022-03-29,Rajasthan Royals,Sunrisers Hyderabad,Rajasthan Royals,0,0.49411764705882355,0.5074626865671642,-0.01334503950834065,0.2,0.4,-0.2,0.4666666666666667,0.5333333333333333,-0.06666666666666665,0,1,Sunrisers Hyderabad,field,"Maharashtra Cricket Association Stadium, Pune",Pune,0.5,0.5,0.0,0.4,0.3333333333333333,0.06666666666666671,0
2022-03-30,Kolkata Knight Riders,Royal Challengers Bangalore,Royal Challengers Bangalore,1,0.5242718446601942,0.47804878048780486,0.046223064172389305,0.8,0.4,0.4,0.5517241379310345,0.4482758620689655,0.10344827586206895,0,1,Royal Challengers Bangalore,field,"Dr DY Patil Sports Academy, Mumbai",Mumbai,0.5,0.0,0.5,0.25,0.375,-0.125,0
2022-03-31,Chennai Super Kings,Lucknow Super Giants,Lucknow Super Giants,1,0.6030927835051546,0.0,0.6030927835051546,0.4,0.0,0.4,0.5,0.5,0.0,0,1,Lucknow Super Giants,field,"Brabourne Stadium, Mumbai",Mumbai,0.0,0.5,-0.5,0.5769230769230769,0.0,0.5769230769230769,0
2022-04-01,Punjab Kings,Kolkata Knight Riders,Kolkata Knight Riders,1,0.4666666666666667,0.5217391304347826,-0.05507246376811592,0.6,0.6,0.0,0.5,0.5,0.0,0,1,Kolkata Knight Riders,field,"Wankhede Stadium, Mumbai",Mumbai,0.3333333333333333,0.3333333333333333,0.0,0.5,0.23529411764705882,0.2647058823529412,0
2022-04-02,Gujarat Titans,Delhi Capitals,Gujarat Titans,0,1.0,0.574468085106383,0.42553191489361697,1.0,0.4,0.6,0.5,0.5,0.0,0,1,Delhi Capitals,field,"Maharashtra Cricket Association Stadium, Pune",Pune,0.5,0.5,0.0,0.5,0.5,0.0,0
2022-04-02,Rajasthan Royals,Mumbai Indians,Rajasthan Royals,0,0.49707602339181284,0.5841121495327103,-0.08703612614089745,0.4,0.6,-0.19999999999999996,0.4583333333333333,0.5416666666666666,-0.08333333333333331,0,1,Mumbai Indians,field,"Dr DY Patil Sports Academy, Mumbai",Mumbai,0.5,0.5,0.0,0.47368421052631576,0.6341463414634146,-0.16046213093709888,0
2022-04-03,Punjab Kings,Chennai Super Kings,Punjab Kings,0,0.4375,0.6,-0.16249999999999998,0.6,0.4,0.19999999999999996,0.5,0.5,0.0,0,1,Chennai Super Kings,field,"Brabourne Stadium, Mumbai",Mumbai,0.5,0.0,0.5,0.4,0.5555555555555556,-0.15555555555555556,0
2022-04-04,Lucknow Super Giants,Sunrisers Hyderabad,Lucknow Super Giants,0,0.5,0.5037037037037037,-0.0037037037037036535,0.5,0.2,0.3,0.5,0.5,0.0,0,1,Sunrisers Hyderabad,field,"Dr DY Patil Sports Academy, Mumbai",Mumbai,0.5,0.5,0.0,0.5,0.2857142857142857,0.2142857142857143,0
2022-04-05,Rajasthan Royals,Royal Challengers Bangalore,Royal Challengers Bangalore,1,0.5,0.48058252427184467,0.01941747572815533,0.6,0.4,0.19999999999999996,0.45454545454545453,0.5454545454545454,-0.09090909090909088,0,1,Royal Challengers Bangalore,field,"Wankhede Stadium, Mumbai",Mumbai,0.4,0.5,-0.09999999999999998,0.5,0.4117647058823529,0.08823529411764708,0
2022-04-06,Mumbai Indians,Kolkata Knight Riders,Kolkata Knight Riders,1,0.5813953488372093,0.5240384615384616,0.05735688729874777,0.4,0.6,-0.19999999999999996,0.7586206896551724,0.2413793103448276,0.5172413793103448,0,1,Kolkata Knight Riders,field,"Maharashtra Cricket Association Stadium, Pune",Pune,0.5,0.5,0.0,0.8,1.0,-0.19999999999999996,0
2022-04-07,Delhi Capitals,Lucknow Super Giants,Lucknow Super Giants,1,0.5625,0.6666666666666666,-0.10416666666666663,0.2,0.6666666666666666,-0.4666666666666666,0.5,0.5,0.0,0,1,Lucknow Super Giants,field,"Dr DY Patil Sports Academy, Mumbai",Mumbai,0.5,1.0,-0.5,0.8,0.6666666666666666,0.13333333333333341,0
2022-04-08,Punjab Kings,Gujarat Titans,Gujarat Titans,1,0.47058823529411764,1.0,-0.5294117647058824,0.6,1.0,-0.4,0.5,0.5,0.0,0,1,Gujarat Titans,field,"Brabourne Stadium, Mumbai",Mumbai,1.0,0.5,0.5,0.5,1.0,-0.5,0
2022-04-09,Chennai Super Kings,Sunrisers Hyderabad,Sunrisers Hyderabad,1,0.5969387755102041,0.5,0.09693877551020413,0.4,0.2,0.2,0.75,0.25,0.5,0,1,Sunrisers Hyderabad,field,"Dr DY Patil Sports Academy, Mumbai",Mumbai,0.5,0.0,0.5,0.5357142857142857,0.25,0.2857142857142857,0
2022-04-09,Mumbai Indians,Royal Challengers Bangalore,Royal Challengers Bangalore,1,0.5787037037037037,0.4830917874396135,0.09561191626409021,0.4,0.6,-0.19999999999999996,0.6071428571428571,0.39285714285714285,0.21428571428571425,0,1,Royal Challengers Bangalore,field,"Maharashtra Cricket Association Stadium, Pune",Pune,0.0,0.5,-0.5,0.6666666666666666,0.6666666666666666,0.0,0
2022-04-10,Rajasthan Royals,Lucknow Super Giants,Rajasthan Royals,0,0.49710982658959535,0.75,-0.25289017341040465,0.4,0.75,-0.35,0.5,0.5,0.0,0,1,Lucknow Super Giants,field,"Wankhede Stadium, Mumbai",Mumbai,0.3333333333333333,0.0,0.3333333333333333,0.47619047619047616,0.75,-0.27380952380952384,0
2022-04-10,Delhi Capitals,Kolkata Knight Riders,Delhi Capitals,0,0.5510204081632653,0.5263157894736842,0.02470461868958107,0.2,0.6,-0.39999999999999997,0.5,0.5,0.0,0,1,Kolkata Knight Riders,field,"Brabourne Stadium, Mumbai",Mumbai,1.0,0.5,0.5,0.6666666666666666,0.2777777777777778,0.38888888888888884,0
2022-04-11,Gujarat Titans,Sunrisers Hyderabad,Sunrisers Hyderabad,1,1.0,0.5036496350364964,0.4963503649635036,1.0,0.4,0.6,0.5,0.5,0.0,0,1,Sunrisers Hyderabad,field,"Dr DY Patil Sports Academy, Mumbai",Mumbai,0.5,0.5,0.0,1.0,0.3333333333333333,0.6666666666666667,0
2022-04-12,Chennai Super Kings,Royal Challengers Bangalore,Chennai Super Kings,0,0.5939086294416244,0.4855769230769231,0.1083317063647013,0.2,0.6,-0.39999999999999997,0.6666666666666666,0.3333333333333333,0.3333333333333333,0,1,Royal Challengers Bangalore,field,"Dr DY Patil Sports Academy, Mumbai",Mumbai,0.0,0.5,-0.5,0.5172413793103449,0.4444444444444444,0.07279693486590044,0
2022-04-13,Punjab Kings,Mumbai Indians,Punjab Kings,0,0.4444444444444444,0.576036866359447,-0.13159242191500253,0.6,0.2,0.39999999999999997,0.5,0.5,0.0,0,1,Mumbai Indians,field,"Maharashtra Cricket Association Stadium, Pune",Pune,0.5,0.0,0.5,0.5,0.5714285714285714,-0.0714285714285714,0
2022-04-14,Gujarat Titans,Rajasthan Royals,Gujarat Titans,0,0.75,0.5,0.25,0.75,0.6,0.15000000000000002,0.5,0.5,0.0,0,1,Rajasthan Royals,field,"Dr DY Patil Sports Academy, Mumbai",Mumbai,0.0,1.0,-1.0,0.6666666666666666,0.5,0.16666666666666663,0
2022-04-15,Kolkata Knight Riders,Sunrisers Hyderabad,Sunrisers Hyderabad,1,0.5238095238095238,0.5072463768115942,0.0165631469979296,0.6,0.4,0.19999999999999996,0.65,0.35,0.30000000000000004,0,1,Sunrisers Hyderabad,field,"Brabourne Stadium, Mumbai",Mumbai,0.0,0.5,-0.5,0.2631578947368421,0.4,-0.13684210526315793,0
2022-04-16,Lucknow Super Giants,Mumbai Indians,Lucknow Super Giants,0,0.6,0.573394495412844,0.026605504587155937,0.6,0.0,0.6,0.5,0.5,0.0,0,1,Mumbai Indians,field,"Brabourne Stadium, Mumbai",Mumbai,1.0,0.5,0.5,0.6,0.6265060240963856,-0.026506024096385583,0
2022-04-16,Royal Challengers Bangalore,Delhi Capitals,Royal Challengers Bangalore,0,0.48325358851674644,0.56,-0.07674641148325362,0.6,0.4,0.19999999999999996,0.3333333333333333,0.6666666666666666,-0.3333333333333333,0,1,Delhi Capitals,field,"Wankhede Stadium, Mumbai",Mumbai,0.6666666666666666,0.6666666666666666,0.0,0.42105263157894735,0.7142857142857143,-0.29323308270676696,0
2022-04-17,Punjab Kings,Sunrisers Hyderabad,Sunrisers Hyderabad,1,0.47368421052631576,0.5107913669064749,-0.0371071563801591,0.6,0.6,0.0,0.5,0.5,0.0,0,1,Sunrisers Hyderabad,field,"Dr DY Patil Sports Academy, Mumbai",Mumbai,1.0,0.6666666666666666,0.33333333333333337,0.42857142857142855,0.45454545454545453,-0.025974025974025983,0
2022-04-17,Chennai Super Kings,Gujarat Titans,Gujarat Titans,1,0.5959595959595959,0.8,-0.20404040404040413,0.2,0.8,-0.6000000000000001,0.5,0.5,0.0,0,1,Gujarat Titans,field,"Maharashtra Cricket Association Stadium, Pune",Pune,0.5,1.0,-0.5,0.75,1.0,-0.25,0
2022-04-18,Rajasthan Royals,Kolkata Knight Riders,Rajasthan Royals,0,0.49714285714285716,0.5213270142180095,-0.024184157075152368,0.6,0.4,0.19999999999999996,0.4090909090909091,0.5909090909090909,-0.18181818181818182,0,1,Kolkata Knight Riders,field,"Brabourne Stadium, Mumbai",Mumbai,0.5,0.0,0.5,0.4782608695652174,0.25,0.2282608695652174,0
2022-04-19,Royal Challengers Bangalore,Lucknow Super Giants,Royal Challengers Bangalore,0,0.4857142857142857,0.6666666666666666,-0.18095238095238092,0.8,0.8,0.0,0.5,0.5,0.0,0,1,Lucknow Super Giants,field,"Dr DY Patil Sports Academy, Mumbai",Mumbai,0.3333333333333333,1.0,-0.6666666666666667,0.45,0.6666666666666666,-0.21666666666666662,0
2022-04-20,Punjab Kings,Delhi Capitals,Delhi Capitals,1,0.45,0.5490196078431373,-0.09901960784313729,0.4,0.4,0.0,0.0,1.0,-1.0,0,1,Delhi Capitals,field,"Brabourne Stadium, Mumbai",Mumbai,0.5,1.0,-0.5,0.375,0.625,-0.25,0
2022-04-21,Mumbai Indians,Chennai Super Kings,Chennai Super Kings,1,0.5707762557077626,0.592964824120603,-0.022188568412840448,0.0,0.2,-0.2,0.59375,0.40625,0.1875,0,1,Chennai Super Kings,field,"Dr DY Patil Sports Academy, Mumbai",Navi Mumbai,0.0,0.5,-0.5,0.5,0.5,0.0,0
2022-04-22,Rajasthan Royals,Delhi Capitals,Rajasthan Royals,0,0.5,0.5576923076923077,-0.05769230769230771,0.6,0.4,0.19999999999999996,0.16666666666666666,0.8333333333333334,-0.6666666666666667,0,1,Delhi Capitals,field,"Wankhede Stadium, Mumbai",Mumbai,0.42857142857142855,0.5,-0.07142857142857145,0.5,0.6666666666666666,-0.16666666666666663,0
2022-04-23,Gujarat Titans,Kolkata Knight Riders,Gujarat Titans,0,0.8333333333333334,0.5188679245283019,0.3144654088050315,0.8,0.4,0.4,0.5,0.5,0.0,1,1,Gujarat Titans,bat,"Dr DY Patil Sports Academy, Mumbai",Navi Mumbai,0.5,0.0,0.5,0.5,0.5,0.0,1
2022-04-23,Royal Challengers Bangalore,Sunrisers Hyderabad,Sunrisers Hyderabad,1,0.4881516587677725,0.5142857142857142,-0.026134055517941734,0.8,0.8,0.0,0.4444444444444444,0.5555555555555556,-0.11111111111111116,0,1,Sunrisers Hyderabad,field,"Brabourne Stadium, Mumbai",Mumbai,0.5,1.0,-0.5,0.47619047619047616,0.5,-0.023809523809523836,0
2022-04-24,Lucknow Super Giants,Mumbai Indians,Lucknow Super Giants,0,0.5714285714285714,0.5681818181818182,0.0032467532467531646,0.6,0.0,0.6,1.0,0.0,1.0,0,1,Mumbai Indians,field,"Wankhede Stadium, Mumbai",Mumbai,0.0,0.5,-0.5,0.5714285714285714,0.6190476190476191,-0.04761904761904767,0
2022-04-25,Punjab Kings,Chennai Super Kings,Punjab Kings,0,0.42857142857142855,0.595,-0.16642857142857143,0.4,0.4,0.0,0.6666666666666666,0.3333333333333333,0.3333333333333333,0,1,Chennai Super Kings,field,"Wankhede Stadium, Mumbai",Mumbai,0.25,0.6666666666666666,-0.41666666666666663,0.3333333333333333,0.5333333333333333,-0.2,0
2022-04-26,Rajasthan Royals,Royal Challengers Bangalore,Rajasthan Royals,0,0.5028248587570622,0.4858490566037736,0.01697580215328859,0.6,0.6,0.0,0.43478260869565216,0.5652173913043478,-0.13043478260869562,0,1,Royal Challengers Bangalore,field,"Maharashtra Cricket Association Stadium, Pune",Pune,1.0,1.0,0.0,0.5,0.7142857142857143,-0.2142857142857143,0
2022-04-27,Sunrisers Hyderabad,Gujarat Titans,Gujarat Titans,1,0.5177304964539007,0.8571428571428571,-0.3394123606889564,1.0,0.8,0.19999999999999996,1.0,0.0,1.0,0,1,Gujarat Titans,field,"Wankhede Stadium, Mumbai",Mumbai,0.5,1.0,-0.5,0.5384615384615384,0.75,-0.21153846153846156,0
2022-04-28,Kolkata Knight Riders,Delhi Capitals,Delhi Capitals,1,0.5164319248826291,0.5471698113207547,-0.030737886438125583,0.2,0.4,-0.2,0.42857142857142855,0.5714285714285714,-0.14285714285714285,0,1,Delhi Capitals,field,"Wankhede Stadium, Mumbai",Mumbai,0.5,0.4,0.09999999999999998,0.23809523809523808,0.6,-0.3619047619047619,0
2022-04-29,Lucknow Super Giants,Punjab Kings,Lucknow Super Giants,0,0.625,0.45454545454545453,0.17045454545454547,0.6,0.4,0.19999999999999996,0.5,0.5,0.0,0,1,Punjab Kings,field,"Maharashtra Cricket Association Stadium, Pune",Pune,0.5,1.0,-0.5,0.5,1.0,-0.5,0
2022-04-30,Rajasthan Royals,Mumbai Indians,Mumbai Indians,1,0.5056179775280899,0.5656108597285068,-0.059992882200416875,0.8,0.0,0.8,0.48,0.52,-0.040000000000000036,0,1,Mumbai Indians,field,"Dr DY Patil Sports Academy, Mumbai",Navi Mumbai,0.5,0.0,0.5,0.5,0.0,0.5,0
2022-04-30,Royal Challengers Bangalore,Gujarat Titans,Gujarat Titans,1,0.4835680751173709,0.875,-0.3914319248826291,0.4,0.8,-0.4,0.5,0.5,0.0,1,1,Royal Challengers Bangalore,bat,"Brabourne Stadium, Mumbai",Mumbai,0.0,1.0,-1.0,0.45454545454545453,0.8,-0.3454545454545455,1
2022-05-01,Lucknow Super Giants,Delhi Capitals,Lucknow Super Giants,0,0.6666666666666666,0.5555555555555556,0.11111111111111105,0.6,0.6,0.0,1.0,0.0,1.0,1,1,Lucknow Super Giants,bat,"Wankhede Stadium, Mumbai",Mumbai,0.3333333333333333,0.5,-0.16666666666666669,0.625,0.6363636363636364,-0.011363636363636354,1
2022-05-01,Chennai Super Kings,Sunrisers Hyderabad,Chennai Super Kings,0,0.5920398009950248,0.5140845070422535,0.07795529395277134,0.4,0.8,-0.4,0.7058823529411765,0.29411764705882354,0.411764705882353,0,1,Sunrisers Hyderabad,field,"Maharashtra Cricket Association Stadium, Pune",Pune,0.0,0.0,0.0,0.6666666666666666,0.25,0.41666666666666663,0
2022-05-02,Rajasthan Royals,Kolkata Knight Riders,Kolkata Knight Riders,1,0.5027932960893855,0.514018691588785,-0.011225395499399493,0.6,0.0,0.6,0.43478260869565216,0.5652173913043478,-0.13043478260869562,0,1,Kolkata Knight Riders,field,"Wankhede Stadium, Mumbai",Mumbai,0.5,0.4,0.09999999999999998,0.52,0.22727272727272727,0.2927272727272727,0
2022-05-03,Gujarat Titans,Punjab Kings,Punjab Kings,1,0.8888888888888888,0.43478260869565216,0.4541062801932367,1.0,0.4,0.6,1.0,0.0,1.0,1,1,Gujarat Titans,bat,"Dr DY Patil Sports Academy, Mumbai",Navi Mumbai,0.6666666666666666,0.5,0.16666666666666663,1.0,0.5,0.5,1
2022-05-04,Royal Challengers Bangalore,Chennai Super Kings,Royal Challengers Bangalore,0,0.48130841121495327,0.594059405940594,-0.11275099472564076,0.4,0.6,-0.19999999999999996,0.32142857142857145,0.6785714285714286,-0.35714285714285715,0,1,Chennai Super Kings,field,"Maharashtra Cricket Association Stadium, Pune",Pune,0.5,0.5,0.0,0.625,0.7,-0.07499999999999996,0
2022-05-05,Delhi Capitals,Sunrisers Hyderabad,Delhi Capitals,0,0.5454545454545454,0.5104895104895105,0.03496503496503489,0.4,0.6,-0.19999999999999996,0.5714285714285714,0.42857142857142855,0.14285714285714285,0,1,Sunrisers Hyderabad,field,"Brabourne Stadium, Mumbai",Mumbai,1.0,1.0,0.0,0.5833333333333334,0.5,0.08333333333333337,0
2022-05-06,Mumbai Indians,Gujarat Titans,Mumbai Indians,0,0.5675675675675675,0.8,-0.2324324324324325,0.2,0.8,-0.6000000000000001,0.5,0.5,0.0,0,1,Gujarat Titans,field,"Brabourne Stadium, Mumbai",Mumbai,0.3333333333333333,1.0,-0.6666666666666667,0.611764705882353,0.8333333333333334,-0.22156862745098038,0
2022-05-07,Lucknow Super Giants,Kolkata Knight Riders,Lucknow Super Giants,0,0.7,0.5162790697674419,0.1837209302325581,0.8,0.2,0.6000000000000001,0.5,0.5,0.0,0,1,Kolkata Knight Riders,field,"Maharashtra Cricket Association Stadium, Pune",Pune,1.0,1.0,0.0,1.0,1.0,0.0,0
2022-05-07,Punjab Kings,Rajasthan Royals,Rajasthan Royals,1,0.4583333333333333,0.5,-0.041666666666666685,0.4,0.6,-0.19999999999999996,0.5,0.5,0.0,1,1,Punjab Kings,bat,"Wankhede Stadium, Mumbai",Mumbai,0.4,0.4444444444444444,-0.0444444444444444,0.4,0.5,-0.09999999999999998,1
2022-05-08,Chennai Super Kings,Delhi Capitals,Chennai Super Kings,0,0.5911330049261084,0.5535714285714286,0.037561576354679826,0.4,0.6,-0.19999999999999996,0.5,0.5,0.0,0,1,Delhi Capitals,field,"Dr DY Patil Sports Academy, Mumbai",Navi Mumbai,0.6666666666666666,0.0,0.6666666666666666,1.0,0.5,0.5,0
2022-05-08,Royal Challengers Bangalore,Sunrisers Hyderabad,Royal Challengers Bangalore,0,0.48372093023255813,0.5069444444444444,-0.023223514211886287,0.4,0.4,0.0,0.42105263157894735,0.5789473684210527,-0.1578947368421053,1,1,Royal Challengers Bangalore,bat,"Wankhede Stadium, Mumbai",Mumbai,0.75,0.0,0.75,0.43478260869565216,0.4666666666666667,-0.03188405797101451,1
2022-05-09,Kolkata Knight Riders,Mumbai Indians,Kolkata Knight Riders,0,0.5138888888888888,0.5695067264573991,-0.05561783756851024,0.2,0.4,-0.2,0.26666666666666666,0.7333333333333333,-0.4666666666666666,0,1,Mumbai Indians,field,"Dr DY Patil Sports Academy, Mumbai",Navi Mumbai,0.0,0.3333333333333333,-0.3333333333333333,0.0,0.5,-0.5,0
2022-05-10,Gujarat Titans,Lucknow Super Giants,Gujarat Titans,0,0.7272727272727273,0.7272727272727273,0.0,0.6,0.8,-0.20000000000000007,1.0,0.0,1.0,1,1,Gujarat Titans,bat,"Maharashtra Cricket Association Stadium, Pune",Pune,1.0,1.0,0.0,1.0,1.0,0.0,1
2022-05-11,Rajasthan Royals,Delhi Capitals,Delhi Capitals,1,0.5027624309392266,0.543859649122807,-0.041097218183580475,0.6,0.4,0.19999999999999996,0.2857142857142857,0.7142857142857143,-0.4285714285714286,0,1,Delhi Capitals,field,"Dr DY Patil Sports Academy, Mumbai",Navi Mumbai,0.3333333333333333,0.0,0.3333333333333333,0.0,0.0,0.0,0
2022-05-12,Chennai Super Kings,Mumbai Indians,Mumbai Indians,1,0.5931372549019608,0.5669642857142857,0.026172969187675088,0.6,0.4,0.19999999999999996,0.42424242424242425,0.5757575757575758,-0.15151515151515155,0,1,Mumbai Indians,field,"Wankhede Stadium, Mumbai",Mumbai,0.5714285714285714,0.0,0.5714285714285714,0.5161290322580645,0.6162790697674418,-0.10015003750937734,0
2022-05-13,Punjab Kings,Royal Challengers Bangalore,Punjab Kings,0,0.44,0.4861111111111111,-0.0461111111111111,0.4,0.4,0.0,0.6666666666666666,0.3333333333333333,0.3333333333333333,0,1,Royal Challengers Bangalore,field,"Brabourne Stadium, Mumbai",Mumbai,0.3333333333333333,0.0,0.3333333333333333,0.36363636363636365,0.4583333333333333,-0.09469696969696967,0
2022-05-14,Kolkata Knight Riders,Sunrisers Hyderabad,Kolkata Knight Riders,0,0.5161290322580645,0.503448275862069,0.01268075639599553,0.4,0.2,0.2,0.6190476190476191,0.38095238095238093,0.23809523809523814,1,1,Kolkata Knight Riders,bat,"Maharashtra Cricket Association Stadium, Pune",Pune,0.5,0.0,0.5,0.875,0.2,0.675,1
2022-05-15,Chennai Super Kings,Gujarat Titans,Gujarat Titans,1,0.5902439024390244,0.75,-0.15975609756097564,0.4,0.6,-0.19999999999999996,0.0,1.0,-1.0,1,1,Chennai Super Kings,bat,"Wankhede Stadium, Mumbai",Mumbai,0.5,1.0,-0.5,0.5,0.7142857142857143,-0.2142857142857143,1
2022-05-15,Rajasthan Royals,Lucknow Super Giants,Rajasthan Royals,0,0.5,0.6666666666666666,-0.16666666666666663,0.4,0.8,-0.4,1.0,0.0,1.0,1,1,Rajasthan Royals,bat,"Brabourne Stadium, Mumbai",Mumbai,1.0,1.0,0.0,0.5185185185185185,0.6666666666666666,-0.14814814814814814,1
2022-05-16,Delhi Capitals,Punjab Kings,Delhi Capitals,0,0.5517241379310345,0.46153846153846156,0.09018567639257291,0.6,0.6,0.0,1.0,0.0,1.0,0,1,Punjab Kings,field,"Dr DY Patil Sports Academy, Mumbai",Navi Mumbai,0.3333333333333333,0.6666666666666666,-0.3333333333333333,0.5,1.0,-0.5,0
2022-05-17,Sunrisers Hyderabad,Mumbai Indians,Sunrisers Hyderabad,0,0.5,0.5688888888888889,-0.06888888888888889,0.0,0.6,-0.6,0.47058823529411764,0.5294117647058824,-0.05882352941176472,0,1,Mumbai Indians,field,"Wankhede Stadium, Mumbai",Mumbai,0.0,0.5,-0.5,0.4375,0.6206896551724138,-0.1831896551724138,0
2022-05-18,Lucknow Super Giants,Kolkata Knight Riders,Lucknow Super Giants,0,0.6153846153846154,0.518348623853211,0.09703599153140441,0.6,0.6,0.0,1.0,0.0,1.0,1,1,Lucknow Super Giants,bat,"Dr DY Patil Sports Academy, Mumbai",Navi Mumbai,0.6666666666666666,0.3333333333333333,0.3333333333333333,0.5,0.5,0.0,1
2022-05-19,Gujarat Titans,Royal Challengers Bangalore,Royal Challengers Bangalore,1,0.7692307692307693,0.4838709677419355,0.2853598014888338,0.6,0.4,0.19999999999999996,1.0,0.0,1.0,1,1,Gujarat Titans,bat,"Wankhede Stadium, Mumbai",Mumbai,1.0,0.8,0.19999999999999996,0.75,0.44,0.31,1
2022-05-20,Chennai Super Kings,Rajasthan Royals,Rajasthan Royals,1,0.587378640776699,0.5027322404371585,0.08464640033954052,0.4,0.4,0.0,0.6,0.4,0.19999999999999996,1,1,Chennai Super Kings,bat,"Brabourne Stadium, Mumbai",Mumbai,0.0,1.0,-1.0,0.48484848484848486,0.5357142857142857,-0.050865800865800836,1
2022-05-21,Delhi Capitals,Mumbai Indians,Mumbai Indians,1,0.559322033898305,0.5663716814159292,-0.007049647517624158,0.6,0.6,0.0,0.4444444444444444,0.5555555555555556,-0.11111111111111116,0,1,Mumbai Indians,field,"Wankhede Stadium, Mumbai",Mumbai,0.42857142857142855,0.3333333333333333,0.09523809523809523,0.6153846153846154,0.6136363636363636,0.0017482517482517723,0
2022-05-22,Sunrisers Hyderabad,Punjab Kings,Punjab Kings,1,0.5034013605442177,0.4444444444444444,0.05895691609977327,0.2,0.4,-0.2,0.6666666666666666,0.3333333333333333,0.3333333333333333,1,1,Sunrisers Hyderabad,bat,"Wankhede Stadium, Mumbai",Mumbai,0.3333333333333333,0.3333333333333333,0.0,0.47058823529411764,0.4166666666666667,0.053921568627450955,1
2022-05-24,Rajasthan Royals,Gujarat Titans,Gujarat Titans,1,0.5054347826086957,0.7142857142857143,-0.20885093167701863,0.6,0.4,0.19999999999999996,0.0,1.0,-1.0,0,1,Gujarat Titans,field,"Eden Gardens, Kolkata",Kolkata,0.5,0.5,0.0,0.2222222222222222,0.5,-0.2777777777777778,0
2022-05-25,Royal Challengers Bangalore,Lucknow Super Giants,Royal Challengers Bangalore,0,0.48623853211009177,0.6428571428571429,-0.15661861074705113,0.6,0.6,0.0,1.0,0.0,1.0,0,1,Lucknow Super Giants,field,"Eden Gardens, Kolkata",Kolkata,0.5,0.5,0.0,0.4,0.5,-0.09999999999999998,0
2022-05-27,Royal Challengers Bangalore,Rajasthan Royals,Rajasthan Royals,1,0.4885844748858447,0.5027027027027027,-0.014118227816857953,0.8,0.6,0.20000000000000007,0.5416666666666666,0.4583333333333333,0.08333333333333331,0,1,Rajasthan Royals,field,"Narendra Modi Stadium, Ahmedabad",Ahmedabad,0.5,0.5,0.0,0.6666666666666666,0.6363636363636364,0.030303030303030276,0
2022-05-29,Rajasthan Royals,Gujarat Titans,Gujarat Titans,1,0.5053763440860215,0.7333333333333333,-0.22795698924731178,0.6,0.6,0.0,0.0,1.0,-1.0,1,1,Rajasthan Royals,bat,"Narendra Modi Stadium, Ahmedabad",Ahmedabad,1.0,0.5,0.5,0.6666666666666666,0.5,0.16666666666666663,1
2023-03-31,Chennai Super Kings,Gujarat Titans,Gujarat Titans,1,0.5845410628019324,0.75,-0.1654589371980676,0.2,0.8,-0.6000000000000001,0.0,1.0,-1.0,0,1,Gujarat Titans,field,"Narendra Modi Stadium, Ahmedabad",Ahmedabad,0.5,1.0,-0.5,0.0,1.0,-1.0,0
2023-04-01,Punjab Kings,Kolkata Knight Riders,Punjab Kings,0,0.4642857142857143,0.5159817351598174,-0.05169602087410308,0.6,0.6,0.0,0.3333333333333333,0.6666666666666666,-0.3333333333333333,0,1,Kolkata Knight Riders,field,"Punjab Cricket Association IS Bindra Stadium, Mohali, Chandigarh",Chandigarh,0.5,0.5,0.0,0.5,0.5714285714285714,-0.0714285714285714,0
2023-04-01,Lucknow Super Giants,Delhi Capitals,Lucknow Super Giants,0,0.6,0.55,0.04999999999999993,0.4,0.6,-0.19999999999999996,1.0,0.0,1.0,0,1,Delhi Capitals,field,"Bharat Ratna Shri Atal Bihari Vajpayee Ekana Cricket Stadium, Lucknow",Lucknow,0.5,0.5,0.0,0.5,0.5,0.0,0
2023-04-02,Rajasthan Royals,Sunrisers Hyderabad,Rajasthan Royals,0,0.5026737967914439,0.5,0.002673796791443861,0.6,0.2,0.39999999999999997,0.5,0.5,0.0,0,1,Sunrisers Hyderabad,field,"Rajiv Gandhi International Stadium, Uppal, Hyderabad",Hyderabad,0.5,0.5,0.0,0.3333333333333333,0.6744186046511628,-0.34108527131782945,0
2023-04-02,Mumbai Indians,Royal Challengers Bangalore,Royal Challengers Bangalore,1,0.5682819383259912,0.4863636363636364,0.08191830196235478,0.6,0.6,0.0,0.5862068965517241,0.41379310344827586,0.17241379310344823,0,1,Royal Challengers Bangalore,field,"M Chinnaswamy Stadium, Bengaluru",Bengaluru,0.5,0.5,0.0,0.5,0.5714285714285714,-0.0714285714285714,0
2023-04-03,Chennai Super Kings,Lucknow Super Giants,Chennai Super Kings,0,0.5817307692307693,0.625,-0.043269230769230727,0.2,0.4,-0.2,0.0,1.0,-1.0,0,1,Lucknow Super Giants,field,"MA Chidambaram Stadium, Chepauk, Chennai",Chennai,0.5,0.5,0.0,0.7272727272727273,0.5,0.2272727272727273,0
2023-04-04,Delhi Capitals,Gujarat Titans,Gujarat Titans,1,0.5409836065573771,0.7647058823529411,-0.22372227579556403,0.4,0.8,-0.4,0.0,1.0,-1.0,0,1,Gujarat Titans,field,"Arun Jaitley Stadium, Delhi",Delhi,0.5,0.5,0.0,0.5,0.5,0.0,0
2023-04-05,Punjab Kings,Rajasthan Royals,Punjab Kings,0,0.4827586206896552,0.5053191489361702,-0.022560528246515055,0.6,0.6,0.0,0.3333333333333333,0.6666666666666666,-0.3333333333333333,0,1,Rajasthan Royals,field,"Barsapara Cricket Stadium, Guwahati",Guwahati,0.5,0.5,0.0,0.5,0.5,0.0,0
2023-04-06,Kolkata Knight Riders,Royal Challengers Bangalore,Kolkata Knight Riders,0,0.5136363636363637,0.48868778280542985,0.02494858083093382,0.4,0.6,-0.19999999999999996,0.5333333333333333,0.4666666666666667,0.06666666666666665,0,1,Royal Challengers Bangalore,field,"Eden Gardens, Kolkata",Kolkata,0.5,1.0,-0.5,0.6081081081081081,0.45454545454545453,0.15356265356265358,0
2023-04-07,Sunrisers Hyderabad,Lucknow Super Giants,Lucknow Super Giants,1,0.4966442953020134,0.5882352941176471,-0.09159099881563365,0.2,0.4,-0.2,0.0,1.0,-1.0,1,1,Sunrisers Hyderabad,bat,"Bharat Ratna Shri Atal Bihari Vajpayee Ekana Cricket Stadium, Lucknow",Lucknow,0.5,1.0,-0.5,0.5,1.0,-0.5,1
2023-04-08,Rajasthan Royals,Delhi Capitals,Rajasthan Royals,0,0.5026455026455027,0.532258064516129,-0.02961256187062633,0.4,0.4,0.0,0.25,0.75,-0.5,0,1,Delhi Capitals,field,"Barsapara Cricket Stadium, Guwahati",Guwahati,0.0,0.5,-0.5,0.0,0.5,-0.5,0
2023-04-08,Mumbai Indians,Chennai Super Kings,Chennai Super Kings,1,0.5657894736842105,0.583732057416268,-0.017942583732057482,0.4,0.2,0.2,0.5882352941176471,0.4117647058823529,0.17647058823529416,0,1,Chennai Super Kings,field,"Wankhede Stadium, Mumbai",Mumbai,0.5,0.4444444444444444,0.05555555555555558,0.6179775280898876,0.47058823529411764,0.14738929279576996,0
2023-04-09,Gujarat Titans,Kolkata Knight Riders,Kolkata Knight Riders,1,0.7777777777777778,0.5158371040723982,0.26194067370537955,0.8,0.6,0.20000000000000007,1.0,0.0,1.0,1,1,Gujarat Titans,bat,"Narendra Modi Stadium, Ahmedabad",Ahmedabad,1.0,0.5,0.5,1.0,0.25,0.75,1
2023-04-09,Punjab Kings,Sunrisers Hyderabad,Sunrisers Hyderabad,1,0.5,0.49333333333333335,0.006666666666666654,0.8,0.2,0.6000000000000001,0.5,0.5,0.0,0,1,Sunrisers Hyderabad,field,"Rajiv Gandhi International Stadium, Uppal, Hyderabad",Hyderabad,0.5,0.0,0.5,0.5,0.6590909090909091,-0.15909090909090906,0
2023-04-10,Royal Challengers Bangalore,Lucknow Super Giants,Lucknow Super Giants,1,0.4864864864864865,0.6111111111111112,-0.12462462462462465,0.6,0.6,0.0,1.0,0.0,1.0,0,1,Lucknow Super Giants,field,"M Chinnaswamy Stadium, Bengaluru",Bengaluru,1.0,0.5,0.5,0.6,0.5,0.09999999999999998,0
2023-04-11,Delhi Capitals,Mumbai Indians,Mumbai Indians,1,0.5238095238095238,0.5633187772925764,-0.039509253483052564,0.2,0.4,-0.2,0.4,0.6,-0.19999999999999996,0,1,Mumbai Indians,field,"Arun Jaitley Stadium, Delhi",Delhi,0.0,1.0,-1.0,0.42857142857142855,0.46153846153846156,-0.032967032967033016,0
2023-04-12,Rajasthan Royals,Chennai Super Kings,Rajasthan Royals,0,0.5052631578947369,0.5857142857142857,-0.08045112781954888,0.6,0.4,0.19999999999999996,0.4230769230769231,0.5769230769230769,-0.1538461538461538,0,1,Chennai Super Kings,field,"MA Chidambaram Stadium, Chepauk, Chennai",Chennai,0.5,1.0,-0.5,0.14285714285714285,0.7321428571428571,-0.5892857142857142,0
2023-04-13,Punjab Kings,Gujarat Titans,Gujarat Titans,1,0.4838709677419355,0.7368421052631579,-0.25297113752122236,0.6,0.8,-0.20000000000000007,0.5,0.5,0.0,0,1,Gujarat Titans,field,"Punjab Cricket Association IS Bindra Stadium, Mohali, Chandigarh",Chandigarh,1.0,0.5,0.5,1.0,0.5,0.5,0
2023-04-14,Sunrisers Hyderabad,Kolkata Knight Riders,Sunrisers Hyderabad,0,0.4966887417218543,0.5180180180180181,-0.02132927629616377,0.4,0.6,-0.19999999999999996,0.36363636363636365,0.6363636363636364,-0.2727272727272727,0,1,Kolkata Knight Riders,field,"Eden Gardens, Kolkata",Kolkata,0.5,1.0,-0.5,0.25,0.6133333333333333,-0.3633333333333333,0
2023-04-15,Lucknow Super Giants,Punjab Kings,Punjab Kings,1,0.631578947368421,0.46875,0.16282894736842102,0.6,0.6,0.0,1.0,0.0,1.0,0,1,Punjab Kings,field,"Bharat Ratna Shri Atal Bihari Vajpayee Ekana Cricket Stadium, Lucknow",Lucknow,1.0,0.5,0.5,1.0,0.5,0.5,0
2023-04-15,Royal Challengers Bangalore,Delhi Capitals,Royal Challengers Bangalore,0,0.484304932735426,0.515625,-0.03132006726457398,0.4,0.0,0.4,0.42857142857142855,0.5714285714285714,-0.14285714285714285,0,1,Delhi Capitals,field,"M Chinnaswamy Stadium, Bengaluru",Bengaluru,0.5,0.5,0.0,0.5625,1.0,-0.4375,0
2023-04-16,Gujarat Titans,Rajasthan Royals,Rajasthan Royals,1,0.75,0.5078534031413613,0.2421465968586387,0.8,0.6,0.20000000000000007,1.0,0.0,1.0,0,1,Rajasthan Royals,field,"Narendra Modi Stadium, Ahmedabad",Ahmedabad,0.6666666666666666,0.5,0.16666666666666663,0.6666666666666666,0.6153846153846154,0.05128205128205121,0
2023-04-16,Kolkata Knight Riders,Mumbai Indians,Mumbai Indians,1,0.515695067264574,0.5652173913043478,-0.049522324039773746,0.4,0.4,0.0,0.2903225806451613,0.7096774193548387,-0.41935483870967744,0,1,Mumbai Indians,field,"Wankhede Stadium, Mumbai",Mumbai,0.5,0.4,0.09999999999999998,0.2608695652173913,0.6111111111111112,-0.35024154589371986,0
2023-04-17,Chennai Super Kings,Royal Challengers Bangalore,Chennai Super Kings,0,0.5829383886255924,0.48660714285714285,0.09633124576844959,0.4,0.4,0.0,0.6551724137931034,0.3448275862068966,0.31034482758620685,0,1,Royal Challengers Bangalore,field,"M Chinnaswamy Stadium, Bengaluru",Bengaluru,0.5,0.6666666666666666,-0.16666666666666663,0.5,0.5882352941176471,-0.08823529411764708,0
2023-04-18,Mumbai Indians,Sunrisers Hyderabad,Mumbai Indians,0,0.5670995670995671,0.5,0.0670995670995671,0.6,0.4,0.19999999999999996,0.5,0.5,0.0,0,1,Sunrisers Hyderabad,field,"Rajiv Gandhi International Stadium, Uppal, Hyderabad",Hyderabad,0.5,0.5,0.0,0.6363636363636364,0.6666666666666666,-0.030303030303030276,0
2023-04-19,Lucknow Super Giants,Rajasthan Royals,Lucknow Super Giants,0,0.6,0.5104166666666666,0.08958333333333335,0.6,0.8,-0.20000000000000007,0.0,1.0,-1.0,0,1,Rajasthan Royals,field,"Sawai Mansingh Stadium, Jaipur",Jaipur,0.5,0.5,0.0,0.5,0.6808510638297872,-0.18085106382978722,0
2023-04-20,Royal Challengers Bangalore,Punjab Kings,Royal Challengers Bangalore,0,0.48444444444444446,0.48484848484848486,-0.00040404040404040664,0.4,0.6,-0.19999999999999996,0.25,0.75,-0.5,0,1,Punjab Kings,field,"Punjab Cricket Association IS Bindra Stadium, Mohali, Chandigarh",Chandigarh,0.5,0.5,0.0,0.5714285714285714,0.5,0.0714285714285714,0
2023-04-20,Kolkata Knight Riders,Delhi Capitals,Delhi Capitals,1,0.5133928571428571,0.5076923076923077,0.00570054945054943,0.4,0.0,0.4,0.375,0.625,-0.25,0,1,Delhi Capitals,field,"Arun Jaitley Stadium, Delhi",Delhi,0.5,0.0,0.5,0.5555555555555556,0.375,0.18055555555555558,0
2023-04-21,Sunrisers Hyderabad,Chennai Super Kings,Chennai Super Kings,1,0.49673202614379086,0.5849056603773585,-0.08817363423356761,0.4,0.6,-0.19999999999999996,0.2777777777777778,0.7222222222222222,-0.4444444444444444,0,1,Chennai Super Kings,field,"MA Chidambaram Stadium, Chepauk, Chennai",Chennai,0.25,0.5,-0.25,0.14285714285714285,0.7192982456140351,-0.5764411027568923,0
2023-04-22,Gujarat Titans,Lucknow Super Giants,Gujarat Titans,0,0.7142857142857143,0.6190476190476191,0.09523809523809523,0.6,0.6,0.0,1.0,0.0,1.0,1,1,Gujarat Titans,bat,"Bharat Ratna Shri Atal Bihari Vajpayee Ekana Cricket Stadium, Lucknow",Lucknow,0.5,0.6666666666666666,-0.16666666666666663,0.5,0.6666666666666666,-0.16666666666666663,1
2023-04-22,Punjab Kings,Mumbai Indians,Punjab Kings,0,0.47058823529411764,0.5689655172413793,-0.0983772819472617,0.4,0.6,-0.19999999999999996,0.6666666666666666,0.3333333333333333,0.3333333333333333,0,1,Mumbai Indians,field,"Wankhede Stadium, Mumbai",Mumbai,0.42857142857142855,0.5,-0.07142857142857145,0.46153846153846156,0.6153846153846154,-0.15384615384615385,0
2023-04-23,Chennai Super Kings,Kolkata Knight Riders,Chennai Super Kings,0,0.5868544600938967,0.5111111111111111,0.07574334898278567,0.8,0.4,0.4,0.6538461538461539,0.34615384615384615,0.3076923076923077,0,1,Kolkata Knight Riders,field,"Eden Gardens, Kolkata",Kolkata,0.5,0.5,0.0,0.45454545454545453,0.6052631578947368,-0.1507177033492823,0
2023-04-23,Royal Challengers Bangalore,Rajasthan Royals,Royal Challengers Bangalore,0,0.48672566371681414,0.5077720207253886,-0.02104635700857449,0.4,0.6,-0.19999999999999996,0.52,0.48,0.040000000000000036,0,1,Rajasthan Royals,field,"M Chinnaswamy Stadium, Bengaluru",Bengaluru,0.5,0.5,0.0,0.5555555555555556,1.0,-0.4444444444444444,0
2023-04-24,Delhi Capitals,Sunrisers Hyderabad,Delhi Capitals,0,0.5151515151515151,0.4935064935064935,0.021645021645021634,0.2,0.4,-0.2,0.625,0.375,0.25,1,1,Delhi Capitals,bat,"Rajiv Gandhi International Stadium, Uppal, Hyderabad",Hyderabad,0.5,0.3333333333333333,0.16666666666666669,1.0,0.6521739130434783,0.34782608695652173,1
2023-04-25,Gujarat Titans,Mumbai Indians,Gujarat Titans,0,0.7272727272727273,0.5665236051502146,0.1607491221225127,0.6,0.6,0.0,0.0,1.0,-1.0,0,1,Mumbai Indians,field,"Narendra Modi Stadium, Ahmedabad",Ahmedabad,0.5,0.5,0.0,0.5,0.5,0.0,0
2023-04-26,Kolkata Knight Riders,Royal Challengers Bangalore,Kolkata Knight Riders,0,0.5088495575221239,0.4889867841409692,0.01986277338115472,0.2,0.6,-0.39999999999999997,0.5483870967741935,0.45161290322580644,0.09677419354838707,0,1,Royal Challengers Bangalore,field,"M Chinnaswamy Stadium, Bengaluru",Bengaluru,0.5,0.6,-0.09999999999999998,1.0,0.5789473684210527,0.42105263157894735,0
2023-04-27,Rajasthan Royals,Chennai Super Kings,Rajasthan Royals,0,0.5051546391752577,0.5887850467289719,-0.0836304075537142,0.6,0.8,-0.20000000000000007,0.4444444444444444,0.5555555555555556,-0.11111111111111116,1,1,Rajasthan Royals,bat,"Sawai Mansingh Stadium, Jaipur",Jaipur,0.0,0.5,-0.5,0.6666666666666666,0.5,0.16666666666666663,1
2023-04-28,Lucknow Super Giants,Punjab Kings,Lucknow Super Giants,0,0.5909090909090909,0.4857142857142857,0.10519480519480523,0.6,0.4,0.19999999999999996,0.5,0.5,0.0,0,1,Punjab Kings,field,"Punjab Cricket Association IS Bindra Stadium, Mohali, Chandigarh",Chandigarh,0.5,0.3333333333333333,0.16666666666666669,0.5,0.3333333333333333,0.16666666666666669,0
2023-04-29,Kolkata Knight Riders,Gujarat Titans,Gujarat Titans,1,0.5110132158590308,0.7391304347826086,-0.22811721892357784,0.2,0.6,-0.39999999999999997,0.5,0.5,0.0,0,1,Gujarat Titans,field,"Eden Gardens, Kolkata",Kolkata,0.3333333333333333,1.0,-0.6666666666666667,0.5974025974025974,1.0,-0.4025974025974026,0
2023-04-29,Sunrisers Hyderabad,Delhi Capitals,Sunrisers Hyderabad,0,0.49032258064516127,0.5223880597014925,-0.032065479056331225,0.4,0.4,0.0,0.3333333333333333,0.6666666666666666,-0.3333333333333333,1,1,Sunrisers Hyderabad,bat,"Arun Jaitley Stadium, Delhi",Delhi,0.0,0.3333333333333333,-0.3333333333333333,0.6,0.4444444444444444,0.15555555555555556,1
2023-04-30,Chennai Super Kings,Punjab Kings,Punjab Kings,1,0.586046511627907,0.4722222222222222,0.11382428940568479,0.6,0.4,0.19999999999999996,0.25,0.75,-0.5,1,1,Chennai Super Kings,bat,"MA Chidambaram Stadium, Chepauk, Chennai",Chennai,0.6666666666666666,0.5,0.16666666666666663,0.7241379310344828,0.5,0.22413793103448276,1
2023-04-30,Rajasthan Royals,Mumbai Indians,Mumbai Indians,1,0.5076923076923077,0.5641025641025641,-0.05641025641025643,0.6,0.6,0.0,0.46153846153846156,0.5384615384615384,-0.07692307692307687,1,1,Rajasthan Royals,bat,"Wankhede Stadium, Mumbai",Mumbai,0.5,0.42857142857142855,0.07142857142857145,0.5517241379310345,0.6086956521739131,-0.05697151424287861,1
2023-05-01,Royal Challengers Bangalore,Lucknow Super Giants,Royal Challengers Bangalore,0,0.4868421052631579,0.6086956521739131,-0.12185354691075517,0.6,0.6,0.0,0.6666666666666666,0.3333333333333333,0.3333333333333333,1,1,Royal Challengers Bangalore,bat,"Bharat Ratna Shri Atal Bihari Vajpayee Ekana Cricket Stadium, Lucknow",Lucknow,0.5,0.5,0.0,0.5,0.5,0.0,1
2023-05-02,Delhi Capitals,Gujarat Titans,Delhi Capitals,0,0.5147058823529411,0.75,-0.23529411764705888,0.4,0.8,-0.4,0.0,1.0,-1.0,1,1,Delhi Capitals,bat,"Narendra Modi Stadium, Ahmedabad",Ahmedabad,0.6666666666666666,0.6,0.06666666666666665,0.6666666666666666,0.6,0.06666666666666665,1
2023-05-03,Punjab Kings,Mumbai Indians,Mumbai Indians,1,0.4864864864864865,0.5659574468085107,-0.07947096032202416,0.6,0.6,0.0,0.75,0.25,0.5,0,1,Mumbai Indians,field,"Punjab Cricket Association IS Bindra Stadium, Mohali, Chandigarh",Chandigarh,0.25,0.5,-0.25,0.25,0.5,-0.25,0
2023-05-04,Kolkata Knight Riders,Sunrisers Hyderabad,Kolkata Knight Riders,0,0.5087719298245614,0.4935897435897436,0.015182186234817818,0.2,0.4,-0.2,0.6086956521739131,0.391304347826087,0.2173913043478261,1,1,Kolkata Knight Riders,bat,"Rajiv Gandhi International Stadium, Uppal, Hyderabad",Hyderabad,0.5,0.25,0.25,0.625,0.6382978723404256,-0.013297872340425565,1
2023-05-05,Rajasthan Royals,Gujarat Titans,Gujarat Titans,1,0.5051020408163265,0.72,-0.2148979591836735,0.4,0.6,-0.19999999999999996,0.25,0.75,-0.5,1,1,Rajasthan Royals,bat,"Sawai Mansingh Stadium, Jaipur",Jaipur,0.5,0.5,0.0,0.673469387755102,0.5,0.173469387755102,1
2023-05-06,Royal Challengers Bangalore,Delhi Capitals,Delhi Capitals,1,0.4890829694323144,0.5217391304347826,-0.03265616100246821,0.6,0.6,0.0,0.5,0.5,0.0,1,1,Royal Challengers Bangalore,bat,"Arun Jaitley Stadium, Delhi",Delhi,0.5,0.25,0.25,0.6666666666666666,0.4,0.2666666666666666,1
2023-05-06,Mumbai Indians,Chennai Super Kings,Chennai Super Kings,1,0.5677966101694916,0.5833333333333334,-0.015536723163841804,0.6,0.6,0.0,0.5714285714285714,0.42857142857142855,0.14285714285714285,0,1,Chennai Super Kings,field,"MA Chidambaram Stadium, Chepauk, Chennai",Chennai,0.4,0.5,-0.09999999999999998,0.5384615384615384,0.711864406779661,-0.17340286831812257,0
2023-05-07,Gujarat Titans,Lucknow Super Giants,Gujarat Titans,0,0.7307692307692307,0.5833333333333334,0.14743589743589736,0.8,0.4,0.4,1.0,0.0,1.0,0,1,Lucknow Super Giants,field,"Narendra Modi Stadium, Ahmedabad",Ahmedabad,0.5,0.5,0.0,0.5,0.5,0.0,0
2023-05-07,Rajasthan Royals,Sunrisers Hyderabad,Sunrisers Hyderabad,1,0.5025380710659898,0.49044585987261147,0.012092211193378333,0.2,0.2,0.0,0.5294117647058824,0.47058823529411764,0.05882352941176472,1,1,Rajasthan Royals,bat,"Sawai Mansingh Stadium, Jaipur",Jaipur,0.3333333333333333,0.5,-0.16666666666666669,0.66,0.3333333333333333,0.3266666666666667,1
2023-05-08,Punjab Kings,Kolkata Knight Riders,Kolkata Knight Riders,1,0.47368421052631576,0.5109170305676856,-0.037232820041369796,0.4,0.4,0.0,0.5,0.5,0.0,1,1,Punjab Kings,bat,"Eden Gardens, Kolkata",Kolkata,0.5,0.25,0.25,0.5,0.5897435897435898,-0.08974358974358976,1
2023-05-09,Royal Challengers Bangalore,Mumbai Indians,Mumbai Indians,1,0.48695652173913045,0.5654008438818565,-0.07844432214272606,0.6,0.4,0.19999999999999996,0.43333333333333335,0.5666666666666667,-0.1333333333333333,0,1,Mumbai Indians,field,"Wankhede Stadium, Mumbai",Mumbai,0.8333333333333334,0.5,0.33333333333333337,0.46153846153846156,0.6129032258064516,-0.15136476426799006,0
2023-05-10,Chennai Super Kings,Delhi Capitals,Chennai Super Kings,0,0.5852534562211982,0.5285714285714286,0.056682027649769595,0.6,0.8,-0.20000000000000007,0.5555555555555556,0.4444444444444444,0.11111111111111116,1,1,Chennai Super Kings,bat,"MA Chidambaram Stadium, Chepauk, Chennai",Chennai,0.6,1.0,-0.4,0.7166666666666667,0.5,0.21666666666666667,1
2023-05-11,Kolkata Knight Riders,Rajasthan Royals,Rajasthan Royals,1,0.5130434782608696,0.5,0.013043478260869601,0.6,0.2,0.39999999999999997,0.5833333333333334,0.4166666666666667,0.16666666666666669,0,1,Rajasthan Royals,field,"Eden Gardens, Kolkata",Kolkata,0.4,0.0,0.4,0.5949367088607594,0.2,0.39493670886075943,0
2023-05-12,Mumbai Indians,Gujarat Titans,Mumbai Indians,0,0.5672268907563025,0.7407407407407407,-0.1735138499844382,0.6,0.8,-0.20000000000000007,0.5,0.5,0.0,0,1,Gujarat Titans,field,"Wankhede Stadium, Mumbai",Mumbai,0.5555555555555556,0.75,-0.19444444444444442,0.6170212765957447,0.6666666666666666,-0.049645390070921946,0
2023-05-13,Sunrisers Hyderabad,Lucknow Super Giants,Lucknow Super Giants,1,0.4936708860759494,0.56,-0.06632911392405066,0.4,0.4,0.0,0.0,1.0,-1.0,1,1,Sunrisers Hyderabad,bat,"Rajiv Gandhi International Stadium, Uppal, Hyderabad",Hyderabad,0.2,0.5,-0.3,0.625,0.5,0.125,1
2023-05-13,Punjab Kings,Delhi Capitals,Punjab Kings,0,0.46153846153846156,0.5211267605633803,-0.05958829902491869,0.4,0.6,-0.19999999999999996,0.0,1.0,-1.0,0,1,Delhi Capitals,field,"Arun Jaitley Stadium, Delhi",Delhi,0.5,0.4,0.09999999999999998,0.5,0.45454545454545453,0.04545454545454547,0
2023-05-14,Royal Challengers Bangalore,Rajasthan Royals,Royal Challengers Bangalore,0,0.48484848484848486,0.5025125628140703,-0.017664077965585445,0.4,0.4,0.0,0.5384615384615384,0.46153846153846156,0.07692307692307687,1,1,Royal Challengers Bangalore,bat,"Sawai Mansingh Stadium, Jaipur",Jaipur,0.5,0.25,0.25,0.42857142857142855,0.6470588235294118,-0.21848739495798325,1
2023-05-14,Chennai Super Kings,Kolkata Knight Riders,Kolkata Knight Riders,1,0.5871559633027523,0.5108225108225108,0.07633345248024148,0.6,0.6,0.0,0.6666666666666666,0.3333333333333333,0.3333333333333333,1,1,Chennai Super Kings,bat,"MA Chidambaram Stadium, Chepauk, Chennai",Chennai,0.6666666666666666,0.3333333333333333,0.3333333333333333,0.7213114754098361,0.25,0.4713114754098361,1
2023-05-15,Gujarat Titans,Sunrisers Hyderabad,Gujarat Titans,0,0.7142857142857143,0.49056603773584906,0.22371967654986524,0.6,0.4,0.19999999999999996,0.5,0.5,0.0,0,1,Sunrisers Hyderabad,field,"Narendra Modi Stadium, Ahmedabad",Ahmedabad,0.5714285714285714,0.5,0.0714285714285714,0.5714285714285714,1.0,-0.4285714285714286,0
2023-05-16,Lucknow Super Giants,Mumbai Indians,Lucknow Super Giants,0,0.5769230769230769,0.5690376569037657,0.00788542001931114,0.4,0.8,-0.4,1.0,0.0,1.0,0,1,Mumbai Indians,field,"Bharat Ratna Shri Atal Bihari Vajpayee Ekana Cricket Stadium, Lucknow",Lucknow,0.4,0.5,-0.09999999999999998,0.4,0.5,-0.09999999999999998,0
2023-05-17,Delhi Capitals,Punjab Kings,Delhi Capitals,0,0.5138888888888888,0.475,0.03888888888888886,0.4,0.4,0.0,0.8,0.2,0.6000000000000001,0,1,Punjab Kings,field,"Himachal Pradesh Cricket Association Stadium, Dharamsala",Dharamsala,0.5,0.5,0.0,0.5,0.5,0.0,0
2023-05-18,Sunrisers Hyderabad,Royal Challengers Bangalore,Royal Challengers Bangalore,1,0.4875,0.4870689655172414,0.0004310344827586077,0.4,0.4,0.0,0.55,0.45,0.10000000000000003,0,1,Royal Challengers Bangalore,field,"Rajiv Gandhi International Stadium, Uppal, Hyderabad",Hyderabad,0.16666666666666666,0.5,-0.33333333333333337,0.6122448979591837,0.2222222222222222,0.3900226757369615,0
2023-05-19,Punjab Kings,Rajasthan Royals,Rajasthan Royals,1,0.4634146341463415,0.5,-0.036585365853658514,0.4,0.2,0.2,0.5,0.5,0.0,0,1,Rajasthan Royals,field,"Himachal Pradesh Cricket Association Stadium, Dharamsala",Dharamsala,0.0,0.5,-0.5,0.0,0.5,-0.5,0
2023-05-20,Chennai Super Kings,Delhi Capitals,Chennai Super Kings,0,0.5844748858447488,0.5205479452054794,0.0639269406392694,0.4,0.6,-0.19999999999999996,0.6,0.4,0.19999999999999996,1,1,Chennai Super Kings,bat,"Arun Jaitley Stadium, Delhi",Delhi,0.5,0.3333333333333333,0.16666666666666669,0.7,0.4166666666666667,0.28333333333333327,1
2023-05-20,Lucknow Super Giants,Kolkata Knight Riders,Lucknow Super Giants,0,0.5925925925925926,0.5129310344827587,0.07966155810983389,0.6,0.6,0.0,1.0,0.0,1.0,0,1,Kolkata Knight Riders,field,"Eden Gardens, Kolkata",Kolkata,0.0,0.3333333333333333,-0.3333333333333333,0.0,0.5875,-0.5875,0
2023-05-21,Sunrisers Hyderabad,Mumbai Indians,Mumbai Indians,1,0.484472049689441,0.5666666666666667,-0.08219461697722563,0.2,0.6,-0.39999999999999997,0.47368421052631576,0.5263157894736842,-0.05263157894736842,0,1,Mumbai Indians,field,"Wankhede Stadium, Mumbai",Mumbai,0.25,0.6,-0.35,0.4444444444444444,0.6210526315789474,-0.176608187134503,0
2023-05-21,Royal Challengers Bangalore,Gujarat Titans,Gujarat Titans,1,0.4892703862660944,0.7241379310344828,-0.23486754476838834,0.6,0.6,0.0,0.5,0.5,0.0,0,1,Gujarat Titans,field,"M Chinnaswamy Stadium, Bengaluru",Bengaluru,0.5,0.5,0.0,0.55,0.5,0.050000000000000044,0
2023-05-23,Chennai Super Kings,Gujarat Titans,Chennai Super Kings,0,0.5863636363636363,0.7333333333333333,-0.14696969696969697,0.6,0.8,-0.20000000000000007,0.0,1.0,-1.0,0,1,Gujarat Titans,field,"MA Chidambaram Stadium, Chepauk, Chennai",Chennai,0.5714285714285714,0.5,0.0714285714285714,0.7096774193548387,0.5,0.20967741935483875,0
2023-05-24,Mumbai Indians,Lucknow Super Giants,Mumbai Indians,0,0.5684647302904564,0.6071428571428571,-0.038678126852400685,0.6,0.6,0.0,0.0,1.0,-1.0,1,1,Mumbai Indians,bat,"MA Chidambaram Stadium, Chepauk, Chennai",Chennai,0.3333333333333333,0.0,0.3333333333333333,0.5,0.0,0.5,1
2023-05-26,Gujarat Titans,Mumbai Indians,Gujarat Titans,0,0.7096774193548387,0.5702479338842975,0.13942948547054124,0.6,0.8,-0.20000000000000007,0.3333333333333333,0.6666666666666666,-0.3333333333333333,0,1,Mumbai Indians,field,"Narendra Modi Stadium, Ahmedabad",Ahmedabad,0.625,0.0,0.625,0.625,0.3333333333333333,0.2916666666666667,0
2023-05-29,Gujarat Titans,Chennai Super Kings,Chennai Super Kings,1,0.71875,0.5882352941176471,0.13051470588235292,0.6,0.8,-0.20000000000000007,0.75,0.25,0.5,0,1,Chennai Super Kings,field,"Narendra Modi Stadium, Ahmedabad",Ahmedabad,0.6666666666666666,0.0,0.6666666666666666,0.6666666666666666,0.0,0.6666666666666666,0
2024-03-22,Royal Challengers Bengaluru,Chennai Super Kings,Chennai Super Kings,1,0.5,0.5900900900900901,-0.09009009009009006,0.5,0.8,-0.30000000000000004,0.5,0.5,0.0,1,1,Royal Challengers Bengaluru,bat,"MA Chidambaram Stadium, Chepauk, Chennai",Chennai,0.5,0.625,-0.125,0.5,0.7142857142857143,-0.2142857142857143,1
2024-03-23,Kolkata Knight Riders,Sunrisers Hyderabad,Kolkata Knight Riders,0,0.5107296137339056,0.48148148148148145,0.02924813225242412,0.6,0.2,0.39999999999999997,0.625,0.375,0.25,0,1,Sunrisers Hyderabad,field,"Eden Gardens, Kolkata",Kolkata,0.2857142857142857,1.0,-0.7142857142857143,0.5802469135802469,0.3333333333333333,0.24691358024691362,0
2024-03-23,Delhi Capitals,Punjab Kings,Punjab Kings,1,0.5135135135135135,0.4523809523809524,0.0611325611325611,0.4,0.2,0.2,0.8333333333333334,0.16666666666666666,0.6666666666666667,0,1,Punjab Kings,field,"Maharaja Yadavindra Singh International Cricket Stadium, Mullanpur",Mohali,0.5,0.5,0.0,0.5,0.5,0.0,0
2024-03-24,Rajasthan Royals,Lucknow Super Giants,Rajasthan Royals,0,0.5024875621890548,0.5862068965517241,-0.08371933436266932,0.4,0.6,-0.19999999999999996,0.6666666666666666,0.3333333333333333,0.3333333333333333,1,1,Rajasthan Royals,bat,"Sawai Mansingh Stadium, Jaipur",Jaipur,0.2,1.0,-0.8,0.6346153846153846,1.0,-0.3653846153846154,1
2024-03-24,Gujarat Titans,Mumbai Indians,Gujarat Titans,0,0.696969696969697,0.5679012345679012,0.1290684624017958,0.6,0.6,0.0,0.5,0.5,0.0,0,1,Mumbai Indians,field,"Narendra Modi Stadium, Ahmedabad",Ahmedabad,0.6,0.0,0.6,0.6,0.25,0.35,0
2024-03-25,Punjab Kings,Royal Challengers Bengaluru,Royal Challengers Bengaluru,1,0.46511627906976744,0.0,0.46511627906976744,0.4,0.0,0.4,0.5,0.5,0.0,0,1,Royal Challengers Bengaluru,field,"M Chinnaswamy Stadium, Bengaluru",Bengaluru,0.5,0.5,0.0,0.5,0.5,0.0,0
2024-03-26,Chennai Super Kings,Gujarat Titans,Chennai Super Kings,0,0.5919282511210763,0.7058823529411765,-0.11395410182010024,0.8,0.6,0.20000000000000007,0.4,0.6,-0.19999999999999996,0,1,Gujarat Titans,field,"MA Chidambaram Stadium, Chepauk, Chennai",Chennai,0.6666666666666666,0.0,0.6666666666666666,0.71875,0.0,0.71875,0
2024-03-27,Sunrisers Hyderabad,Mumbai Indians,Sunrisers Hyderabad,0,0.4785276073619632,0.5655737704918032,-0.08704616312984004,0.0,0.4,-0.4,0.45,0.55,-0.10000000000000003,0,1,Mumbai Indians,field,"Rajiv Gandhi International Stadium, Uppal, Hyderabad",Hyderabad,0.14285714285714285,1.0,-0.8571428571428572,0.6,0.6666666666666666,-0.06666666666666665,0
2024-03-28,Rajasthan Royals,Delhi Capitals,Rajasthan Royals,0,0.504950495049505,0.5066666666666667,-0.0017161716171617547,0.6,0.2,0.39999999999999997,0.3333333333333333,0.6666666666666666,-0.3333333333333333,0,1,Delhi Capitals,field,"Sawai Mansingh Stadium, Jaipur",Jaipur,0.3333333333333333,0.5,-0.16666666666666669,0.6415094339622641,1.0,-0.3584905660377359,0
2024-03-29,Royal Challengers Bengaluru,Kolkata Knight Riders,Kolkata Knight Riders,1,0.5,0.5128205128205128,-0.012820512820512775,0.5,0.6,-0.09999999999999998,0.5,0.5,0.0,0,1,Kolkata Knight Riders,field,"M Chinnaswamy Stadium, Bengaluru",Bengaluru,1.0,1.0,0.0,1.0,1.0,0.0,0
2024-03-30,Lucknow Super Giants,Punjab Kings,Lucknow Super Giants,0,0.5666666666666667,0.45454545454545453,0.11212121212121212,0.6,0.4,0.19999999999999996,0.6666666666666666,0.3333333333333333,0.3333333333333333,1,1,Lucknow Super Giants,bat,"Bharat Ratna Shri Atal Bihari Vajpayee Ekana Cricket Stadium, Lucknow",Lucknow,0.5,1.0,-0.5,0.5,1.0,-0.5,1
2024-03-31,Delhi Capitals,Chennai Super Kings,Delhi Capitals,0,0.5,0.59375,-0.09375,0.2,1.0,-0.8,0.36363636363636365,0.6363636363636364,-0.2727272727272727,1,1,Delhi Capitals,bat,"Dr. Y.S. Rajasekhara Reddy ACA-VDCA Cricket Stadium, Visakhapatnam",Visakhapatnam,0.5,0.5,0.0,0.5,1.0,-0.5,1
2024-03-31,Sunrisers Hyderabad,Gujarat Titans,Gujarat Titans,1,0.4817073170731707,0.6857142857142857,-0.204006968641115,0.2,0.4,-0.2,0.3333333333333333,0.6666666666666666,-0.3333333333333333,1,1,Sunrisers Hyderabad,bat,"Narendra Modi Stadium, Ahmedabad",Ahmedabad,0.0,0.6363636363636364,-0.6363636363636364,0.5,0.6363636363636364,-0.13636363636363635,1
2024-04-01,Mumbai Indians,Rajasthan Royals,Rajasthan Royals,1,0.563265306122449,0.5073891625615764,0.05587614356087256,0.4,0.8,-0.4,0.5555555555555556,0.4444444444444444,0.11111111111111116,0,1,Rajasthan Royals,field,"Wankhede Stadium, Mumbai",Mumbai,0.6363636363636364,0.45454545454545453,0.18181818181818182,0.625,0.5333333333333333,0.09166666666666667,0
2024-04-02,Lucknow Super Giants,Royal Challengers Bengaluru,Lucknow Super Giants,0,0.5806451612903226,0.3333333333333333,0.2473118279569893,0.6,0.3333333333333333,0.26666666666666666,0.5,0.5,0.0,0,1,Royal Challengers Bengaluru,field,"M Chinnaswamy Stadium, Bengaluru",Bengaluru,1.0,0.5,0.5,1.0,0.5,0.5,0
2024-04-03,Kolkata Knight Riders,Delhi Capitals,Kolkata Knight Riders,0,0.5148936170212766,0.5064935064935064,0.008400110527770122,0.6,0.4,0.19999999999999996,0.3333333333333333,0.6666666666666666,-0.3333333333333333,1,1,Kolkata Knight Riders,bat,"Dr. Y.S. Rajasekhara Reddy ACA-VDCA Cricket Stadium, Visakhapatnam",Visakhapatnam,0.5,1.0,-0.5,0.0,0.6666666666666666,-0.6666666666666666,1
2024-04-04,Gujarat Titans,Punjab Kings,Punjab Kings,1,0.6944444444444444,0.4444444444444444,0.25,0.6,0.2,0.39999999999999997,0.6666666666666666,0.3333333333333333,0.3333333333333333,0,1,Punjab Kings,field,"Narendra Modi Stadium, Ahmedabad",Ahmedabad,0.6666666666666666,0.3333333333333333,0.3333333333333333,0.6666666666666666,0.3333333333333333,0.3333333333333333,0
2024-04-05,Chennai Super Kings,Sunrisers Hyderabad,Sunrisers Hyderabad,1,0.5911111111111111,0.47878787878787876,0.11232323232323238,0.8,0.2,0.6000000000000001,0.7368421052631579,0.2631578947368421,0.47368421052631576,0,1,Sunrisers Hyderabad,field,"Rajiv Gandhi International Stadium, Uppal, Hyderabad",Hyderabad,0.5,0.25,0.25,0.5,0.6078431372549019,-0.10784313725490191,0
2024-04-06,Royal Challengers Bengaluru,Rajasthan Royals,Rajasthan Royals,1,0.25,0.5098039215686274,-0.2598039215686274,0.25,0.8,-0.55,0.5,0.5,0.0,0,1,Rajasthan Royals,field,"Sawai Mansingh Stadium, Jaipur",Jaipur,0.5,0.42857142857142855,0.07142857142857145,0.5,0.6481481481481481,-0.14814814814814814,0
2024-04-07,Mumbai Indians,Delhi Capitals,Mumbai Indians,0,0.5609756097560976,0.5,0.060975609756097615,0.2,0.2,0.0,0.6363636363636364,0.36363636363636365,0.2727272727272727,0,1,Delhi Capitals,field,"Wankhede Stadium, Mumbai",Mumbai,0.5833333333333334,0.375,0.20833333333333337,0.6185567010309279,0.5714285714285714,0.04712812960235646,0
2024-04-07,Lucknow Super Giants,Gujarat Titans,Lucknow Super Giants,0,0.59375,0.6756756756756757,-0.08192567567567566,0.6,0.4,0.19999999999999996,0.0,1.0,-1.0,1,1,Lucknow Super Giants,bat,"Bharat Ratna Shri Atal Bihari Vajpayee Ekana Cricket Stadium, Lucknow",Lucknow,0.5714285714285714,1.0,-0.4285714285714286,0.5714285714285714,1.0,-0.4285714285714286,1
2024-04-08,Kolkata Knight Riders,Chennai Super Kings,Chennai Super Kings,1,0.5169491525423728,0.588495575221239,-0.07154642267886613,0.8,0.6,0.20000000000000007,0.35714285714285715,0.6428571428571429,-0.28571428571428575,0,1,Chennai Super Kings,field,"MA Chidambaram Stadium, Chepauk, Chennai",Chennai,0.5,0.7,-0.19999999999999996,0.3076923076923077,0.7230769230769231,-0.41538461538461535,0
2024-04-09,Sunrisers Hyderabad,Punjab Kings,Sunrisers Hyderabad,0,0.4819277108433735,0.45652173913043476,0.025405971712938735,0.4,0.4,0.0,0.6,0.4,0.19999999999999996,0,1,Punjab Kings,field,"Maharaja Yadavindra Singh International Cricket Stadium, Mullanpur",Mohali,0.5,1.0,-0.5,0.5,1.0,-0.5,0
2024-04-10,Rajasthan Royals,Gujarat Titans,Gujarat Titans,1,0.5121951219512195,0.6578947368421053,-0.1456996148908858,1.0,0.4,0.6,0.2,0.8,-0.6000000000000001,0,1,Gujarat Titans,field,"Sawai Mansingh Stadium, Jaipur",Jaipur,0.5,1.0,-0.5,0.6545454545454545,1.0,-0.34545454545454546,0
2024-04-11,Royal Challengers Bengaluru,Mumbai Indians,Mumbai Indians,1,0.2,0.562753036437247,-0.36275303643724693,0.2,0.2,0.0,0.5,0.5,0.0,0,1,Mumbai Indians,field,"Wankhede Stadium, Mumbai",Mumbai,0.5,0.6153846153846154,-0.11538461538461542,0.5,0.6224489795918368,-0.12244897959183676,0
2024-04-12,Lucknow Super Giants,Delhi Capitals,Delhi Capitals,1,0.6060606060606061,0.4936708860759494,0.11238971998465669,0.6,0.2,0.39999999999999997,1.0,0.0,1.0,1,1,Lucknow Super Giants,bat,"Bharat Ratna Shri Atal Bihari Vajpayee Ekana Cricket Stadium, Lucknow",Lucknow,0.625,0.0,0.625,0.625,0.0,0.625,1
2024-04-13,Punjab Kings,Rajasthan Royals,Rajasthan Royals,1,0.44680851063829785,0.5097087378640777,-0.06290022722577981,0.4,0.8,-0.4,0.4,0.6,-0.19999999999999996,0,1,Rajasthan Royals,field,"Maharaja Yadavindra Singh International Cricket Stadium, Mullanpur",Mohali,0.5,0.5,0.0,0.5,0.5,0.0,0
2024-04-14,Lucknow Super Giants,Kolkata Knight Riders,Kolkata Knight Riders,1,0.5882352941176471,0.5147679324894515,0.07346736162819556,0.6,0.6,0.0,1.0,0.0,1.0,0,1,Kolkata Knight Riders,field,"Eden Gardens, Kolkata",Kolkata,0.5,0.375,0.125,0.5,0.5853658536585366,-0.08536585365853655,0
2024-04-14,Chennai Super Kings,Mumbai Indians,Chennai Super Kings,0,0.5903083700440529,0.5645161290322581,0.02579224101179478,0.6,0.4,0.19999999999999996,0.4444444444444444,0.5555555555555556,-0.11111111111111116,0,1,Mumbai Indians,field,"Wankhede Stadium, Mumbai",Mumbai,0.5,0.6428571428571429,-0.1428571428571429,0.4857142857142857,0.6262626262626263,-0.1405483405483406,0
2024-04-15,Sunrisers Hyderabad,Royal Challengers Bengaluru,Sunrisers Hyderabad,0,0.48502994011976047,0.16666666666666666,0.3183632734530938,0.6,0.2,0.39999999999999997,0.5,0.5,0.0,0,1,Royal Challengers Bengaluru,field,"M Chinnaswamy Stadium, Bengaluru",Bengaluru,0.5,0.3333333333333333,0.16666666666666669,0.0,0.3333333333333333,-0.3333333333333333,0
2024-04-16,Kolkata Knight Riders,Rajasthan Royals,Rajasthan Royals,1,0.5168067226890757,0.5120772946859904,0.00472942800308529,0.8,0.8,0.0,0.56,0.44,0.12000000000000005,0,1,Rajasthan Royals,field,"Eden Gardens, Kolkata",Kolkata,0.4444444444444444,0.5,-0.05555555555555558,0.5903614457831325,0.2727272727272727,0.31763417305585984,0
2024-04-17,Gujarat Titans,Delhi Capitals,Delhi Capitals,1,0.6666666666666666,0.5,0.16666666666666663,0.4,0.4,0.0,0.6666666666666666,0.3333333333333333,0.3333333333333333,0,1,Delhi Capitals,field,"Narendra Modi Stadium, Ahmedabad",Ahmedabad,0.6153846153846154,0.75,-0.13461538461538458,0.6153846153846154,0.75,-0.13461538461538458,0
2024-04-18,Mumbai Indians,Punjab Kings,Mumbai Indians,0,0.5622489959839357,0.4375,0.12474899598393574,0.4,0.2,0.2,0.4,0.6,-0.19999999999999996,0,1,Punjab Kings,field,"Maharaja Yadavindra Singh International Cricket Stadium, Mullanpur",Mohali,0.5,0.3333333333333333,0.16666666666666669,0.5,0.3333333333333333,0.16666666666666669,0
2024-04-19,Chennai Super Kings,Lucknow Super Giants,Lucknow Super Giants,1,0.5921052631578947,0.5714285714285714,0.020676691729323293,0.6,0.6,0.0,0.5,0.5,0.0,0,1,Lucknow Super Giants,field,"Bharat Ratna Shri Atal Bihari Vajpayee Ekana Cricket Stadium, Lucknow",Lucknow,0.5,0.5555555555555556,-0.05555555555555558,0.5,0.5555555555555556,-0.05555555555555558,0
2024-04-20,Sunrisers Hyderabad,Delhi Capitals,Sunrisers Hyderabad,0,0.4880952380952381,0.5061728395061729,-0.018077601410934785,0.8,0.6,0.20000000000000007,0.4,0.6,-0.19999999999999996,0,1,Delhi Capitals,field,"Arun Jaitley Stadium, Delhi",Delhi,0.3333333333333333,0.2857142857142857,0.047619047619047616,0.6363636363636364,0.38461538461538464,0.2517482517482517,0
2024-04-21,Punjab Kings,Gujarat Titans,Gujarat Titans,1,0.42857142857142855,0.65,-0.22142857142857147,0.2,0.4,-0.2,0.5,0.5,0.0,1,1,Punjab Kings,bat,"Maharaja Yadavindra Singh International Cricket Stadium, Mullanpur",Mohali,0.25,0.5,-0.25,0.25,0.5,-0.25,1
2024-04-21,Kolkata Knight Riders,Royal Challengers Bengaluru,Kolkata Knight Riders,0,0.5146443514644351,0.14285714285714285,0.37178720860729225,0.6,0.0,0.6,1.0,0.0,1.0,0,1,Royal Challengers Bengaluru,field,"Eden Gardens, Kolkata",Kolkata,0.4,0.5,-0.09999999999999998,0.5833333333333334,0.5,0.08333333333333337,0
2024-04-22,Mumbai Indians,Rajasthan Royals,Rajasthan Royals,1,0.564,0.5144230769230769,0.049576923076923074,0.6,0.8,-0.20000000000000007,0.5357142857142857,0.4642857142857143,0.0714285714285714,1,1,Mumbai Indians,bat,"Sawai Mansingh Stadium, Jaipur",Jaipur,0.5,0.4444444444444444,0.05555555555555558,0.2857142857142857,0.6428571428571429,-0.3571428571428572,1
2024-04-23,Chennai Super Kings,Lucknow Super Giants,Lucknow Super Giants,1,0.5895196506550219,0.5833333333333334,0.006186317321688506,0.4,0.6,-0.19999999999999996,0.3333333333333333,0.6666666666666666,-0.3333333333333333,0,1,Lucknow Super Giants,field,"MA Chidambaram Stadium, Chepauk, Chennai",Chennai,0.7272727272727273,0.0,0.7272727272727273,0.7272727272727273,0.0,0.7272727272727273,0
2024-04-24,Delhi Capitals,Gujarat Titans,Delhi Capitals,0,0.5,0.6585365853658537,-0.1585365853658537,0.4,0.4,0.0,0.5,0.5,0.0,0,1,Gujarat Titans,field,"Arun Jaitley Stadium, Delhi",Delhi,0.25,1.0,-0.75,0.35714285714285715,1.0,-0.6428571428571428,0
2024-04-25,Royal Challengers Bengaluru,Sunrisers Hyderabad,Royal Challengers Bengaluru,0,0.125,0.4911242603550296,-0.3661242603550296,0.0,0.8,-0.8,0.0,1.0,-1.0,1,1,Royal Challengers Bengaluru,bat,"Rajiv Gandhi International Stadium, Uppal, Hyderabad",Hyderabad,0.5,0.3333333333333333,0.16666666666666669,0.5,0.6153846153846154,-0.11538461538461542,1
2024-04-26,Kolkata Knight Riders,Punjab Kings,Punjab Kings,1,0.5166666666666667,0.42,0.09666666666666673,0.6,0.2,0.39999999999999997,0.6,0.4,0.19999999999999996,0,1,Punjab Kings,field,"Eden Gardens, Kolkata",Kolkata,0.45454545454545453,0.0,0.45454545454545453,0.5882352941176471,0.0,0.5882352941176471,0
2024-04-27,Lucknow Super Giants,Rajasthan Royals,Rajasthan Royals,1,0.5945945945945946,0.5167464114832536,0.07784818311134101,0.6,0.8,-0.20000000000000007,0.25,0.75,-0.5,0,1,Rajasthan Royals,field,"Bharat Ratna Shri Atal Bihari Vajpayee Ekana Cricket Stadium, Lucknow",Lucknow,0.6,0.5,0.09999999999999998,0.6,0.5,0.09999999999999998,0
2024-04-27,Delhi Capitals,Mumbai Indians,Delhi Capitals,0,0.5060240963855421,0.5617529880478087,-0.05572889166226658,0.6,0.6,0.0,0.3333333333333333,0.6666666666666666,-0.3333333333333333,0,1,Mumbai Indians,field,"Arun Jaitley Stadium, Delhi",Delhi,0.3333333333333333,1.0,-0.6666666666666667,0.4,0.5,-0.09999999999999998,0
2024-04-28,Chennai Super Kings,Sunrisers Hyderabad,Chennai Super Kings,0,0.5869565217391305,0.48823529411764705,0.09872122762148344,0.4,0.8,-0.4,0.7,0.3,0.39999999999999997,0,1,Sunrisers Hyderabad,field,"MA Chidambaram Stadium, Chepauk, Chennai",Chennai,0.6666666666666666,0.2,0.4666666666666666,0.7164179104477612,0.125,0.5914179104477612,0
2024-04-28,Gujarat Titans,Royal Challengers Bengaluru,Royal Challengers Bengaluru,1,0.6428571428571429,0.2222222222222222,0.4206349206349207,0.4,0.2,0.2,0.5,0.5,0.0,0,1,Royal Challengers Bengaluru,field,"Narendra Modi Stadium, Ahmedabad",Ahmedabad,0.5714285714285714,0.5,0.0714285714285714,0.5714285714285714,0.5,0.0714285714285714,0
2024-04-29,Delhi Capitals,Kolkata Knight Riders,Kolkata Knight Riders,1,0.5119047619047619,0.5145228215767634,-0.0026180596720015714,0.8,0.4,0.4,0.6,0.4,0.19999999999999996,1,1,Delhi Capitals,bat,"Eden Gardens, Kolkata",Kolkata,0.5,0.4166666666666667,0.08333333333333331,1.0,0.5813953488372093,0.41860465116279066,1
2024-04-30,Mumbai Indians,Lucknow Super Giants,Lucknow Super Giants,1,0.5595238095238095,0.5789473684210527,-0.01942355889724312,0.4,0.4,0.0,0.25,0.75,-0.5,0,1,Lucknow Super Giants,field,"Bharat Ratna Shri Atal Bihari Vajpayee Ekana Cricket Stadium, Lucknow",Lucknow,0.0,0.5454545454545454,-0.5454545454545454,0.0,0.5454545454545454,-0.5454545454545454,0
2024-05-01,Chennai Super Kings,Punjab Kings,Punjab Kings,1,0.5887445887445888,0.43137254901960786,0.15737203972498093,0.6,0.2,0.39999999999999997,0.2,0.8,-0.6000000000000001,0,1,Punjab Kings,field,"MA Chidambaram Stadium, Chepauk, Chennai",Chennai,0.6923076923076923,0.6666666666666666,0.02564102564102566,0.7205882352941176,0.6666666666666666,0.05392156862745101,0
2024-05-02,Sunrisers Hyderabad,Rajasthan Royals,Sunrisers Hyderabad,0,0.4853801169590643,0.5190476190476191,-0.03366750208855479,0.6,0.8,-0.20000000000000007,0.5,0.5,0.0,1,1,Sunrisers Hyderabad,bat,"Rajiv Gandhi International Stadium, Uppal, Hyderabad",Hyderabad,0.3,1.0,-0.7,0.6037735849056604,0.42857142857142855,0.1752021563342318,1
2024-05-03,Kolkata Knight Riders,Mumbai Indians,Kolkata Knight Riders,0,0.5165289256198347,0.5573122529644269,-0.040783327344592224,0.6,0.2,0.39999999999999997,0.28125,0.71875,-0.4375,0,1,Mumbai Indians,field,"Wankhede Stadium, Mumbai",Mumbai,0.42857142857142855,0.6,-0.17142857142857143,0.25,0.62,-0.37,0
2024-05-04,Gujarat Titans,Royal Challengers Bengaluru,Royal Challengers Bengaluru,1,0.627906976744186,0.3,0.32790697674418606,0.4,0.4,0.0,0.0,1.0,-1.0,0,1,Royal Challengers Bengaluru,field,"M Chinnaswamy Stadium, Bengaluru",Bengaluru,1.0,0.25,0.75,1.0,0.25,0.75,0
2024-05-05,Kolkata Knight Riders,Lucknow Super Giants,Kolkata Knight Riders,0,0.5185185185185185,0.5897435897435898,-0.07122507122507127,0.6,0.6,0.0,0.25,0.75,-0.5,0,1,Lucknow Super Giants,field,"Bharat Ratna Shri Atal Bihari Vajpayee Ekana Cricket Stadium, Lucknow",Lucknow,0.5,0.5833333333333334,-0.08333333333333337,0.5,0.5833333333333334,-0.08333333333333337,0
2024-05-05,Chennai Super Kings,Punjab Kings,Chennai Super Kings,0,0.5862068965517241,0.4423076923076923,0.1438992042440318,0.4,0.4,0.0,0.16666666666666666,0.8333333333333334,-0.6666666666666667,0,1,Punjab Kings,field,"Himachal Pradesh Cricket Association Stadium, Dharamsala",Dharamsala,0.5,0.0,0.5,0.5,0.0,0.5,0
2024-05-06,Sunrisers Hyderabad,Mumbai Indians,Mumbai Indians,1,0.4883720930232558,0.5551181102362205,-0.06674601721296469,0.6,0.2,0.39999999999999997,0.47619047619047616,0.5238095238095238,-0.04761904761904767,0,1,Mumbai Indians,field,"Wankhede Stadium, Mumbai",Mumbai,0.2,0.5625,-0.3625,0.42105263157894735,0.6138613861386139,-0.1928087545596665,0
2024-05-07,Delhi Capitals,Rajasthan Royals,Delhi Capitals,0,0.5058823529411764,0.5165876777251185,-0.010705324783942038,0.6,0.8,-0.20000000000000007,0.6,0.4,0.19999999999999996,0,1,Rajasthan Royals,field,"Arun Jaitley Stadium, Delhi",Delhi,0.4,0.5,-0.09999999999999998,0.4375,0.45454545454545453,-0.01704545454545453,0
2024-05-08,Lucknow Super Giants,Sunrisers Hyderabad,Sunrisers Hyderabad,1,0.575,0.48554913294797686,0.0894508670520231,0.6,0.4,0.19999999999999996,1.0,0.0,1.0,1,1,Lucknow Super Giants,bat,"Rajiv Gandhi International Stadium, Uppal, Hyderabad",Hyderabad,1.0,0.36363636363636365,0.6363636363636364,1.0,0.6111111111111112,0.38888888888888884,1
2024-05-09,Royal Challengers Bengaluru,Punjab Kings,Royal Challengers Bengaluru,0,0.36363636363636365,0.4339622641509434,-0.07032590051457976,0.6,0.4,0.19999999999999996,1.0,0.0,1.0,0,1,Punjab Kings,field,"Himachal Pradesh Cricket Association Stadium, Dharamsala",Dharamsala,0.5,0.0,0.5,0.5,0.0,0.5,0
2024-05-10,Gujarat Titans,Chennai Super Kings,Gujarat Titans,0,0.6136363636363636,0.5879828326180258,0.025653531018337894,0.2,0.4,-0.2,0.5,0.5,0.0,0,1,Chennai Super Kings,field,"Narendra Modi Stadium, Ahmedabad",Ahmedabad,0.5333333333333333,0.5,0.033333333333333326,0.5333333333333333,0.25,0.2833333333333333,0
2024-05-11,Kolkata Knight Riders,Mumbai Indians,Kolkata Knight Riders,0,0.5204918032786885,0.5568627450980392,-0.036370941819350744,0.8,0.2,0.6000000000000001,0.30303030303030304,0.696969696969697,-0.393939393939394,0,1,Mumbai Indians,field,"Eden Gardens, Kolkata",Kolkata,0.46153846153846156,0.5,-0.038461538461538436,0.5862068965517241,0.7692307692307693,-0.18302387267904519,0
2024-05-12,Rajasthan Royals,Chennai Super Kings,Chennai Super Kings,1,0.5141509433962265,0.5854700854700855,-0.07131914207385903,0.6,0.4,0.19999999999999996,0.4642857142857143,0.5357142857142857,-0.0714285714285714,1,1,Rajasthan Royals,bat,"MA Chidambaram Stadium, Chepauk, Chennai",Chennai,1.0,0.6428571428571429,0.3571428571428571,0.25,0.7101449275362319,-0.46014492753623193,1
2024-05-12,Royal Challengers Bengaluru,Delhi Capitals,Royal Challengers Bengaluru,0,0.4166666666666667,0.5116279069767442,-0.09496124031007752,0.8,0.6,0.20000000000000007,0.5,0.5,0.0,0,1,Delhi Capitals,field,"M Chinnaswamy Stadium, Bengaluru",Bengaluru,0.4,0.0,0.4,0.4,0.5,-0.09999999999999998,0
2024-05-14,Delhi Capitals,Lucknow Super Giants,Delhi Capitals,0,0.5057471264367817,0.5609756097560976,-0.05522848331931596,0.6,0.4,0.19999999999999996,0.25,0.75,-0.5,0,1,Lucknow Super Giants,field,"Arun Jaitley Stadium, Delhi",Delhi,0.45454545454545453,0.5,-0.04545454545454547,0.47058823529411764,0.5,-0.02941176470588236,0
2024-05-15,Rajasthan Royals,Punjab Kings,Punjab Kings,1,0.5117370892018779,0.42592592592592593,0.08581116327595195,0.4,0.4,0.0,0.6666666666666666,0.3333333333333333,0.3333333333333333,1,1,Rajasthan Royals,bat,"Barsapara Cricket Stadium, Guwahati",Guwahati,0.5,1.0,-0.5,0.5,1.0,-0.5,1
2024-05-17,Lucknow Super Giants,Mumbai Indians,Lucknow Super Giants,0,0.5476190476190477,0.5546875,-0.007068452380952328,0.2,0.2,0.0,0.8,0.2,0.6000000000000001,0,1,Mumbai Indians,field,"Wankhede Stadium, Mumbai",Mumbai,0.5,0.5882352941176471,-0.08823529411764708,0.6,0.6176470588235294,-0.01764705882352946,0
2024-05-18,Royal Challengers Bengaluru,Chennai Super Kings,Royal Challengers Bengaluru,0,0.46153846153846156,0.5872340425531914,-0.12569558101472988,1.0,0.6,0.4,0.0,1.0,-1.0,0,1,Chennai Super Kings,field,"M Chinnaswamy Stadium, Bengaluru",Bengaluru,0.5,1.0,-0.5,0.5,0.6666666666666666,-0.16666666666666663,0
2024-05-19,Punjab Kings,Sunrisers Hyderabad,Sunrisers Hyderabad,1,0.43636363636363634,0.4885057471264368,-0.05214211076280045,0.6,0.4,0.19999999999999996,0.3333333333333333,0.6666666666666666,-0.3333333333333333,1,1,Punjab Kings,bat,"Rajiv Gandhi International Stadium, Uppal, Hyderabad",Hyderabad,0.0,0.4166666666666667,-0.4166666666666667,0.0,0.6181818181818182,-0.6181818181818182,1
2024-05-21,Sunrisers Hyderabad,Kolkata Knight Riders,Kolkata Knight Riders,1,0.49142857142857144,0.5224489795918368,-0.031020408163265345,0.6,0.8,-0.20000000000000007,0.36,0.64,-0.28,1,1,Sunrisers Hyderabad,bat,"Narendra Modi Stadium, Ahmedabad",Ahmedabad,0.0,0.6666666666666666,-0.6666666666666666,0.3333333333333333,0.4,-0.06666666666666671,1
2024-05-22,Royal Challengers Bengaluru,Rajasthan Royals,Rajasthan Royals,1,0.5,0.5093457943925234,-0.009345794392523366,1.0,0.2,0.8,0.0,1.0,-1.0,0,1,Rajasthan Royals,field,"Narendra Modi Stadium, Ahmedabad",Ahmedabad,1.0,0.6666666666666666,0.33333333333333337,1.0,0.6428571428571429,0.3571428571428571,0
2024-05-24,Sunrisers Hyderabad,Rajasthan Royals,Sunrisers Hyderabad,0,0.48863636363636365,0.5116279069767442,-0.02299154334038056,0.6,0.2,0.39999999999999997,0.5263157894736842,0.47368421052631576,0.05263157894736842,0,1,Rajasthan Royals,field,"MA Chidambaram Stadium, Chepauk, Chennai",Chennai,0.16666666666666666,0.5,-0.33333333333333337,0.1111111111111111,0.2222222222222222,-0.1111111111111111,0
2024-05-26,Sunrisers Hyderabad,Kolkata Knight Riders,Kolkata Knight Riders,1,0.4915254237288136,0.524390243902439,-0.032864820173625464,0.6,1.0,-0.4,0.34615384615384615,0.6538461538461539,-0.3076923076923077,1,1,Sunrisers Hyderabad,bat,"MA Chidambaram Stadium, Chepauk, Chennai",Chennai,0.2857142857142857,0.4,-0.11428571428571432,0.2,0.2857142857142857,-0.08571428571428569,1
2025-03-22,Kolkata Knight Riders,Royal Challengers Bengaluru,Royal Challengers Bengaluru,1,0.5263157894736842,0.4666666666666667,0.05964912280701751,1.0,0.8,0.19999999999999996,1.0,0.0,1.0,0,1,Royal Challengers Bengaluru,field,"Eden Gardens, Kolkata",Kolkata,0.5,0.0,0.5,0.5909090909090909,0.0,0.5909090909090909,0
2025-03-23,Sunrisers Hyderabad,Rajasthan Royals,Sunrisers Hyderabad,0,0.4887640449438202,0.5092592592592593,-0.020495214315439103,0.6,0.2,0.39999999999999997,0.55,0.45,0.10000000000000003,0,1,Rajasthan Royals,field,"Rajiv Gandhi International Stadium, Uppal, Hyderabad",Hyderabad,0.46153846153846156,0.5,-0.038461538461538436,0.625,0.375,0.25,0
2025-03-23,Mumbai Indians,Chennai Super Kings,Chennai Super Kings,1,0.5525291828793775,0.5847457627118644,-0.032216579832486936,0.2,0.4,-0.2,0.5405405405405406,0.4594594594594595,0.08108108108108109,0,1,Chennai Super Kings,field,"MA Chidambaram Stadium, Chepauk, Chennai",Chennai,0.42857142857142855,0.6666666666666666,-0.23809523809523808,0.5333333333333333,0.7142857142857143,-0.18095238095238098,0
2025-03-24,Lucknow Super Giants,Delhi Capitals,Delhi Capitals,1,0.5581395348837209,0.5113636363636364,0.04677589852008457,0.4,0.6,-0.19999999999999996,0.6,0.4,0.19999999999999996,0,1,Delhi Capitals,field,"Dr. Y.S. Rajasekhara Reddy ACA-VDCA Cricket Stadium, Visakhapatnam",Visakhapatnam,0.5,0.5,0.0,0.5,0.5,0.0,0
2025-03-25,Punjab Kings,Gujarat Titans,Punjab Kings,0,0.42857142857142855,0.6222222222222222,-0.19365079365079368,0.4,0.4,0.0,0.4,0.6,-0.19999999999999996,0,1,Gujarat Titans,field,"Narendra Modi Stadium, Ahmedabad",Ahmedabad,0.5,0.5625,-0.0625,0.5,0.5625,-0.0625,0
2025-03-26,Rajasthan Royals,Kolkata Knight Riders,Kolkata Knight Riders,1,0.5069124423963134,0.5241935483870968,-0.017281105990783363,0.2,0.8,-0.6000000000000001,0.46153846153846156,0.5384615384615384,-0.07692307692307687,0,1,Kolkata Knight Riders,field,"Barsapara Cricket Stadium, Guwahati",Guwahati,0.3333333333333333,0.5,-0.16666666666666669,0.3333333333333333,0.5,-0.16666666666666669,0
2025-03-27,Sunrisers Hyderabad,Lucknow Super Giants,Lucknow Super Giants,1,0.49162011173184356,0.5454545454545454,-0.05383443372270186,0.6,0.2,0.39999999999999997,0.25,0.75,-0.5,0,1,Lucknow Super Giants,field,"Rajiv Gandhi International Stadium, Uppal, Hyderabad",Hyderabad,0.5,0.5,0.0,0.631578947368421,0.5,0.13157894736842102,0
2025-03-28,Royal Challengers Bengaluru,Chennai Super Kings,Royal Challengers Bengaluru,0,0.5,0.5864978902953587,-0.0864978902953587,0.8,0.6,0.20000000000000007,0.5,0.5,0.0,0,1,Chennai Super Kings,field,"MA Chidambaram Stadium, Chepauk, Chennai",Chennai,0.0,0.6875,-0.6875,0.0,0.7183098591549296,-0.7183098591549296,0
2025-03-29,Gujarat Titans,Mumbai Indians,Gujarat Titans,0,0.6086956521739131,0.5503875968992248,0.0583080552746883,0.2,0.2,0.0,0.6,0.4,0.19999999999999996,0,1,Mumbai Indians,field,"Narendra Modi Stadium, Ahmedabad",Ahmedabad,0.5294117647058824,0.0,0.5294117647058824,0.5294117647058824,0.2,0.32941176470588235,0
2025-03-30,Sunrisers Hyderabad,Delhi Capitals,Delhi Capitals,1,0.4888888888888889,0.5168539325842697,-0.02796504369538083,0.4,0.6,-0.19999999999999996,0.45454545454545453,0.5454545454545454,-0.09090909090909088,1,1,Sunrisers Hyderabad,bat,"Dr. Y.S. Rajasekhara Reddy ACA-VDCA Cricket Stadium, Visakhapatnam",Visakhapatnam,0.5,0.6666666666666666,-0.16666666666666663,0.5,0.6,-0.09999999999999998,1
2025-03-30,Rajasthan Royals,Chennai Super Kings,Rajasthan Royals,0,0.5045871559633027,0.5840336134453782,-0.07944645748207546,0.2,0.4,-0.2,0.4482758620689655,0.5517241379310345,-0.10344827586206895,0,1,Chennai Super Kings,field,"Barsapara Cricket Stadium, Guwahati",Guwahati,0.25,0.5,-0.25,0.25,0.5,-0.25,0
2025-03-31,Kolkata Knight Riders,Mumbai Indians,Mumbai Indians,1,0.5261044176706827,0.5482625482625483,-0.022158130591865555,0.8,0.2,0.6000000000000001,0.3235294117647059,0.6764705882352942,-0.35294117647058826,0,1,Mumbai Indians,field,"Wankhede Stadium, Mumbai",Mumbai,0.5,0.5555555555555556,-0.05555555555555558,0.28,0.6116504854368932,-0.3316504854368931,0
2025-04-01,Lucknow Super Giants,Punjab Kings,Punjab Kings,1,0.5555555555555556,0.43859649122807015,0.11695906432748543,0.4,0.4,0.0,0.75,0.25,0.5,0,1,Punjab Kings,field,"Bharat Ratna Shri Atal Bihari Vajpayee Ekana Cricket Stadium, Lucknow",Lucknow,0.5384615384615384,0.5,0.038461538461538436,0.5384615384615384,0.5,0.038461538461538436,0
2025-04-02,Royal Challengers Bengaluru,Gujarat Titans,Gujarat Titans,1,0.5294117647058824,0.6170212765957447,-0.08760951188986232,0.8,0.4,0.4,1.0,0.0,1.0,0,1,Gujarat Titans,field,"M Chinnaswamy Stadium, Bengaluru",Bengaluru,0.5714285714285714,0.5,0.0714285714285714,0.5714285714285714,0.5,0.0714285714285714,0
2025-04-03,Kolkata Knight Riders,Sunrisers Hyderabad,Kolkata Knight Riders,0,0.524,0.4861878453038674,0.03781215469613264,0.6,0.4,0.19999999999999996,0.6666666666666666,0.3333333333333333,0.3333333333333333,0,1,Sunrisers Hyderabad,field,"Eden Gardens, Kolkata",Kolkata,0.4666666666666667,0.5,-0.033333333333333326,0.5842696629213483,0.3,0.2842696629213483,0
2025-04-04,Lucknow Super Giants,Mumbai Indians,Lucknow Super Giants,0,0.5434782608695652,0.55,-0.006521739130434856,0.4,0.2,0.2,0.8333333333333334,0.16666666666666666,0.6666666666666667,0,1,Mumbai Indians,field,"Bharat Ratna Shri Atal Bihari Vajpayee Ekana Cricket Stadium, Lucknow",Lucknow,0.5,0.0,0.5,0.5,0.0,0.5,0
2025-04-05,Delhi Capitals,Chennai Super Kings,Delhi Capitals,0,0.5222222222222223,0.5815899581589958,-0.05936773593677358,0.8,0.4,0.4,0.4166666666666667,0.5833333333333334,-0.16666666666666669,1,1,Delhi Capitals,bat,"MA Chidambaram Stadium, Chepauk, Chennai",Chennai,0.5,0.6470588235294118,-0.1470588235294118,0.3333333333333333,0.7083333333333334,-0.37500000000000006,1
2025-04-05,Rajasthan Royals,Punjab Kings,Rajasthan Royals,0,0.5068493150684932,0.4482758620689655,0.05857345299952765,0.4,0.6,-0.19999999999999996,0.5714285714285714,0.42857142857142855,0.14285714285714285,0,1,Punjab Kings,field,"Maharaja Yadavindra Singh International Cricket Stadium, Mullanpur",Mohali,1.0,0.2,0.8,1.0,0.2,0.8,0
2025-04-06,Sunrisers Hyderabad,Gujarat Titans,Gujarat Titans,1,0.4835164835164835,0.625,-0.14148351648351648,0.2,0.6,-0.39999999999999997,0.25,0.75,-0.5,0,1,Gujarat Titans,field,"Rajiv Gandhi International Stadium, Uppal, Hyderabad",Hyderabad,0.4666666666666667,0.5,-0.033333333333333326,0.6206896551724138,0.5,0.12068965517241381,0
2025-04-07,Royal Challengers Bengaluru,Mumbai Indians,Royal Challengers Bengaluru,0,0.5,0.5478927203065134,-0.04789272030651337,0.6,0.2,0.39999999999999997,0.0,1.0,-1.0,0,1,Mumbai Indians,field,"Wankhede Stadium, Mumbai",Mumbai,0.0,0.5789473684210527,-0.5789473684210527,0.0,0.6153846153846154,-0.6153846153846154,0
2025-04-08,Lucknow Super Giants,Kolkata Knight Riders,Lucknow Super Giants,0,0.5531914893617021,0.5258964143426295,0.02729507501907269,0.6,0.6,0.0,0.6,0.4,0.19999999999999996,0,1,Kolkata Knight Riders,field,"Eden Gardens, Kolkata",Kolkata,0.3333333333333333,0.5,-0.16666666666666669,0.3333333333333333,0.5888888888888889,-0.2555555555555556,0
2025-04-08,Punjab Kings,Chennai Super Kings,Punjab Kings,0,0.4406779661016949,0.5791666666666667,-0.1384887005649718,0.6,0.2,0.39999999999999997,0.7142857142857143,0.2857142857142857,0.4285714285714286,1,1,Punjab Kings,bat,"Maharaja Yadavindra Singh International Cricket Stadium, Mullanpur",Mohali,0.16666666666666666,0.5,-0.33333333333333337,0.16666666666666666,0.5,-0.33333333333333337,1
2025-04-09,Gujarat Titans,Rajasthan Royals,Gujarat Titans,0,0.6326530612244898,0.509090909090909,0.1235621521335808,0.8,0.4,0.4,0.8333333333333334,0.16666666666666666,0.6666666666666667,0,1,Rajasthan Royals,field,"Narendra Modi Stadium, Ahmedabad",Ahmedabad,0.5555555555555556,0.75,-0.19444444444444442,0.5555555555555556,0.6666666666666666,-0.11111111111111105,0
2025-04-10,Royal Challengers Bengaluru,Delhi Capitals,Delhi Capitals,1,0.5263157894736842,0.5274725274725275,-0.0011567379988433046,0.6,0.8,-0.20000000000000007,1.0,0.0,1.0,0,1,Delhi Capitals,field,"M Chinnaswamy Stadium, Bengaluru",Bengaluru,0.5,0.0,0.5,0.5,0.3333333333333333,0.16666666666666669,0
2025-04-11,Chennai Super Kings,Kolkata Knight Riders,Kolkata Knight Riders,1,0.5767634854771784,0.5238095238095238,0.05295396166765454,0.2,0.4,-0.2,0.6551724137931034,0.3448275862068966,0.31034482758620685,0,1,Kolkata Knight Riders,field,"MA Chidambaram Stadium, Chepauk, Chennai",Chennai,0.6111111111111112,0.5,0.11111111111111116,0.6986301369863014,0.3333333333333333,0.36529680365296807,0
2025-04-12,Gujarat Titans,Lucknow Super Giants,Lucknow Super Giants,1,0.64,0.5625,0.07750000000000001,0.8,0.6,0.20000000000000007,0.8,0.2,0.6000000000000001,0,1,Lucknow Super Giants,field,"Bharat Ratna Shri Atal Bihari Vajpayee Ekana Cricket Stadium, Lucknow",Lucknow,0.5,0.5333333333333333,-0.033333333333333326,0.5,0.5333333333333333,-0.033333333333333326,0
2025-04-12,Punjab Kings,Sunrisers Hyderabad,Sunrisers Hyderabad,1,0.45,0.4808743169398907,-0.030874316939890678,0.6,0.2,0.39999999999999997,0.2857142857142857,0.7142857142857143,-0.4285714285714286,1,1,Punjab Kings,bat,"Rajiv Gandhi International Stadium, Uppal, Hyderabad",Hyderabad,0.0,0.4375,-0.4375,0.0,0.6101694915254238,-0.6101694915254238,1
2025-04-13,Rajasthan Royals,Royal Challengers Bengaluru,Royal Challengers Bengaluru,1,0.5067873303167421,0.5,0.006787330316742057,0.4,0.6,-0.19999999999999996,1.0,0.0,1.0,0,1,Royal Challengers Bengaluru,field,"Sawai Mansingh Stadium, Jaipur",Jaipur,0.5,0.0,0.5,0.6491228070175439,0.0,0.6491228070175439,0
2025-04-13,Mumbai Indians,Delhi Capitals,Mumbai Indians,0,0.5458015267175572,0.532608695652174,0.01319283106538327,0.2,1.0,-0.8,0.6153846153846154,0.38461538461538464,0.23076923076923078,0,1,Delhi Capitals,field,"Arun Jaitley Stadium, Delhi",Delhi,0.75,0.5,0.25,0.4666666666666667,0.5,-0.033333333333333326,0
2025-04-14,Lucknow Super Giants,Chennai Super Kings,Chennai Super Kings,1,0.5714285714285714,0.5743801652892562,-0.002951593860684776,0.8,0.0,0.8,0.75,0.25,0.5,0,1,Chennai Super Kings,field,"Bharat Ratna Shri Atal Bihari Vajpayee Ekana Cricket Stadium, Lucknow",Lucknow,0.5625,0.0,0.5625,0.5625,0.0,0.5625,0
2025-04-15,Punjab Kings,Kolkata Knight Riders,Punjab Kings,0,0.4426229508196721,0.525691699604743,-0.08306874878507092,0.6,0.6,0.0,0.5,0.5,0.0,1,1,Punjab Kings,bat,"Maharaja Yadavindra Singh International Cricket Stadium, Mullanpur",Mohali,0.2857142857142857,0.5,-0.2142857142857143,0.2857142857142857,0.5,-0.2142857142857143,1
2025-04-17,Sunrisers Hyderabad,Mumbai Indians,Mumbai Indians,1,0.483695652173913,0.5475285171102662,-0.06383286493635315,0.2,0.4,-0.2,0.45454545454545453,0.5454545454545454,-0.09090909090909088,0,1,Mumbai Indians,field,"Wankhede Stadium, Mumbai",Mumbai,0.16666666666666666,0.55,-0.3833333333333334,0.4,0.6095238095238096,-0.20952380952380956,0
2025-04-18,Royal Challengers Bengaluru,Punjab Kings,Punjab Kings,1,0.5238095238095238,0.45161290322580644,0.0721966205837174,0.6,0.6,0.0,1.0,0.0,1.0,0,1,Punjab Kings,field,"M Chinnaswamy Stadium, Bengaluru",Bengaluru,0.4444444444444444,0.0,0.4444444444444444,0.4444444444444444,0.0,0.4444444444444444,0
2025-04-19,Lucknow Super Giants,Rajasthan Royals,Lucknow Super Giants,0,0.56,0.5045045045045045,0.055495495495495595,0.6,0.4,0.19999999999999996,0.2,0.8,-0.6000000000000001,1,1,Lucknow Super Giants,bat,"Sawai Mansingh Stadium, Jaipur",Jaipur,0.5,0.45454545454545453,0.04545454545454547,0.5,0.6379310344827587,-0.13793103448275867,1
2025-04-19,Delhi Capitals,Gujarat Titans,Gujarat Titans,1,0.5268817204301075,0.6274509803921569,-0.10056925996204935,0.8,0.8,0.0,0.6,0.4,0.19999999999999996,0,1,Gujarat Titans,field,"Narendra Modi Stadium, Ahmedabad",Ahmedabad,0.8,0.5789473684210527,0.2210526315789474,0.8,0.5789473684210527,0.2210526315789474,0
2025-04-20,Punjab Kings,Royal Challengers Bengaluru,Royal Challengers Bengaluru,1,0.4603174603174603,0.5,-0.03968253968253971,0.6,0.4,0.19999999999999996,0.3333333333333333,0.6666666666666666,-0.3333333333333333,0,1,Royal Challengers Bengaluru,field,"Maharaja Yadavindra Singh International Cricket Stadium, Mullanpur",Mohali,0.375,0.5,-0.125,0.375,0.5,-0.125,0
2025-04-20,Chennai Super Kings,Mumbai Indians,Mumbai Indians,1,0.5761316872427984,0.5492424242424242,0.026889263000374197,0.2,0.6,-0.39999999999999997,0.47368421052631576,0.5263157894736842,-0.05263157894736842,0,1,Mumbai Indians,field,"Wankhede Stadium, Mumbai",Mumbai,0.5454545454545454,0.5714285714285714,-0.025974025974025983,0.5,0.6132075471698113,-0.1132075471698113,0
2025-04-21,Gujarat Titans,Kolkata Knight Riders,Gujarat Titans,0,0.6346153846153846,0.5236220472440944,0.11099333737129013,0.8,0.4,0.4,0.6666666666666666,0.3333333333333333,0.3333333333333333,0,1,Kolkata Knight Riders,field,"Eden Gardens, Kolkata",Kolkata,1.0,0.47058823529411764,0.5294117647058824,1.0,0.5824175824175825,0.41758241758241754,0
2025-04-22,Lucknow Super Giants,Delhi Capitals,Delhi Capitals,1,0.5686274509803921,0.5212765957446809,0.04735085523571125,0.8,0.6,0.20000000000000007,0.5,0.5,0.0,0,1,Delhi Capitals,field,"Bharat Ratna Shri Atal Bihari Vajpayee Ekana Cricket Stadium, Lucknow",Lucknow,0.5294117647058824,0.5,0.02941176470588236,0.5294117647058824,0.5,0.02941176470588236,0
2025-04-23,Sunrisers Hyderabad,Mumbai Indians,Mumbai Indians,1,0.4810810810810811,0.5509433962264151,-0.06986231514533398,0.2,0.6,-0.39999999999999997,0.43478260869565216,0.5652173913043478,-0.13043478260869562,0,1,Mumbai Indians,field,"Rajiv Gandhi International Stadium, Uppal, Hyderabad",Hyderabad,0.47058823529411764,0.5,-0.02941176470588236,0.6166666666666667,0.6153846153846154,0.0012820512820512775,0
2025-04-24,Royal Challengers Bengaluru,Rajasthan Royals,Royal Challengers Bengaluru,0,0.5217391304347826,0.5022421524663677,0.019496977968414875,0.6,0.4,0.19999999999999996,0.3333333333333333,0.6666666666666666,-0.3333333333333333,0,1,Rajasthan Royals,field,"M Chinnaswamy Stadium, Bengaluru",Bengaluru,0.4,0.0,0.4,0.4,0.5,-0.09999999999999998,0
2025-04-25,Chennai Super Kings,Sunrisers Hyderabad,Sunrisers Hyderabad,1,0.5737704918032787,0.478494623655914,0.09527586814736466,0.2,0.2,0.0,0.7142857142857143,0.2857142857142857,0.4285714285714286,0,1,Sunrisers Hyderabad,field,"MA Chidambaram Stadium, Chepauk, Chennai",Chennai,0.5789473684210527,0.25,0.32894736842105265,0.6891891891891891,0.18181818181818182,0.5073710073710074,0
2025-04-27,Mumbai Indians,Lucknow Super Giants,Mumbai Indians,0,0.5526315789473685,0.5576923076923077,-0.005060728744939236,0.8,0.6,0.20000000000000007,0.14285714285714285,0.8571428571428571,-0.7142857142857142,0,1,Lucknow Super Giants,field,"Wankhede Stadium, Mumbai",Mumbai,0.5909090909090909,0.6,-0.009090909090909038,0.616822429906542,0.6363636363636364,-0.01954120645709434,0
2025-04-27,Delhi Capitals,Royal Challengers Bengaluru,Royal Challengers Bengaluru,1,0.5263157894736842,0.5416666666666666,-0.015350877192982448,0.6,0.6,0.0,0.5,0.5,0.0,0,1,Royal Challengers Bengaluru,field,"Arun Jaitley Stadium, Delhi",Delhi,0.46153846153846156,0.5,-0.038461538461538436,0.47368421052631576,0.5,-0.026315789473684237,0
2025-04-28,Gujarat Titans,Rajasthan Royals,Rajasthan Royals,1,0.6415094339622641,0.5,0.14150943396226412,0.8,0.2,0.6000000000000001,0.8571428571428571,0.14285714285714285,0.7142857142857142,0,1,Rajasthan Royals,field,"Sawai Mansingh Stadium, Jaipur",Jaipur,1.0,0.4166666666666667,0.5833333333333333,1.0,0.6271186440677966,0.3728813559322034,0
2025-04-29,Kolkata Knight Riders,Delhi Capitals,Kolkata Knight Riders,0,0.5215686274509804,0.5208333333333334,0.0007352941176470562,0.4,0.4,0.0,0.45454545454545453,0.5454545454545454,-0.09090909090909088,0,1,Delhi Capitals,field,"Arun Jaitley Stadium, Delhi",Delhi,0.0,0.42857142857142855,-0.42857142857142855,0.5,0.45,0.04999999999999999,0
2025-04-30,Chennai Super Kings,Punjab Kings,Punjab Kings,1,0.5714285714285714,0.453125,0.1183035714285714,0.2,0.6,-0.39999999999999997,0.25,0.75,-0.5,0,1,Punjab Kings,field,"MA Chidambaram Stadium, Chepauk, Chennai",Chennai,0.55,0.75,-0.19999999999999996,0.68,0.75,-0.06999999999999995,0
2025-05-01,Mumbai Indians,Rajasthan Royals,Mumbai Indians,0,0.5543071161048689,0.5022222222222222,0.0520848938826467,1.0,0.2,0.8,0.5172413793103449,0.4827586206896552,0.03448275862068967,0,1,Rajasthan Royals,field,"Sawai Mansingh Stadium, Jaipur",Jaipur,0.0,0.46153846153846156,-0.46153846153846156,0.25,0.6333333333333333,-0.3833333333333333,0
2025-05-02,Gujarat Titans,Sunrisers Hyderabad,Gujarat Titans,0,0.6296296296296297,0.48128342245989303,0.14834620716973662,0.6,0.4,0.19999999999999996,0.8,0.2,0.6000000000000001,0,1,Sunrisers Hyderabad,field,"Narendra Modi Stadium, Ahmedabad",Ahmedabad,0.6,0.0,0.6,0.6,0.25,0.35,0
2025-05-03,Royal Challengers Bengaluru,Chennai Super Kings,Royal Challengers Bengaluru,0,0.56,0.5691056910569106,-0.009105691056910503,0.8,0.2,0.6000000000000001,0.6666666666666666,0.3333333333333333,0.3333333333333333,0,1,Chennai Super Kings,field,"M Chinnaswamy Stadium, Bengaluru",Bengaluru,0.45454545454545453,0.5,-0.04545454545454547,0.45454545454545453,0.5,-0.04545454545454547,0
2025-05-04,Punjab Kings,Lucknow Super Giants,Punjab Kings,0,0.46153846153846156,0.5471698113207547,-0.08563134978229314,0.6,0.4,0.19999999999999996,0.4,0.6,-0.19999999999999996,0,1,Lucknow Super Giants,field,"Himachal Pradesh Cricket Association Stadium, Dharamsala",Dharamsala,0.0,0.5,-0.5,0.0,0.5,-0.5,0
2025-05-04,Kolkata Knight Riders,Rajasthan Royals,Kolkata Knight Riders,0,0.5234375,0.5,0.0234375,0.4,0.2,0.2,0.5555555555555556,0.4444444444444444,0.11111111111111116,1,1,Kolkata Knight Riders,bat,"Eden Gardens, Kolkata",Kolkata,0.4444444444444444,0.6666666666666666,-0.2222222222222222,0.5760869565217391,0.3333333333333333,0.24275362318840582,1
2025-05-06,Mumbai Indians,Gujarat Titans,Gujarat Titans,1,0.5559701492537313,0.6363636363636364,-0.08039348710990502,1.0,0.6,0.4,0.3333333333333333,0.6666666666666666,-0.3333333333333333,0,1,Gujarat Titans,field,"Wankhede Stadium, Mumbai",Mumbai,0.6086956521739131,0.6,0.008695652173913104,0.6203703703703703,0.6,0.020370370370370372,0
2025-05-07,Kolkata Knight Riders,Chennai Super Kings,Chennai Super Kings,1,0.5252918287937743,0.5668016194331984,-0.04150979063942406,0.6,0.2,0.39999999999999997,0.36666666666666664,0.6333333333333333,-0.26666666666666666,1,1,Kolkata Knight Riders,bat,"Eden Gardens, Kolkata",Kolkata,0.47368421052631576,1.0,-0.5263157894736843,0.5806451612903226,0.5,0.08064516129032262,1
2025-05-18,Punjab Kings,Rajasthan Royals,Punjab Kings,0,0.4696969696969697,0.4977973568281938,-0.02810038713122409,0.8,0.2,0.6000000000000001,0.375,0.625,-0.25,1,1,Punjab Kings,bat,"Sawai Mansingh Stadium, Jaipur",Jaipur,0.5,0.42857142857142855,0.07142857142857145,0.5,0.6229508196721312,-0.12295081967213117,1
2025-05-18,Delhi Capitals,Gujarat Titans,Gujarat Titans,1,0.5154639175257731,0.6428571428571429,-0.12739322533136976,0.2,0.8,-0.6000000000000001,0.5,0.5,0.0,0,1,Gujarat Titans,field,"Arun Jaitley Stadium, Delhi",Delhi,0.4,0.5,-0.09999999999999998,0.42857142857142855,0.5,-0.07142857142857145,0
2025-05-19,Lucknow Super Giants,Sunrisers Hyderabad,Sunrisers Hyderabad,1,0.5370370370370371,0.4787234042553192,0.05831363278171792,0.2,0.4,-0.2,0.8,0.2,0.6000000000000001,0,1,Sunrisers Hyderabad,field,"Bharat Ratna Shri Atal Bihari Vajpayee Ekana Cricket Stadium, Lucknow",Lucknow,0.5,0.0,0.5,0.5,0.0,0.5,0
2025-05-20,Chennai Super Kings,Rajasthan Royals,Rajasthan Royals,1,0.5685483870967742,0.4956140350877193,0.07293435200905496,0.2,0.2,0.0,0.5333333333333333,0.4666666666666667,0.06666666666666665,0,1,Rajasthan Royals,field,"Arun Jaitley Stadium, Delhi",Delhi,0.6666666666666666,0.3333333333333333,0.3333333333333333,0.7272727272727273,0.4166666666666667,0.3106060606060606,0
2025-05-21,Mumbai Indians,Delhi Capitals,Mumbai Indians,0,0.5539033457249071,0.5102040816326531,0.043699264092254,0.8,0.2,0.6000000000000001,0.6428571428571429,0.35714285714285715,0.28571428571428575,0,1,Delhi Capitals,field,"Wankhede Stadium, Mumbai",Mumbai,0.5833333333333334,0.3333333333333333,0.25000000000000006,0.6146788990825688,0.5333333333333333,0.08134556574923546,0
2025-05-22,Lucknow Super Giants,Gujarat Titans,Lucknow Super Giants,0,0.5272727272727272,0.6491228070175439,-0.12185007974481665,0.2,0.8,-0.6000000000000001,0.3333333333333333,0.6666666666666666,-0.3333333333333333,0,1,Gujarat Titans,field,"Narendra Modi Stadium, Ahmedabad",Ahmedabad,0.0,0.6190476190476191,-0.6190476190476191,0.0,0.6190476190476191,-0.6190476190476191,0
2025-05-23,Sunrisers Hyderabad,Royal Challengers Bengaluru,Sunrisers Hyderabad,0,0.48148148148148145,0.5769230769230769,-0.09544159544159542,0.4,0.8,-0.4,0.5,0.5,0.0,0,1,Royal Challengers Bengaluru,field,"Bharat Ratna Shri Atal Bihari Vajpayee Ekana Cricket Stadium, Lucknow",Lucknow,0.5,0.5,0.0,0.5,0.5,0.0,0
2025-05-24,Punjab Kings,Delhi Capitals,Delhi Capitals,1,0.47761194029850745,0.5050505050505051,-0.02743856475199763,0.8,0.2,0.6000000000000001,0.2857142857142857,0.7142857142857143,-0.4285714285714286,0,1,Delhi Capitals,field,"Sawai Mansingh Stadium, Jaipur",Jaipur,1.0,0.0,1.0,1.0,0.5,0.5,0
2025-05-25,Chennai Super Kings,Gujarat Titans,Chennai Super Kings,0,0.5662650602409639,0.6379310344827587,-0.07166597424179477,0.2,0.6,-0.39999999999999997,0.42857142857142855,0.5714285714285714,-0.14285714285714285,1,1,Chennai Super Kings,bat,"Narendra Modi Stadium, Ahmedabad",Ahmedabad,0.3333333333333333,0.5909090909090909,-0.2575757575757576,0.2,0.5909090909090909,-0.39090909090909093,1
2025-05-25,Sunrisers Hyderabad,Kolkata Knight Riders,Sunrisers Hyderabad,0,0.4842105263157895,0.5232558139534884,-0.03904528763769893,0.6,0.4,0.19999999999999996,0.32142857142857145,0.6785714285714286,-0.35714285714285715,1,1,Sunrisers Hyderabad,bat,"Arun Jaitley Stadium, Delhi",Delhi,0.5,0.5,0.0,0.6666666666666666,0.5454545454545454,0.12121212121212122,1
2025-05-26,Mumbai Indians,Punjab Kings,Punjab Kings,1,0.5555555555555556,0.47058823529411764,0.08496732026143794,0.8,0.6,0.20000000000000007,0.5,0.5,0.0,0,1,Punjab Kings,field,"Sawai Mansingh Stadium, Jaipur",Jaipur,0.5,0.5,0.0,0.3333333333333333,0.5,-0.16666666666666669,0
2025-05-27,Lucknow Super Giants,Royal Challengers Bengaluru,Royal Challengers Bengaluru,1,0.5357142857142857,0.5555555555555556,-0.019841269841269882,0.2,0.8,-0.6000000000000001,1.0,0.0,1.0,0,1,Royal Challengers Bengaluru,field,"Bharat Ratna Shri Atal Bihari Vajpayee Ekana Cricket Stadium, Lucknow",Lucknow,0.47368421052631576,0.0,0.47368421052631576,0.47368421052631576,0.0,0.47368421052631576,0
2025-05-29,Punjab Kings,Royal Challengers Bengaluru,Royal Challengers Bengaluru,1,0.4782608695652174,0.5714285714285714,-0.09316770186335399,0.8,0.8,0.0,0.25,0.75,-0.5,0,1,Royal Challengers Bengaluru,field,"Maharaja Yadavindra Singh International Cricket Stadium, Mullanpur",New Chandigarh,0.3333333333333333,1.0,-0.6666666666666667,0.5,0.5,0.0,0
2025-05-30,Mumbai Indians,Gujarat Titans,Mumbai Indians,0,0.5535055350553506,0.6271186440677966,-0.073613109012446,0.6,0.6,0.0,0.2857142857142857,0.7142857142857143,-0.4285714285714286,1,1,Mumbai Indians,bat,"Maharaja Yadavindra Singh International Cricket Stadium, New Chandigarh",New Chandigarh,0.5,0.5,0.0,0.5,0.5,0.0,1
2025-06-01,Mumbai Indians,Punjab Kings,Punjab Kings,1,0.5551470588235294,0.4714285714285714,0.08371848739495802,0.6,0.6,0.0,0.42857142857142855,0.5714285714285714,-0.14285714285714285,0,1,Punjab Kings,field,"Narendra Modi Stadium, Ahmedabad",Ahmedabad,0.0,0.6,-0.6,0.16666666666666666,0.6,-0.43333333333333335,0
2025-06-03,Royal Challengers Bengaluru,Punjab Kings,Royal Challengers Bengaluru,0,0.5862068965517241,0.4788732394366197,0.1073336571151044,0.8,0.6,0.20000000000000007,0.8,0.2,0.6000000000000001,0,1,Punjab Kings,field,"Narendra Modi Stadium, Ahmedabad",Ahmedabad,0.5,0.6666666666666666,-0.16666666666666663,0.5,0.6666666666666666,-0.16666666666666663,0
2026-03-28,Sunrisers Hyderabad,Royal Challengers Bengaluru,Royal Challengers Bengaluru,1,0.4869109947643979,0.6,-0.11308900523560206,0.8,0.8,0.0,0.6666666666666666,0.3333333333333333,0.3333333333333333,0,1,Royal Challengers Bengaluru,field,"M Chinnaswamy Stadium, Bengaluru",Bengaluru,1.0,0.5,0.5,0.3333333333333333,0.5,-0.16666666666666669,0
2026-03-29,Kolkata Knight Riders,Mumbai Indians,Mumbai Indians,1,0.5212355212355212,0.5531135531135531,-0.031878031878031954,0.4,0.4,0.0,0.3142857142857143,0.6857142857142857,-0.37142857142857144,0,1,Mumbai Indians,field,"Wankhede Stadium, Mumbai",Mumbai,0.4444444444444444,0.6,-0.15555555555555556,0.2692307692307692,0.6181818181818182,-0.34895104895104895,0
2026-03-30,Chennai Super Kings,Rajasthan Royals,Rajasthan Royals,1,0.568,0.4978165938864629,0.07018340611353707,0.4,0.4,0.0,0.5161290322580645,0.4838709677419355,0.032258064516129004,0,1,Rajasthan Royals,field,"Barsapara Cricket Stadium, Guwahati",Guwahati,0.0,0.4,-0.4,0.0,0.4,-0.4,0
2026-03-31,Gujarat Titans,Punjab Kings,Punjab Kings,1,0.6166666666666667,0.4722222222222222,0.1444444444444445,0.4,0.4,0.0,0.5,0.5,0.0,0,1,Punjab Kings,field,"Maharaja Yadavindra Singh International Cricket Stadium, New Chandigarh",New Chandigarh,0.0,0.5,-0.5,0.0,0.0,0.0,0
2026-04-01,Lucknow Super Giants,Delhi Capitals,Delhi Capitals,1,0.5263157894736842,0.51,0.016315789473684172,0.2,0.2,0.0,0.42857142857142855,0.5714285714285714,-0.14285714285714285,0,1,Delhi Capitals,field,"Bharat Ratna Shri Atal Bihari Vajpayee Ekana Cricket Stadium, Lucknow",Lucknow,0.45,0.6666666666666666,-0.21666666666666662,0.45,0.6666666666666666,-0.21666666666666662,0
2026-04-02,Sunrisers Hyderabad,Kolkata Knight Riders,Sunrisers Hyderabad,0,0.484375,0.5192307692307693,-0.034855769230769273,0.6,0.4,0.19999999999999996,0.3448275862068966,0.6551724137931034,-0.31034482758620685,0,1,Kolkata Knight Riders,field,"Eden Gardens, Kolkata",Kolkata,0.3333333333333333,0.45,-0.1166666666666667,0.2727272727272727,0.574468085106383,-0.3017408123791103,0
2026-04-03,Chennai Super Kings,Punjab Kings,Punjab Kings,1,0.5657370517928287,0.4794520547945205,0.08628499699830822,0.4,0.6,-0.19999999999999996,0.2222222222222222,0.7777777777777778,-0.5555555555555556,0,1,Punjab Kings,field,"MA Chidambaram Stadium, Chepauk, Chennai",Chennai,0.5238095238095238,0.8,-0.2761904761904762,0.6710526315789473,0.8,-0.1289473684210527,0
2026-04-04,Rajasthan Royals,Gujarat Titans,Rajasthan Royals,0,0.5,0.6065573770491803,-0.10655737704918034,0.4,0.2,0.2,0.25,0.75,-0.5,1,1,Rajasthan Royals,bat,"Narendra Modi Stadium, Ahmedabad",Ahmedabad,0.6,0.5652173913043478,0.034782608695652195,0.625,0.5652173913043478,0.05978260869565222,1
2026-04-04,Mumbai Indians,Delhi Capitals,Delhi Capitals,1,0.5547445255474452,0.5148514851485149,0.03989304039893038,0.6,0.4,0.19999999999999996,0.6666666666666666,0.3333333333333333,0.3333333333333333,0,1,Delhi Capitals,field,"Arun Jaitley Stadium, Delhi",Delhi,0.8,0.375,0.42500000000000004,0.5,0.4090909090909091,0.09090909090909088,0
2026-04-05,Royal Challengers Bengaluru,Chennai Super Kings,Royal Challengers Bengaluru,0,0.6129032258064516,0.5634920634920635,0.049411162314388135,0.8,0.4,0.4,0.75,0.25,0.5,0,1,Chennai Super Kings,field,"M Chinnaswamy Stadium, Bengaluru",Bengaluru,0.5384615384615384,0.3333333333333333,0.20512820512820512,0.5384615384615384,0.4,0.1384615384615384,0
2026-04-05,Sunrisers Hyderabad,Lucknow Super Giants,Lucknow Super Giants,1,0.48704663212435234,0.5172413793103449,-0.03019474718599252,0.8,0.2,0.6000000000000001,0.3333333333333333,0.6666666666666666,-0.3333333333333333,0,1,Lucknow Super Giants,field,"Rajiv Gandhi International Stadium, Uppal, Hyderabad",Hyderabad,0.4444444444444444,0.6666666666666666,-0.2222222222222222,0.6065573770491803,0.6666666666666666,-0.060109289617486295,0
2026-04-07,Rajasthan Royals,Mumbai Indians,Rajasthan Royals,0,0.5021645021645021,0.5527272727272727,-0.05056277056277059,0.6,0.4,0.19999999999999996,0.4666666666666667,0.5333333333333333,-0.06666666666666665,0,1,Mumbai Indians,field,"Barsapara Cricket Stadium, Guwahati",Guwahati,0.5,0.5,0.0,0.5,0.5,0.0,0
2026-04-08,Gujarat Titans,Delhi Capitals,Gujarat Titans,0,0.5967741935483871,0.5196078431372549,0.07716635041113218,0.0,0.6,-0.6,0.5714285714285714,0.42857142857142855,0.14285714285714285,0,1,Delhi Capitals,field,"Arun Jaitley Stadium, Delhi",Delhi,0.6666666666666666,0.4117647058823529,0.2549019607843137,0.6666666666666666,0.43478260869565216,0.23188405797101447,0
2026-04-09,Kolkata Knight Riders,Lucknow Super Giants,Lucknow Super Giants,1,0.5172413793103449,0.5254237288135594,-0.008182349503214503,0.2,0.4,-0.2,0.3333333333333333,0.6666666666666666,-0.3333333333333333,0,1,Lucknow Super Giants,field,"Eden Gardens, Kolkata",Kolkata,0.42857142857142855,0.5,-0.07142857142857145,0.5684210526315789,0.5,0.06842105263157894,0
2026-04-10,Royal Challengers Bengaluru,Rajasthan Royals,Rajasthan Royals,1,0.625,0.5043103448275862,0.12068965517241381,1.0,0.8,0.19999999999999996,0.5,0.5,0.0,0,1,Rajasthan Royals,field,"Barsapara Cricket Stadium, Guwahati",Guwahati,0.5,0.5714285714285714,-0.0714285714285714,0.5,0.5714285714285714,-0.0714285714285714,0
2026-04-11,Sunrisers Hyderabad,Punjab Kings,Punjab Kings,1,0.4845360824742268,0.4864864864864865,-0.00195040401225971,0.6,0.6,0.0,0.75,0.25,0.5,0,1,Punjab Kings,field,"Maharaja Yadavindra Singh International Cricket Stadium, New Chandigarh",New Chandigarh,0.5,1.0,-0.5,0.5,0.5,0.0,0
2026-04-11,Chennai Super Kings,Delhi Capitals,Chennai Super Kings,0,0.5612648221343873,0.5145631067961165,0.04670171533827083,0.2,0.6,-0.39999999999999997,0.5384615384615384,0.46153846153846156,0.07692307692307687,0,1,Delhi Capitals,field,"MA Chidambaram Stadium, Chepauk, Chennai",Chennai,0.5,0.6666666666666666,-0.16666666666666663,0.6623376623376623,0.5,0.16233766233766234,0
2026-04-12,Royal Challengers Bengaluru,Mumbai Indians,Royal Challengers Bengaluru,0,0.6060606060606061,0.5507246376811594,0.055335968379446654,0.8,0.4,0.4,0.5,0.5,0.0,0,1,Mumbai Indians,field,"Wankhede Stadium, Mumbai",Mumbai,0.5,0.6153846153846154,-0.11538461538461542,0.5,0.6216216216216216,-0.1216216216216216,0
2026-04-12,Lucknow Super Giants,Gujarat Titans,Gujarat Titans,1,0.5333333333333333,0.6031746031746031,-0.06984126984126982,0.6,0.2,0.39999999999999997,0.42857142857142855,0.5714285714285714,-0.14285714285714285,0,1,Gujarat Titans,field,"Bharat Ratna Shri Atal Bihari Vajpayee Ekana Cricket Stadium, Lucknow",Lucknow,0.42857142857142855,0.3333333333333333,0.09523809523809523,0.42857142857142855,0.3333333333333333,0.09523809523809523,0
2026-04-13,Sunrisers Hyderabad,Rajasthan Royals,Sunrisers Hyderabad,0,0.48205128205128206,0.5064377682403434,-0.024386486189061307,0.4,1.0,-0.6,0.5714285714285714,0.42857142857142855,0.14285714285714285,0,1,Rajasthan Royals,field,"Rajiv Gandhi International Stadium, Uppal, Hyderabad",Hyderabad,0.42105263157894735,0.3333333333333333,0.08771929824561403,0.5967741935483871,0.3333333333333333,0.2634408602150538,0
2026-04-14,Chennai Super Kings,Kolkata Knight Riders,Chennai Super Kings,0,0.562992125984252,0.5152671755725191,0.04772495041173286,0.4,0.0,0.4,0.6451612903225806,0.3548387096774194,0.29032258064516125,0,1,Kolkata Knight Riders,field,"MA Chidambaram Stadium, Chepauk, Chennai",Chennai,0.5217391304347826,0.5714285714285714,-0.0496894409937888,0.6666666666666666,0.375,0.29166666666666663,0
2026-04-15,Lucknow Super Giants,Royal Challengers Bengaluru,Royal Challengers Bengaluru,1,0.5245901639344263,0.6176470588235294,-0.09305689488910318,0.4,0.8,-0.4,0.5,0.5,0.0,0,1,Royal Challengers Bengaluru,field,"M Chinnaswamy Stadium, Bengaluru",Bengaluru,1.0,0.5714285714285714,0.4285714285714286,1.0,0.5714285714285714,0.4285714285714286,0
2026-04-16,Mumbai Indians,Punjab Kings,Punjab Kings,1,0.5487364620938628,0.49333333333333335,0.055403128760529496,0.2,0.8,-0.6000000000000001,0.375,0.625,-0.25,0,1,Punjab Kings,field,"Wankhede Stadium, Mumbai",Mumbai,0.5925925925925926,0.5,0.09259259259259256,0.6160714285714286,0.5,0.1160714285714286,0
2026-04-17,Kolkata Knight Riders,Gujarat Titans,Gujarat Titans,1,0.5133079847908745,0.609375,-0.09606701520912553,0.0,0.4,-0.4,0.25,0.75,-0.5,1,1,Kolkata Knight Riders,bat,"Narendra Modi Stadium, Ahmedabad",Ahmedabad,0.75,0.5416666666666666,0.20833333333333337,0.5,0.5416666666666666,-0.04166666666666663,1
2026-04-18,Sunrisers Hyderabad,Chennai Super Kings,Sunrisers Hyderabad,0,0.4846938775510204,0.5647058823529412,-0.08001200480192078,0.4,0.4,0.0,0.3181818181818182,0.6818181818181818,-0.3636363636363636,0,1,Chennai Super Kings,field,"Rajiv Gandhi International Stadium, Uppal, Hyderabad",Hyderabad,0.45,0.0,0.45,0.6031746031746031,0.42857142857142855,0.1746031746031746,0
2026-04-18,Royal Challengers Bengaluru,Delhi Capitals,Delhi Capitals,1,0.6285714285714286,0.5096153846153846,0.11895604395604398,0.8,0.6,0.20000000000000007,0.6666666666666666,0.3333333333333333,0.3333333333333333,0,1,Delhi Capitals,field,"M Chinnaswamy Stadium, Bengaluru",Bengaluru,0.6,0.3333333333333333,0.26666666666666666,0.6,0.5,0.09999999999999998,0
2026-04-19,Punjab Kings,Lucknow Super Giants,Punjab Kings,0,0.5,0.5161290322580645,-0.016129032258064502,0.8,0.4,0.4,0.5,0.5,0.0,0,1,Lucknow Super Giants,field,"Maharaja Yadavindra Singh International Cricket Stadium, New Chandigarh",New Chandigarh,1.0,0.5,0.5,0.6666666666666666,0.5,0.16666666666666663,0
2026-04-19,Rajasthan Royals,Kolkata Knight Riders,Kolkata Knight Riders,1,0.5042735042735043,0.5113636363636364,-0.007090132090132095,0.8,0.0,0.8,0.42857142857142855,0.5714285714285714,-0.14285714285714285,1,1,Rajasthan Royals,bat,"Eden Gardens, Kolkata",Kolkata,0.5,0.4090909090909091,0.09090909090909088,0.3076923076923077,0.5625,-0.2548076923076923,1
2026-04-20,Mumbai Indians,Gujarat Titans,Mumbai Indians,0,0.5467625899280576,0.6153846153846154,-0.06862202545655782,0.2,0.6,-0.39999999999999997,0.375,0.625,-0.25,0,1,Gujarat Titans,field,"Narendra Modi Stadium, Ahmedabad",Ahmedabad,0.0,0.56,-0.56,0.14285714285714285,0.56,-0.4171428571428572,0
2026-04-21,Sunrisers Hyderabad,Delhi Capitals,Sunrisers Hyderabad,0,0.4873096446700508,0.5142857142857142,-0.026976069615663456,0.6,0.6,0.0,0.4166666666666667,0.5833333333333334,-0.16666666666666669,0,1,Delhi Capitals,field,"Rajiv Gandhi International Stadium, Uppal, Hyderabad",Hyderabad,0.47619047619047616,1.0,-0.5238095238095238,0.609375,1.0,-0.390625,0
2026-04-22,Rajasthan Royals,Lucknow Super Giants,Rajasthan Royals,0,0.502127659574468,0.5079365079365079,-0.005808848362039876,0.6,0.4,0.19999999999999996,0.6666666666666666,0.3333333333333333,0.3333333333333333,0,1,Lucknow Super Giants,field,"Bharat Ratna Shri Atal Bihari Vajpayee Ekana Cricket Stadium, Lucknow",Lucknow,1.0,0.4090909090909091,0.5909090909090908,1.0,0.4090909090909091,0.5909090909090908,0
2026-04-23,Chennai Super Kings,Mumbai Indians,Chennai Super Kings,0,0.5625,0.5483870967741935,0.014112903225806495,0.4,0.2,0.2,0.46153846153846156,0.5384615384615384,-0.07692307692307687,0,1,Mumbai Indians,field,"Wankhede Stadium, Mumbai",Mumbai,0.5,0.5714285714285714,-0.0714285714285714,0.4864864864864865,0.6106194690265486,-0.12413298254006211,0
2026-04-24,Gujarat Titans,Royal Challengers Bengaluru,Royal Challengers Bengaluru,1,0.6060606060606061,0.6111111111111112,-0.005050505050505083,0.6,0.6,0.0,0.3333333333333333,0.6666666666666666,-0.3333333333333333,0,1,Royal Challengers Bengaluru,field,"M Chinnaswamy Stadium, Bengaluru",Bengaluru,0.6666666666666666,0.5625,0.10416666666666663,0.6666666666666666,0.5625,0.10416666666666663,0
2026-04-25,Delhi Capitals,Punjab Kings,Punjab Kings,1,0.5094339622641509,0.5064935064935064,0.002940455770644501,0.4,1.0,-0.6,0.75,0.25,0.5,1,1,Delhi Capitals,bat,"Arun Jaitley Stadium, Delhi",Delhi,0.3888888888888889,1.0,-0.6111111111111112,0.4166666666666667,1.0,-0.5833333333333333,1
2026-04-25,Rajasthan Royals,Sunrisers Hyderabad,Sunrisers Hyderabad,1,0.5042372881355932,0.4898989898989899,0.01433829823660332,0.6,0.6,0.0,0.4090909090909091,0.5909090909090909,-0.18181818181818182,0,1,Sunrisers Hyderabad,field,"Sawai Mansingh Stadium, Jaipur",Jaipur,0.4,1.0,-0.6,0.6129032258064516,0.5,0.11290322580645162,0
2026-04-26,Chennai Super Kings,Gujarat Titans,Gujarat Titans,1,0.5642023346303502,0.5970149253731343,-0.03281259074278409,0.6,0.6,0.0,0.5,0.5,0.0,0,1,Gujarat Titans,field,"MA Chidambaram Stadium, Chepauk, Chennai",Chennai,0.5416666666666666,0.0,0.5416666666666666,0.6708860759493671,0.0,0.6708860759493671,0
2026-04-27,Delhi Capitals,Royal Challengers Bengaluru,Royal Challengers Bengaluru,1,0.5046728971962616,0.6216216216216216,-0.11694872442535997,0.2,0.6,-0.39999999999999997,0.5,0.5,0.0,0,1,Royal Challengers Bengaluru,field,"Arun Jaitley Stadium, Delhi",Delhi,0.3684210526315789,1.0,-0.631578947368421,0.4,1.0,-0.6,0
2026-04-28,Punjab Kings,Rajasthan Royals,Rajasthan Royals,1,0.5128205128205128,0.5021097046413502,0.01071080817916259,1.0,0.4,0.6,0.4444444444444444,0.5555555555555556,-0.11111111111111116,0,1,Rajasthan Royals,field,"Maharaja Yadavindra Singh International Cricket Stadium, New Chandigarh",New Chandigarh,1.0,0.5,0.5,0.75,0.5,0.25,0
2026-04-29,Mumbai Indians,Sunrisers Hyderabad,Sunrisers Hyderabad,1,0.5464285714285714,0.49246231155778897,0.05396625987078241,0.2,0.8,-0.6000000000000001,0.5833333333333334,0.4166666666666667,0.16666666666666669,1,1,Mumbai Indians,bat,"Wankhede Stadium, Mumbai",Mumbai,0.5517241379310345,0.14285714285714285,0.4088669950738916,0.6052631578947368,0.38095238095238093,0.2243107769423559,1
2026-04-30,Royal Challengers Bengaluru,Gujarat Titans,Gujarat Titans,1,0.631578947368421,0.6029411764705882,0.028637770897832815,0.8,0.6,0.20000000000000007,0.75,0.25,0.5,0,1,Gujarat Titans,field,"Narendra Modi Stadium, Ahmedabad",Ahmedabad,0.6666666666666666,0.5384615384615384,0.1282051282051282,0.6666666666666666,0.5384615384615384,0.1282051282051282,0
2026-05-01,Rajasthan Royals,Delhi Capitals,Delhi Capitals,1,0.5042016806722689,0.5,0.004201680672268893,0.4,0.2,0.2,0.36363636363636365,0.6363636363636364,-0.2727272727272727,1,1,Rajasthan Royals,bat,"Sawai Mansingh Stadium, Jaipur",Jaipur,0.375,0.5,-0.125,0.6031746031746031,0.6666666666666666,-0.06349206349206349,1
2026-05-02,Mumbai Indians,Chennai Super Kings,Chennai Super Kings,1,0.5444839857651246,0.562015503875969,-0.017531518110844413,0.2,0.6,-0.39999999999999997,0.525,0.475,0.050000000000000044,1,1,Mumbai Indians,bat,"MA Chidambaram Stadium, Chepauk, Chennai",Chennai,0.375,0.52,-0.14500000000000002,0.5,0.6625,-0.16249999999999998,1
2026-05-03,Sunrisers Hyderabad,Kolkata Knight Riders,Kolkata Knight Riders,1,0.495,0.5132075471698113,-0.018207547169811322,1.0,0.2,0.8,0.36666666666666664,0.6333333333333333,-0.26666666666666666,1,1,Sunrisers Hyderabad,bat,"Rajiv Gandhi International Stadium, Uppal, Hyderabad",Hyderabad,0.5,1.0,-0.5,0.6153846153846154,0.6666666666666666,-0.05128205128205121,1
2026-05-03,Punjab Kings,Gujarat Titans,Gujarat Titans,1,0.5063291139240507,0.6086956521739131,-0.10236653824986242,0.8,0.6,0.20000000000000007,0.5714285714285714,0.42857142857142855,0.14285714285714285,0,1,Gujarat Titans,field,"Narendra Modi Stadium, Ahmedabad",Ahmedabad,0.5714285714285714,0.5555555555555556,0.015873015873015817,0.5714285714285714,0.5555555555555556,0.015873015873015817,0
2026-05-04,Lucknow Super Giants,Mumbai Indians,Mumbai Indians,1,0.5,0.5425531914893617,-0.04255319148936165,0.2,0.2,0.0,0.75,0.25,0.5,0,1,Mumbai Indians,field,"Wankhede Stadium, Mumbai",Mumbai,0.5,0.5333333333333333,-0.033333333333333326,0.5833333333333334,0.6,-0.016666666666666607,0
2026-05-05,Delhi Capitals,Chennai Super Kings,Chennai Super Kings,1,0.5045871559633027,0.5637065637065637,-0.059119407743260965,0.4,0.6,-0.19999999999999996,0.42857142857142855,0.5714285714285714,-0.14285714285714285,1,1,Delhi Capitals,bat,"Arun Jaitley Stadium, Delhi",Delhi,0.35,0.5,-0.15000000000000002,0.38461538461538464,0.6666666666666666,-0.282051282051282,1
2026-05-06,Sunrisers Hyderabad,Punjab Kings,Sunrisers Hyderabad,0,0.4925373134328358,0.5,-0.007462686567164201,0.8,0.6,0.20000000000000007,0.6666666666666666,0.3333333333333333,0.3333333333333333,0,1,Punjab Kings,field,"Rajiv Gandhi International Stadium, Uppal, Hyderabad",Hyderabad,0.4782608695652174,0.0,0.4782608695652174,0.6060606060606061,0.0,0.6060606060606061,0
2026-05-07,Lucknow Super Giants,Royal Challengers Bengaluru,Lucknow Super Giants,0,0.49230769230769234,0.6153846153846154,-0.12307692307692308,0.0,0.6,-0.6,0.3333333333333333,0.6666666666666666,-0.3333333333333333,0,1,Royal Challengers Bengaluru,field,"Bharat Ratna Shri Atal Bihari Vajpayee Ekana Cricket Stadium, Lucknow",Lucknow,0.391304347826087,0.5,-0.10869565217391303,0.391304347826087,0.5,-0.10869565217391303,0
2026-05-08,Delhi Capitals,Kolkata Knight Riders,Kolkata Knight Riders,1,0.5,0.5150375939849624,-0.015037593984962405,0.2,0.4,-0.2,0.5,0.5,0.0,0,1,Kolkata Knight Riders,field,"Arun Jaitley Stadium, Delhi",Delhi,0.3333333333333333,0.3333333333333333,0.0,0.37037037037037035,0.5,-0.12962962962962965,0
2026-05-09,Gujarat Titans,Rajasthan Royals,Gujarat Titans,0,0.6142857142857143,0.502092050209205,0.11219366407650933,0.6,0.4,0.19999999999999996,0.6666666666666666,0.3333333333333333,0.3333333333333333,0,1,Rajasthan Royals,field,"Sawai Mansingh Stadium, Jaipur",Jaipur,0.6666666666666666,0.35294117647058826,0.31372549019607837,0.6666666666666666,0.59375,0.07291666666666663,0
2026-05-10,Mumbai Indians,Royal Challengers Bengaluru,Royal Challengers Bengaluru,1,0.5441696113074205,0.6,-0.0558303886925795,0.4,0.4,0.0,0.3333333333333333,0.6666666666666666,-0.3333333333333333,0,1,Royal Challengers Bengaluru,field,"Shaheed Veer Narayan Singh International Stadium, Raipur",Raipur,0.5,0.5,0.0,0.5,0.5,0.0,0
2026-05-10,Lucknow Super Giants,Chennai Super Kings,Chennai Super Kings,1,0.5,0.5653846153846154,-0.06538461538461537,0.2,0.6,-0.39999999999999997,0.6,0.4,0.19999999999999996,0,1,Chennai Super Kings,field,"MA Chidambaram Stadium, Chepauk, Chennai",Chennai,0.3333333333333333,0.5384615384615384,-0.20512820512820512,0.3333333333333333,0.6666666666666666,-0.3333333333333333,0
2026-05-11,Punjab Kings,Delhi Capitals,Delhi Capitals,1,0.49382716049382713,0.4954954954954955,-0.001668335001668353,0.4,0.2,0.2,0.3333333333333333,0.6666666666666666,-0.3333333333333333,0,1,Delhi Capitals,field,"Himachal Pradesh Cricket Association Stadium, Dharamsala",Dharamsala,0.2,1.0,-0.8,0.2,1.0,-0.8,0
2026-05-12,Gujarat Titans,Sunrisers Hyderabad,Gujarat Titans,0,0.6197183098591549,0.49504950495049505,0.12466880490865984,0.8,0.8,0.0,0.8333333333333334,0.16666666666666666,0.6666666666666667,0,1,Sunrisers Hyderabad,field,"Narendra Modi Stadium, Ahmedabad",Ahmedabad,0.5714285714285714,0.0,0.5714285714285714,0.5714285714285714,0.2,0.3714285714285714,0
2026-05-13,Kolkata Knight Riders,Royal Challengers Bengaluru,Royal Challengers Bengaluru,1,0.5168539325842697,0.6097560975609756,-0.09290216497670589,0.6,0.6,0.0,0.6666666666666666,0.3333333333333333,0.3333333333333333,0,1,Royal Challengers Bengaluru,field,"Shaheed Veer Narayan Singh International Stadium, Raipur",Raipur,0.5,1.0,-0.5,0.0,1.0,-1.0,0
2026-05-14,Punjab Kings,Mumbai Indians,Mumbai Indians,1,0.4878048780487805,0.5422535211267606,-0.05444864307798014,0.2,0.2,0.0,0.6666666666666666,0.3333333333333333,0.3333333333333333,0,1,Mumbai Indians,field,"Himachal Pradesh Cricket Association Stadium, Dharamsala",Dharamsala,0.16666666666666666,0.5,-0.33333333333333337,0.16666666666666666,0.0,0.16666666666666666,0
2026-05-15,Chennai Super Kings,Lucknow Super Giants,Lucknow Super Giants,1,0.5670498084291188,0.4925373134328358,0.07451249499628299,0.8,0.2,0.6000000000000001,0.5,0.5,0.0,0,1,Lucknow Super Giants,field,"Bharat Ratna Shri Atal Bihari Vajpayee Ekana Cricket Stadium, Lucknow",Lucknow,0.5,0.4166666666666667,0.08333333333333331,0.5,0.4166666666666667,0.08333333333333331,0
2026-05-16,Kolkata Knight Riders,Gujarat Titans,Kolkata Knight Riders,0,0.5149253731343284,0.625,-0.1100746268656716,0.6,1.0,-0.4,0.2,0.8,-0.6000000000000001,0,1,Gujarat Titans,field,"Eden Gardens, Kolkata",Kolkata,0.43478260869565216,1.0,-0.5652173913043479,0.5670103092783505,1.0,-0.4329896907216495,0
2026-05-17,Royal Challengers Bengaluru,Punjab Kings,Royal Challengers Bengaluru,0,0.6190476190476191,0.4819277108433735,0.13711990820424558,0.6,0.0,0.6,0.8333333333333334,0.16666666666666666,0.6666666666666667,0,1,Punjab Kings,field,"Himachal Pradesh Cricket Association Stadium, Dharamsala",Dharamsala,1.0,0.14285714285714285,0.8571428571428572,1.0,0.14285714285714285,0.8571428571428572,0
2026-05-17,Rajasthan Royals,Delhi Capitals,Delhi Capitals,1,0.5,0.5,0.0,0.4,0.4,0.0,0.3333333333333333,0.6666666666666666,-0.3333333333333333,0,1,Delhi Capitals,field,"Arun Jaitley Stadium, Delhi",Delhi,0.5,0.3181818181818182,0.18181818181818182,0.46153846153846156,0.35714285714285715,0.10439560439560441,0
2026-05-18,Chennai Super Kings,Sunrisers Hyderabad,Sunrisers Hyderabad,1,0.5648854961832062,0.49261083743842365,0.0722746587447825,0.6,0.6,0.0,0.6521739130434783,0.34782608695652173,0.30434782608695654,1,1,Chennai Super Kings,bat,"MA Chidambaram Stadium, Chepauk, Chennai",Chennai,0.5555555555555556,0.3333333333333333,0.22222222222222227,0.6707317073170732,0.25,0.4207317073170732,1
2026-05-19,Lucknow Super Giants,Rajasthan Royals,Rajasthan Royals,1,0.5,0.4979253112033195,0.0020746887966804906,0.4,0.2,0.2,0.2857142857142857,0.7142857142857143,-0.4285714285714286,0,1,Rajasthan Royals,field,"Sawai Mansingh Stadium, Jaipur",Jaipur,0.6666666666666666,0.3333333333333333,0.3333333333333333,0.6666666666666666,0.5846153846153846,0.08205128205128198,0
2026-05-20,Mumbai Indians,Kolkata Knight Riders,Kolkata Knight Riders,1,0.543859649122807,0.516728624535316,0.02713102458749106,0.4,0.8,-0.4,0.6944444444444444,0.3055555555555556,0.38888888888888884,0,1,Kolkata Knight Riders,field,"Eden Gardens, Kolkata",Kolkata,0.0,0.4583333333333333,-0.4583333333333333,0.7142857142857143,0.5714285714285714,0.1428571428571429,0
2026-05-21,Gujarat Titans,Chennai Super Kings,Gujarat Titans,0,0.6164383561643836,0.5627376425855514,0.053700713578832215,0.8,0.6,0.20000000000000007,0.5555555555555556,0.4444444444444444,0.11111111111111116,0,1,Chennai Super Kings,field,"Narendra Modi Stadium, Ahmedabad",Ahmedabad,0.5862068965517241,0.5,0.08620689655172409,0.5862068965517241,0.3333333333333333,0.2528735632183908,0
2026-05-22,Sunrisers Hyderabad,Royal Challengers Bengaluru,Sunrisers Hyderabad,0,0.4950980392156863,0.627906976744186,-0.13280893752849976,0.6,0.6,0.0,0.5,0.5,0.0,1,1,Sunrisers Hyderabad,bat,"Rajiv Gandhi International Stadium, Uppal, Hyderabad",Hyderabad,0.5,1.0,-0.5,0.6119402985074627,1.0,-0.3880597014925373,1
2026-05-23,Lucknow Super Giants,Punjab Kings,Punjab Kings,1,0.4927536231884058,0.47619047619047616,0.016563146997929656,0.4,0.0,0.4,0.42857142857142855,0.5714285714285714,-0.14285714285714285,0,1,Punjab Kings,field,"Bharat Ratna Shri Atal Bihari Vajpayee Ekana Cricket Stadium, Lucknow",Lucknow,0.44,0.6666666666666666,-0.22666666666666663,0.44,0.6666666666666666,-0.22666666666666663,0
2026-05-24,Rajasthan Royals,Mumbai Indians,Rajasthan Royals,0,0.5,0.541958041958042,-0.04195804195804198,0.4,0.4,0.0,0.4838709677419355,0.5161290322580645,-0.032258064516129004,0,1,Mumbai Indians,field,"Wankhede Stadium, Mumbai",Mumbai,0.5,0.5483870967741935,-0.048387096774193505,0.5483870967741935,0.603448275862069,-0.055061179087875445,0
2026-05-24,Delhi Capitals,Kolkata Knight Riders,Delhi Capitals,0,0.504424778761062,0.5185185185185185,-0.014093739757456536,0.6,0.8,-0.20000000000000007,0.46153846153846156,0.5384615384615384,-0.07692307692307687,0,1,Kolkata Knight Riders,field,"Eden Gardens, Kolkata",Kolkata,0.0,0.48,-0.48,0.5,0.5757575757575758,-0.0757575757575758,0
2026-05-26,Royal Challengers Bengaluru,Gujarat Titans,Royal Challengers Bengaluru,0,0.6136363636363636,0.6216216216216216,-0.007985257985257954,0.6,0.8,-0.20000000000000007,0.6,0.4,0.19999999999999996,0,1,Gujarat Titans,field,"Himachal Pradesh Cricket Association Stadium, Dharamsala",Dharamsala,1.0,0.5,0.5,1.0,0.5,0.5,0
2026-05-27,Rajasthan Royals,Sunrisers Hyderabad,Rajasthan Royals,0,0.5020576131687243,0.4975609756097561,0.004496637558968231,0.4,0.6,-0.19999999999999996,0.391304347826087,0.6086956521739131,-0.2173913043478261,0,1,Sunrisers Hyderabad,field,"Maharaja Yadavindra Singh International Cricket Stadium, New Chandigarh",New Chandigarh,1.0,0.0,1.0,1.0,0.0,1.0,0
2026-05-29,Rajasthan Royals,Gujarat Titans,Gujarat Titans,1,0.5040983606557377,0.6133333333333333,-0.10923497267759563,0.6,0.6,0.0,0.3,0.7,-0.39999999999999997,1,1,Rajasthan Royals,bat,"Maharaja Yadavindra Singh International Cricket Stadium, New Chandigarh",New Chandigarh,1.0,0.0,1.0,1.0,0.0,1.0,1
2026-05-31,Gujarat Titans,Royal Challengers Bengaluru,Royal Challengers Bengaluru,1,0.618421052631579,0.6222222222222222,-0.0038011695906432497,0.6,0.8,-0.20000000000000007,0.3333333333333333,0.6666666666666666,-0.3333333333333333,0,1,Royal Challengers Bengaluru,field,"Narendra Modi Stadium, Ahmedabad",Ahmedabad,0.6,0.5,0.09999999999999998,0.6,0.5,0.09999999999999998,0
